id,code,code_2,bar_code,description,notes,model,provider,provider_code,provider_order,provider_order_code,list,cost,price,discounted_price,vat,um,category,webgallery,measures,lenght,wide,height,volume,unit_weight,unit_net_weight,package_weight,size,diameter,capacity,availability_notes,expire_date,updated_date,art_area_code,art_area,art_category_code,art_category,art_subcategory_code,art_subcategory,style,features,images,lol,test,ciaone
4986,20907471,0,8051836126978,"tavolo cm.200x90",POLVEND1,WOODEN,"ANDREA BIZZOTTO SPA",BIZZ04,"ANDREA BIZZOTTO SPA",BIZZ04,573.35.00,288.8,573.35.00,573.35.00,22,,Stock,1,,0,0,0,0,0,0,0,,0,0,,3000-12-30T00:00:00,2023-04-17T16:36:46.823,1,SOGGIORNI,41,"Tavoli Fissi",,,FUSION,,Array,ciao,resr,okee
9642,22457998,88,96423,"cucina web codice da non usare",POLVEND3,CELINE,"AXIS CUCINE SRL",AXIS01,"AXIS CUCINE SRL",AXIS01,245.9,100,245.9,245.9,22,,Riferimento,1,,0,0,0,0,0,0,0,,0,0,,3000-12-31T00:00:00,2023-04-18T10:08:21.02,4,CUCINE,17,"Composizioni fisse",,,BASIC,,Array,ciao,resr,okee
9646,22484840,88,96461,"02 cucina web codice da non usare",POLVEND3,CELINE_02,"AXIS CUCINE SRL",AXIS01,"AXIS CUCINE SRL",AXIS01,245.9,100,245.9,245.9,22,,Riferimento,1,,0,0,0,0,0,0,0,,0,0,,3000-12-31T00:00:00,2023-04-18T10:08:21.037,4,CUCINE,17,"Composizioni fisse",,,BASIC,,Array,ciao,resr,okee
9647,22484857,88,96478,"03 cucina web codice da non usare",POLVEND3,CELINE_03,"AXIS CUCINE SRL",AXIS01,"AXIS CUCINE SRL",AXIS01,245.9,100,245.9,245.9,22,,Riferimento,1,,0,0,0,0,0,0,0,,0,0,,3000-12-31T00:00:00,2023-04-18T10:08:21.053,4,CUCINE,17,"Composizioni fisse",,,BASIC,,Array,ciao,resr,okee
9648,22484864,88,96485,"04 cucina web codice da non usare",POLVEND3,CELINE_04,"AXIS CUCINE SRL",AXIS01,"AXIS CUCINE SRL",AXIS01,245.9,100,245.9,245.9,22,,Riferimento,1,,0,0,0,0,0,0,0,,0,0,,3000-12-31T00:00:00,2023-04-18T10:08:21.053,4,CUCINE,17,"Composizioni fisse",,,BASIC,,Array,ciao,resr,okee
9649,22484871,88,96492,"05 cucina web codice da non usare",POLVEND3,CELINE_05,"AXIS CUCINE SRL",AXIS01,"AXIS CUCINE SRL",AXIS01,245.9,100,245.9,245.9,22,,Riferimento,1,,0,0,0,0,0,0,0,,0,0,,3000-12-31T00:00:00,2023-04-18T10:08:21.07,4,CUCINE,17,"Composizioni fisse",,,BASIC,,Array,ciao,resr,okee
9657,22458018,88,96577,"cucina web codice da non usare",POLVEND3,CLAIRE,"AXIS CUCINE SRL",AXIS01,"AXIS CUCINE SRL",AXIS01,245.9,100,245.9,245.9,22,,Riferimento,1,,0,0,0,0,0,0,0,,0,0,,3000-12-31T00:00:00,2023-04-18T10:08:22.74,4,CUCINE,17,"Composizioni fisse",,,BASIC,,Array,ciao,resr,okee
9669,22484895,88,96690,"02 cucina web codice da non usare",POLVEND3,CLAIRE_02,"AXIS CUCINE SRL",AXIS01,"AXIS CUCINE SRL",AXIS01,245.9,100,245.9,245.9,22,,Riferimento,1,,0,0,0,0,0,0,0,,0,0,,3000-12-31T00:00:00,2023-04-18T10:08:22.927,4,CUCINE,17,"Composizioni fisse",,,BASIC,,Array,ciao,resr,okee
9670,22484901,88,96706,"03  cucina web codice da non usare",POLVEND3,CLAIRE_03,"AXIS CUCINE SRL",AXIS01,"AXIS CUCINE SRL",AXIS01,245.9,100,245.9,245.9,22,,Riferimento,1,,0,0,0,0,0,0,0,,0,0,,3000-12-31T00:00:00,2023-04-18T10:08:22.927,4,CUCINE,17,"Composizioni fisse",,,BASIC,,Array,ciao,resr,okee
9671,22484918,88,96713,"04 cucina web codice da non usare",POLVEND3,CLAIRE_04,"AXIS CUCINE SRL",AXIS01,"AXIS CUCINE SRL",AXIS01,245.9,100,245.9,245.9,22,,Riferimento,1,,0,0,0,0,0,0,0,,0,0,,3000-12-31T00:00:00,2023-04-18T10:08:22.943,4,CUCINE,17,"Composizioni fisse",,,BASIC,,Array,ciao,resr,okee
9672,22484925,88,96720,"05 cucina web codice da non usare",POLVEND3,CLAIRE_05,"AXIS CUCINE SRL",AXIS01,"AXIS CUCINE SRL",AXIS01,245.9,100,245.9,245.9,22,,Riferimento,1,,0,0,0,0,0,0,0,,0,0,,3000-12-31T00:00:00,2023-04-18T10:08:22.943,4,CUCINE,17,"Composizioni fisse",,,BASIC,,Array,ciao,resr,okee
9673,22484932,88,96737,"06 cucina web codice da non usare",POLVEND3,CLAIRE_06,"AXIS CUCINE SRL",AXIS01,"AXIS CUCINE SRL",AXIS01,245.9,100,245.9,245.9,22,,Riferimento,1,,0,0,0,0,0,0,0,,0,0,,3000-12-31T00:00:00,2023-04-18T10:08:22.943,4,CUCINE,17,"Composizioni fisse",,,BASIC,,Array,ciao,resr,okee
9694,22458001,88,96942,"cucina web codice da non usare",POLVEND3,GRACE,"AXIS CUCINE SRL",AXIS01,"AXIS CUCINE SRL",AXIS01,245.9,100,245.9,245.9,22,,Riferimento,1,,0,0,0,0,0,0,0,,0,0,,3000-12-31T00:00:00,2023-04-18T10:08:23.07,4,CUCINE,17,"Composizioni fisse",,,BASIC,,Array,ciao,resr,okee
9700,22484888,88,97000,"02 cucina web codice da non usare",POLVEND3,GRACE_02,"AXIS CUCINE SRL",AXIS01,"AXIS CUCINE SRL",AXIS01,245.9,100,245.9,245.9,22,,Riferimento,1,,0,0,0,0,0,0,0,,0,0,,3000-12-31T00:00:00,2023-04-18T10:08:23.1,4,CUCINE,17,"Composizioni fisse",,,BASIC,,Array,ciao,resr,okee
9718,22194510,88,97185,"web divano letto angolare c/penisola dx+contenitore l244x166 h88 marrone",POLVEND3,TOM,"COTTA COLLECTION AG",MCAA01,"COTTA COLLECTION AG",MCAA01,1138.52.00,578.16.00,1138.52.00,1138.52.00,22,,Riferimento,1,,0,0,0,0,0,0,0,,0,0,,3000-12-31T00:00:00,2023-04-18T11:11:10.337,2,"DIVANI E POLTRONE",13,"Divani modulari",,,BASIC,,Array,ciao,resr,okee
9719,22194572,88,97192,"web divano letto angolare c/penisola sx+contenitore l244x166 h88 grigio chiaro",POLVEND3,TOM,"COTTA COLLECTION AG",MCAA01,"COTTA COLLECTION AG",MCAA01,1138.52.00,578.16.00,1138.52.00,1138.52.00,22,,Riferimento,1,,0,0,0,0,0,0,0,,0,0,,3000-12-31T00:00:00,2023-04-18T11:11:10.353,2,"DIVANI E POLTRONE",13,"Divani modulari",,,BASIC,,Array,ciao,resr,okee
9720,22194602,88,97208,"web divano letto angolare c/penisola sx+contenitore l244x166 h88 giallo",POLVEND3,TOM,"COTTA COLLECTION AG",MCAA01,"COTTA COLLECTION AG",MCAA01,1138.52.00,578.16.00,1138.52.00,1138.52.00,22,,Riferimento,1,,0,0,0,0,0,0,0,,0,0,,3000-12-31T00:00:00,2023-04-18T11:11:10.353,2,"DIVANI E POLTRONE",13,"Divani modulari",,,BASIC,,Array,ciao,resr,okee
9721,22194619,88,97215,"web divano letto angolare c/penisola sx+contenitore l244x166 h88 rosso",POLVEND3,TOM,"COTTA COLLECTION AG",MCAA01,"COTTA COLLECTION AG",MCAA01,1138.52.00,578.16.00,1138.52.00,1138.52.00,22,,Riferimento,1,,0,0,0,0,0,0,0,,0,0,,3000-12-31T00:00:00,2023-04-18T11:11:10.37,2,"DIVANI E POLTRONE",13,"Divani modulari",,,BASIC,,Array,ciao,resr,okee
9722,22442772,88,97222,"x web divanoc/penisola  dx/letto  e contenitore 226x169xh74/92 marron",POLVEND3,SAND,"COTTA COLLECTION AG",MCAA01,"COTTA COLLECTION AG",MCAA01,1057.38.00,551.43.00,1057.38.00,1057.38.00,22,,Riferimento,1,,0,0,0,0,0,0,0,,0,0,,3000-12-31T00:00:00,2023-04-18T11:11:10.383,2,"DIVANI E POLTRONE",14,"Divani letto",,,BASIC,,Array,ciao,resr,okee
9723,22442796,88,97239,"x web divanoc/penisola  sx/letto  e contenitore 226x169xh74/92 grigio",POLVEND3,SAND,"COTTA COLLECTION AG",MCAA01,"COTTA COLLECTION AG",MCAA01,1057.38.00,551.43.00,1057.38.00,1057.38.00,22,,Riferimento,1,,0,0,0,0,0,0,0,,0,0,,3000-12-31T00:00:00,2023-04-18T11:11:10.4,2,"DIVANI E POLTRONE",14,"Divani letto",,,BASIC,,Array,ciao,resr,okee
9724,22442802,88,97246,"x web divanoc/penisola  sx/letto  e contenitore 226x169xh74/93 bianco",POLVEND3,SAND,"COTTA COLLECTION AG",MCAA01,"COTTA COLLECTION AG",MCAA01,1057.38.00,551.43.00,1057.38.00,1057.38.00,22,,Riferimento,1,,0,0,0,0,0,0,0,,0,0,,3000-12-31T00:00:00,2023-04-18T11:11:10.4,2,"DIVANI E POLTRONE",14,"Divani letto",,,BASIC,,Array,ciao,resr,okee
9725,22442949,88,97253,"x web divano angolare sxc/letto  e contenitore 242x207xh74/92 grigio",POLVEND3,SAND,"COTTA COLLECTION AG",MCAA01,"COTTA COLLECTION AG",MCAA01,1270.49.00,644.49.00,1270.49.00,1270.49.00,22,,Riferimento,1,,0,0,0,0,0,0,0,,0,0,,3000-12-31T00:00:00,2023-04-18T11:11:10.417,2,"DIVANI E POLTRONE",14,"Divani letto",,,BASIC,,Array,ciao,resr,okee
9726,22492661,88,97260,"x web d angolare sx c/letto e c/term 249x207xh72/88 light grey",POLVEND3,MALI,"COTTA COLLECTION AG",MCAA01,"COTTA COLLECTION AG",MCAA01,1221.31.00,629.05.00,1221.31.00,1221.31.00,22,,Riferimento,1,,0,0,0,0,0,0,0,,0,0,,3000-12-31T00:00:00,2023-04-18T11:11:10.417,2,"DIVANI E POLTRONE",14,"Divani letto",,,BASIC,,Array,ciao,resr,okee
9727,22492685,88,97277,"x web d angolare sx c/letto e c/term 249x207xh72/88 dark brown",POLVEND3,MALI,"COTTA COLLECTION AG",MCAA01,"COTTA COLLECTION AG",MCAA01,1221.31.00,629.05.00,1221.31.00,1221.31.00,22,,Riferimento,1,,0,0,0,0,0,0,0,,0,0,,3000-12-31T00:00:00,2023-04-18T11:11:10.43,2,"DIVANI E POLTRONE",14,"Divani letto",,,BASIC,,Array,ciao,resr,okee
9728,22492876,88,97284,"x web d angolare dx c/letto contenitore ter 256x208x74/93 anthracite",POLVEND3,SHINE,"COTTA COLLECTION AG",MCAA01,"COTTA COLLECTION AG",MCAA01,1221.31.00,673.2,1221.31.00,1221.31.00,22,,Riferimento,1,,0,0,0,0,0,0,0,,0,0,,3000-12-31T00:00:00,2023-04-18T11:11:10.447,2,"DIVANI E POLTRONE",14,"Divani letto",,,BASIC,,Array,ciao,resr,okee
9729,22493002,88,97291,"x web divano c/penisola dx/letto e contenitore 254x167x74/93 azure",POLVEND3,SHINE,"COTTA COLLECTION AG",MCAA01,"COTTA COLLECTION AG",MCAA01,1187.7,638.55.00,1187.7,1187.7,22,,Riferimento,1,,0,0,0,0,0,0,0,,0,0,,3000-12-31T00:00:00,2023-04-18T11:11:10.447,2,"DIVANI E POLTRONE",14,"Divani letto",,,BASIC,,Array,ciao,resr,okee
9730,22493033,88,97307,"x web divano c/penisola dx/letto e contenitore 254x167x74/93 anthracite",POLVEND3,SHINE,"COTTA COLLECTION AG",MCAA01,"COTTA COLLECTION AG",MCAA01,1187.7,638.55.00,1187.7,1187.7,22,,Riferimento,1,,0,0,0,0,0,0,0,,0,0,,3000-12-31T00:00:00,2023-04-18T11:11:10.463,2,"DIVANI E POLTRONE",14,"Divani letto",,,BASIC,,Array,ciao,resr,okee
9731,22493057,88,97314,"x web divano c/penisola dx/letto e contenitore 254x167x74/93 light grey",POLVEND3,SHINE,"COTTA COLLECTION AG",MCAA01,"COTTA COLLECTION AG",MCAA01,1187.7,638.55.00,1187.7,1187.7,22,,Riferimento,1,,0,0,0,0,0,0,0,,0,0,,3000-12-31T00:00:00,2023-04-18T11:11:10.477,2,"DIVANI E POLTRONE",14,"Divani letto",,,BASIC,,Array,ciao,resr,okee
9732,22493149,88,97321,"x web divano c/penisola sx/letto e contenitore 254x167x74/93 mustard",POLVEND3,SHINE,"COTTA COLLECTION AG",MCAA01,"COTTA COLLECTION AG",MCAA01,1187.7,638.55.00,1187.7,1187.7,22,,Riferimento,1,,0,0,0,0,0,0,0,,0,0,,3000-12-31T00:00:00,2023-04-18T11:11:10.477,2,"DIVANI E POLTRONE",14,"Divani letto",,,BASIC,,Array,ciao,resr,okee
9733,22493156,88,97338,"x web divano c/penisola sx/letto e contenitore 254x167x74/93 olive",POLVEND3,SHINE,"COTTA COLLECTION AG",MCAA01,"COTTA COLLECTION AG",MCAA01,1187.7,638.55.00,1187.7,1187.7,22,,Riferimento,1,,0,0,0,0,0,0,0,,0,0,,3000-12-31T00:00:00,2023-04-18T11:11:10.493,2,"DIVANI E POLTRONE",14,"Divani letto",,,BASIC,,Array,ciao,resr,okee
9734,22493163,88,97345,"x web divano angolare dx 285x171xh75/90 savannah",POLVEND3,SILVER,"COTTA COLLECTION AG",MCAA01,"COTTA COLLECTION AG",MCAA01,1270.07.00,650.43.00,1270.07.00,1270.07.00,22,,Riferimento,1,,0,0,0,0,0,0,0,,0,0,,3000-12-31T00:00:00,2023-04-18T11:11:10.493,2,"DIVANI E POLTRONE",13,"Divani modulari",,,BASIC,,Array,ciao,resr,okee
9735,22493194,88,97352,"x web divano angolare dx 285x171xh75/90 light brown",POLVEND3,SILVER,"COTTA COLLECTION AG",MCAA01,"COTTA COLLECTION AG",MCAA01,1270.07.00,650.43.00,1270.07.00,1270.07.00,22,,Riferimento,1,,0,0,0,0,0,0,0,,0,0,,3000-12-31T00:00:00,2023-04-18T11:11:10.51,2,"DIVANI E POLTRONE",13,"Divani modulari",,,BASIC,,Array,ciao,resr,okee
9736,22493828,88,97369,"x web divano angolare dx c/letto 262x228xh73/90 black",POLVEND3,SONNY,"COTTA COLLECTION AG",MCAA01,"COTTA COLLECTION AG",MCAA01,1221.31.00,639.54.00,1221.31.00,1221.31.00,22,,Riferimento,1,,0,0,0,0,0,0,0,,0,0,,3000-12-31T00:00:00,2023-04-18T11:11:10.51,2,"DIVANI E POLTRONE",13,"Divani modulari",,,BASIC,,Array,ciao,resr,okee
9737,22493996,88,97376,"x web divano c/penisola dx/letto e contenitore 268x169h92 argent",POLVEND3,TAXI,"COTTA COLLECTION AG",MCAA01,"COTTA COLLECTION AG",MCAA01,1139.34.00,584.1,1139.34.00,1139.34.00,22,,Riferimento,1,,0,0,0,0,0,0,0,,0,0,,3000-12-31T00:00:00,2023-04-18T11:11:10.527,2,"DIVANI E POLTRONE",14,"Divani letto",,,BASIC,,Array,ciao,resr,okee
9738,22494061,88,97383,"x web divano angolare dx 263x170x91h c/reclain eletto light grey",POLVEND3,TOPIC,"COTTA COLLECTION AG",MCAA01,"COTTA COLLECTION AG",MCAA01,1467.21.00,771.21.00,1467.21.00,1467.21.00,22,,Riferimento,1,,0,0,0,0,0,0,0,,0,0,,3000-12-31T00:00:00,2023-04-18T11:11:10.527,2,"DIVANI E POLTRONE",13,"Divani modulari",,,BASIC,,Array,ciao,resr,okee
9739,22494078,88,97390,"x web divano angolare dx 263x170x91h c/reclain eletto mustard",POLVEND3,TOPIC,"COTTA COLLECTION AG",MCAA01,"COTTA COLLECTION AG",MCAA01,1467.21.00,771.21.00,1467.21.00,1467.21.00,22,,Riferimento,1,,0,0,0,0,0,0,0,,0,0,,3000-12-31T00:00:00,2023-04-18T11:11:10.54,2,"DIVANI E POLTRONE",13,"Divani modulari",,,BASIC,,Array,ciao,resr,okee
9740,22494092,88,97406,"x web divano angolare dx 263x170x91h c/reclain eletto liver",POLVEND3,TOPIC,"COTTA COLLECTION AG",MCAA01,"COTTA COLLECTION AG",MCAA01,1467.21.00,771.21.00,1467.21.00,1467.21.00,22,,Riferimento,1,,0,0,0,0,0,0,0,,0,0,,3000-12-31T00:00:00,2023-04-18T11:11:10.54,2,"DIVANI E POLTRONE",13,"Divani modulari",,,BASIC,,Array,ciao,resr,okee
9753,22194541,88,97536,"web divano letto angolare c/penisola dx+contenitore l244x166 h88 rosso",POLVEND3,TOM,"COTTA COLLECTION AG",MCAA01,"COTTA COLLECTION AG",MCAA01,1138.52.00,578.16.00,1138.52.00,1138.52.00,22,,Riferimento,1,,0,0,0,0,0,0,0,,0,0,,3000-12-31T00:00:00,2023-04-18T11:11:10.633,2,"DIVANI E POLTRONE",13,"Divani modulari",,,BASIC,,Array,ciao,resr,okee
9754,22194596,88,97543,"web divano letto angolare c/penisola sx+contenitore l244x166 h88 tortora",POLVEND3,TOM,"COTTA COLLECTION AG",MCAA01,"COTTA COLLECTION AG",MCAA01,1138.52.00,578.16.00,1138.52.00,1138.52.00,22,,Riferimento,1,,0,0,0,0,0,0,0,,0,0,,3000-12-31T00:00:00,2023-04-18T11:11:10.633,2,"DIVANI E POLTRONE",13,"Divani modulari",,,BASIC,,Array,ciao,resr,okee
9755,22492623,88,97550,"x web d angolare dx c/letto e c/term 249x207xh72/88 dark brown",POLVEND3,MALI,"COTTA COLLECTION AG",MCAA01,"COTTA COLLECTION AG",MCAA01,1221.31.00,629.05.00,1221.31.00,1221.31.00,22,,Riferimento,1,,0,0,0,0,0,0,0,,0,0,,3000-12-31T00:00:00,2023-04-18T11:11:10.633,2,"DIVANI E POLTRONE",14,"Divani letto",,,BASIC,,Array,ciao,resr,okee
9756,22492708,88,97567,"x web d angolare sx c/letto e c/term 249x207xh72/88 dark grey",POLVEND3,MALI,"COTTA COLLECTION AG",MCAA01,"COTTA COLLECTION AG",MCAA01,1221.31.00,629.05.00,1221.31.00,1221.31.00,22,,Riferimento,1,,0,0,0,0,0,0,0,,0,0,,3000-12-31T00:00:00,2023-04-18T11:11:10.65,2,"DIVANI E POLTRONE",14,"Divani letto",,,BASIC,,Array,ciao,resr,okee
9757,22492807,88,97574,"x web d c/penisola sx/letto e contenitore 244x166xh72/88 dark brown",POLVEND3,MALI,"COTTA COLLECTION AG",MCAA01,"COTTA COLLECTION AG",MCAA01,1139.34.00,584.1,1139.34.00,1139.34.00,22,,Riferimento,1,,0,0,0,0,0,0,0,,0,0,,3000-12-31T00:00:00,2023-04-18T11:11:10.65,2,"DIVANI E POLTRONE",14,"Divani letto",,,BASIC,,Array,ciao,resr,okee
9758,22492890,88,97581,"x web d angolare dx c/letto contenitore ter 256x208x74/93 light grey",POLVEND3,SHINE,"COTTA COLLECTION AG",MCAA01,"COTTA COLLECTION AG",MCAA01,1221.31.00,673.2,1221.31.00,1221.31.00,22,,Riferimento,1,,0,0,0,0,0,0,0,,0,0,,3000-12-31T00:00:00,2023-04-18T11:11:10.667,2,"DIVANI E POLTRONE",14,"Divani letto",,,BASIC,,Array,ciao,resr,okee
9759,22492951,88,97598,"x web d angolare sx c/letto contenitore ter 256x208x74/93 anthracite",POLVEND3,SHINE,"COTTA COLLECTION AG",MCAA01,"COTTA COLLECTION AG",MCAA01,1221.31.00,673.2,1221.31.00,1221.31.00,22,,Riferimento,1,,0,0,0,0,0,0,0,,0,0,,3000-12-31T00:00:00,2023-04-18T11:11:12.29,2,"DIVANI E POLTRONE",14,"Divani letto",,,BASIC,,Array,ciao,resr,okee
9760,22492982,88,97604,"x web d angolare sx c/letto e contenitore term 256x208x74/93 mustard",POLVEND3,SHINE,"COTTA COLLECTION AG",MCAA01,"COTTA COLLECTION AG",MCAA01,1221.31.00,673.2,1221.31.00,1221.31.00,22,,Riferimento,1,,0,0,0,0,0,0,0,,0,0,,3000-12-31T00:00:00,2023-04-18T11:11:12.307,2,"DIVANI E POLTRONE",14,"Divani letto",,,BASIC,,Array,ciao,resr,okee
9761,22493880,88,97611,"x web divano angolare sx c/letto 262x228xh73/90 azure",POLVEND3,SONNY,"COTTA COLLECTION AG",MCAA01,"COTTA COLLECTION AG",MCAA01,1221.31.00,639.54.00,1221.31.00,1221.31.00,22,,Riferimento,1,,0,0,0,0,0,0,0,,0,0,,3000-12-31T00:00:00,2023-04-18T11:11:12.323,2,"DIVANI E POLTRONE",13,"Divani modulari",,,BASIC,,Array,ciao,resr,okee
9762,22493903,88,97628,"x web divano angolare sx c/letto 262x228xh73/90 black",POLVEND3,SONNY,"COTTA COLLECTION AG",MCAA01,"COTTA COLLECTION AG",MCAA01,1221.31.00,639.54.00,1221.31.00,1221.31.00,22,,Riferimento,1,,0,0,0,0,0,0,0,,0,0,,3000-12-31T00:00:00,2023-04-18T11:11:12.323,2,"DIVANI E POLTRONE",13,"Divani modulari",,,BASIC,,Array,ciao,resr,okee
9782,22194503,88,97826,"web divano letto angolare c/penisola dx+contenitore l244x166 h88 grigio chiaro",POLVEND3,TOM,"COTTA COLLECTION AG",MCAA01,"COTTA COLLECTION AG",MCAA01,1138.52.00,578.16.00,1138.52.00,1138.52.00,22,,Riferimento,1,,0,0,0,0,0,0,0,,0,0,,3000-12-31T00:00:00,2023-04-18T11:11:12.527,2,"DIVANI E POLTRONE",13,"Divani modulari",,,BASIC,,Array,ciao,resr,okee
9783,22194589,88,97833,"web divano letto angolare c/penisola sx+contenitore l244x166 h88 marrone",POLVEND3,TOM,"COTTA COLLECTION AG",MCAA01,"COTTA COLLECTION AG",MCAA01,1138.52.00,578.16.00,1138.52.00,1138.52.00,22,,Riferimento,1,,0,0,0,0,0,0,0,,0,0,,3000-12-31T00:00:00,2023-04-18T11:11:12.54,2,"DIVANI E POLTRONE",13,"Divani modulari",,,BASIC,,Array,ciao,resr,okee
9784,22442703,88,97840,"divano c/cha.long.dx c/s.eletto l303x185xh70 e63 black",POLVEND3,MUMBAI,"COTTA COLLECTION AG",MCAA01,"COTTA COLLECTION AG",MCAA01,1385.25.00,695.38.00,1385.25.00,1385.25.00,22,,Riferimento,1,,0,0,0,0,0,0,0,,0,0,,3000-12-31T00:00:00,2023-04-18T11:11:12.54,2,"DIVANI E POLTRONE",13,"Divani modulari",,,BASIC,,Array,ciao,resr,okee
9785,22442901,88,97857,"x web divano angolare. sxc/letto  e contenitore 242x207xh74/92  marron",POLVEND3,SAND,"COTTA COLLECTION AG",MCAA01,"COTTA COLLECTION AG",MCAA01,1270.49.00,644.49.00,1270.49.00,1270.49.00,22,,Riferimento,1,,0,0,0,0,0,0,0,,0,0,,3000-12-31T00:00:00,2023-04-18T11:11:12.557,2,"DIVANI E POLTRONE",14,"Divani letto",,,BASIC,,Array,ciao,resr,okee
9786,22492616,88,97864,"x web d angolare dx c/letto e c/term 249x207xh72/88 mustard",POLVEND3,MALI,"COTTA COLLECTION AG",MCAA01,"COTTA COLLECTION AG",MCAA01,1221.31.00,629.05.00,1221.31.00,1221.31.00,22,,Riferimento,1,,0,0,0,0,0,0,0,,0,0,,3000-12-31T00:00:00,2023-04-18T11:11:12.557,2,"DIVANI E POLTRONE",14,"Divani letto",,,BASIC,,Array,ciao,resr,okee
9787,22492777,88,97871,"x web d c/penisola dx/letto e contenitore 244x166xh72/88 coral",POLVEND3,MALI,"COTTA COLLECTION AG",MCAA01,"COTTA COLLECTION AG",MCAA01,1139.34.00,584.1,1139.34.00,1139.34.00,22,,Riferimento,1,,0,0,0,0,0,0,0,,0,0,,3000-12-31T00:00:00,2023-04-18T11:11:12.573,2,"DIVANI E POLTRONE",14,"Divani letto",,,BASIC,,Array,ciao,resr,okee
9788,22492791,88,97888,"x web d c/penisola sx/letto e contenitore 244x166xh72/88 mustard",POLVEND3,MALI,"COTTA COLLECTION AG",MCAA01,"COTTA COLLECTION AG",MCAA01,1139.34.00,584.1,1139.34.00,1139.34.00,22,,Riferimento,1,,0,0,0,0,0,0,0,,0,0,,3000-12-31T00:00:00,2023-04-18T11:11:12.587,2,"DIVANI E POLTRONE",14,"Divani letto",,,BASIC,,Array,ciao,resr,okee
9789,22492838,88,97895,"x web d c/penisola sx/letto e contenitore 244x166xh72/88 coral",POLVEND3,MALI,"COTTA COLLECTION AG",MCAA01,"COTTA COLLECTION AG",MCAA01,1139.34.00,584.1,1139.34.00,1139.34.00,22,,Riferimento,1,,0,0,0,0,0,0,0,,0,0,,3000-12-31T00:00:00,2023-04-18T11:11:12.587,2,"DIVANI E POLTRONE",14,"Divani letto",,,BASIC,,Array,ciao,resr,okee
9790,22492937,88,97901,"x web d angolare sx c/letto e contenitore term 256x208x74/93 beige",POLVEND3,SHINE,"COTTA COLLECTION AG",MCAA01,"COTTA COLLECTION AG",MCAA01,1221.31.00,673.2,1221.31.00,1221.31.00,22,,Riferimento,1,,0,0,0,0,0,0,0,,0,0,,3000-12-31T00:00:00,2023-04-18T11:11:12.603,2,"DIVANI E POLTRONE",14,"Divani letto",,,BASIC,,Array,ciao,resr,okee
9791,22492999,88,97918,"x web d angolare sx c/letto e contenitore term 256x208x74/93 olive",POLVEND3,SHINE,"COTTA COLLECTION AG",MCAA01,"COTTA COLLECTION AG",MCAA01,1221.31.00,673.2,1221.31.00,1221.31.00,22,,Riferimento,1,,0,0,0,0,0,0,0,,0,0,,3000-12-31T00:00:00,2023-04-18T11:11:12.603,2,"DIVANI E POLTRONE",14,"Divani letto",,,BASIC,,Array,ciao,resr,okee
9792,22493095,88,97925,"x web divano c/penisola sx/letto e contenitore 254x167x74/93 beige",POLVEND3,SHINE,"COTTA COLLECTION AG",MCAA01,"COTTA COLLECTION AG",MCAA01,1187.7,638.55.00,1187.7,1187.7,22,,Riferimento,1,,0,0,0,0,0,0,0,,0,0,,3000-12-31T00:00:00,2023-04-18T11:11:12.62,2,"DIVANI E POLTRONE",14,"Divani letto",,,BASIC,,Array,ciao,resr,okee
9793,22493118,88,97932,"x web divano c/penisola sx/letto e contenitore 254x167x74/93 anthracite",POLVEND3,SHINE,"COTTA COLLECTION AG",MCAA01,"COTTA COLLECTION AG",MCAA01,1187.7,638.55.00,1187.7,1187.7,22,,Riferimento,1,,0,0,0,0,0,0,0,,0,0,,3000-12-31T00:00:00,2023-04-18T11:11:12.62,2,"DIVANI E POLTRONE",14,"Divani letto",,,BASIC,,Array,ciao,resr,okee
9794,22493125,88,97949,"x web divano c/penisola sx/letto e contenitore 254x167x74/93 charcoal",POLVEND3,SHINE,"COTTA COLLECTION AG",MCAA01,"COTTA COLLECTION AG",MCAA01,1187.7,638.55.00,1187.7,1187.7,22,,Riferimento,1,,0,0,0,0,0,0,0,,0,0,,3000-12-31T00:00:00,2023-04-18T11:11:12.633,2,"DIVANI E POLTRONE",14,"Divani letto",,,BASIC,,Array,ciao,resr,okee
9795,22493217,88,97956,"x web divano angolare dx 285x171xh75/90 silver",POLVEND3,SILVER,"COTTA COLLECTION AG",MCAA01,"COTTA COLLECTION AG",MCAA01,1270.07.00,650.43.00,1270.07.00,1270.07.00,22,,Riferimento,1,,0,0,0,0,0,0,0,,0,0,,3000-12-31T00:00:00,2023-04-18T11:11:12.65,2,"DIVANI E POLTRONE",13,"Divani modulari",,,BASIC,,Array,ciao,resr,okee
9796,22493248,88,97963,"x web divano angolare sx 285x171xh75/90 savannah",POLVEND3,SILVER,"COTTA COLLECTION AG",MCAA01,"COTTA COLLECTION AG",MCAA01,1270.07.00,650.43.00,1270.07.00,1270.07.00,22,,Riferimento,1,,0,0,0,0,0,0,0,,0,0,,3000-12-31T00:00:00,2023-04-18T11:11:12.65,2,"DIVANI E POLTRONE",13,"Divani modulari",,,BASIC,,Array,ciao,resr,okee
9797,22493255,88,97970,"x web divano angolare sx 285x171xh75/90 steel",POLVEND3,SILVER,"COTTA COLLECTION AG",MCAA01,"COTTA COLLECTION AG",MCAA01,1270.07.00,650.43.00,1270.07.00,1270.07.00,22,,Riferimento,1,,0,0,0,0,0,0,0,,0,0,,3000-12-31T00:00:00,2023-04-18T11:11:12.667,2,"DIVANI E POLTRONE",13,"Divani modulari",,,BASIC,,Array,ciao,resr,okee
9798,22493262,88,97987,"x web divano angolare sx 285x171xh75/90 grey",POLVEND3,SILVER,"COTTA COLLECTION AG",MCAA01,"COTTA COLLECTION AG",MCAA01,1270.07.00,650.43.00,1270.07.00,1270.07.00,22,,Riferimento,1,,0,0,0,0,0,0,0,,0,0,,3000-12-31T00:00:00,2023-04-18T11:11:12.667,2,"DIVANI E POLTRONE",13,"Divani modulari",,,BASIC,,Array,ciao,resr,okee
9799,22493286,88,97994,"x web divano angolare sx 285x171xh75/90 dark beige",POLVEND3,SILVER,"COTTA COLLECTION AG",MCAA01,"COTTA COLLECTION AG",MCAA01,1270.07.00,650.43.00,1270.07.00,1270.07.00,22,,Riferimento,1,,0,0,0,0,0,0,0,,0,0,,3000-12-31T00:00:00,2023-04-18T11:11:12.68,2,"DIVANI E POLTRONE",13,"Divani modulari",,,BASIC,,Array,ciao,resr,okee
9800,22493835,88,98007,"x web divano angolare dx c/letto 262x228xh73/90 anthracite",POLVEND3,SONNY,"COTTA COLLECTION AG",MCAA01,"COTTA COLLECTION AG",MCAA01,1221.31.00,639.54.00,1221.31.00,1221.31.00,22,,Riferimento,1,,0,0,0,0,0,0,0,,0,0,,3000-12-31T00:00:00,2023-04-18T11:11:12.697,2,"DIVANI E POLTRONE",13,"Divani modulari",,,BASIC,,Array,ciao,resr,okee
9801,22493859,88,98014,"x web divano angolare dx c/letto 262x228xh73/90 light grey",POLVEND3,SONNY,"COTTA COLLECTION AG",MCAA01,"COTTA COLLECTION AG",MCAA01,1221.31.00,639.54.00,1221.31.00,1221.31.00,22,,Riferimento,1,,0,0,0,0,0,0,0,,0,0,,3000-12-31T00:00:00,2023-04-18T11:11:12.697,2,"DIVANI E POLTRONE",13,"Divani modulari",,,BASIC,,Array,ciao,resr,okee
9802,22493866,88,98021,"x web divano angolare dx c/letto 262x228xh73/90 mustard",POLVEND3,SONNY,"COTTA COLLECTION AG",MCAA01,"COTTA COLLECTION AG",MCAA01,1221.31.00,639.54.00,1221.31.00,1221.31.00,22,,Riferimento,1,,0,0,0,0,0,0,0,,0,0,,3000-12-31T00:00:00,2023-04-18T11:11:12.713,2,"DIVANI E POLTRONE",13,"Divani modulari",,,BASIC,,Array,ciao,resr,okee
9803,22494139,88,98038,"x web divano angolare sx 263x170x91h c/reclain eletto mustard",POLVEND3,TOPIC,"COTTA COLLECTION AG",MCAA01,"COTTA COLLECTION AG",MCAA01,1467.21.00,771.21.00,1467.21.00,1467.21.00,22,,Riferimento,1,,0,0,0,0,0,0,0,,0,0,,3000-12-31T00:00:00,2023-04-18T11:11:12.73,2,"DIVANI E POLTRONE",13,"Divani modulari",,,BASIC,,Array,ciao,resr,okee
9821,22442710,88,98212,"divano c/cha.long.sx c/s.eletto l303x185xh70 e60 silver",POLVEND3,MUMBAI,"COTTA COLLECTION AG",MCAA01,"COTTA COLLECTION AG",MCAA01,1385.25.00,695.38.00,1385.25.00,1385.25.00,22,,Riferimento,1,,0,0,0,0,0,0,0,,0,0,,3000-12-31T00:00:00,2023-04-18T11:11:14.527,2,"DIVANI E POLTRONE",13,"Divani modulari",,,BASIC,,Array,ciao,resr,okee
9822,22442765,88,98229,"x web divanoc/penisola  dx/letto  e contenitore 226x169xh74/92 tortor",POLVEND3,SAND,"COTTA COLLECTION AG",MCAA01,"COTTA COLLECTION AG",MCAA01,1057.38.00,551.43.00,1057.38.00,1057.38.00,22,,Riferimento,1,,0,0,0,0,0,0,0,,0,0,,3000-12-31T00:00:00,2023-04-18T11:11:14.527,2,"DIVANI E POLTRONE",14,"Divani letto",,,BASIC,,Array,ciao,resr,okee
9823,22442819,88,98236,"x web divanoc/penisola  sx/letto  e contenitore 226x169xh74/94 tortor",POLVEND3,SAND,"COTTA COLLECTION AG",MCAA01,"COTTA COLLECTION AG",MCAA01,1057.38.00,551.43.00,1057.38.00,1057.38.00,22,,Riferimento,1,,0,0,0,0,0,0,0,,0,0,,3000-12-31T00:00:00,2023-04-18T11:11:14.54,2,"DIVANI E POLTRONE",14,"Divani letto",,,BASIC,,Array,ciao,resr,okee
9824,22442840,88,98243,"x web divano angolare. dxc/letto  e contenitore 242x207xh74/92  marron",POLVEND3,SAND,"COTTA COLLECTION AG",MCAA01,"COTTA COLLECTION AG",MCAA01,1270.49.00,644.49.00,1270.49.00,1270.49.00,22,,Riferimento,1,,0,0,0,0,0,0,0,,0,0,,3000-12-31T00:00:00,2023-04-18T11:11:14.557,2,"DIVANI E POLTRONE",14,"Divani letto",,,BASIC,,Array,ciao,resr,okee
9825,22492760,88,98250,"x web d c/penisola dx/letto e contenitore 244x166xh72/88 dark grey",POLVEND3,MALI,"COTTA COLLECTION AG",MCAA01,"COTTA COLLECTION AG",MCAA01,1139.34.00,584.1,1139.34.00,1139.34.00,22,,Riferimento,1,,0,0,0,0,0,0,0,,0,0,,3000-12-31T00:00:00,2023-04-18T11:11:14.557,2,"DIVANI E POLTRONE",14,"Divani letto",,,BASIC,,Array,ciao,resr,okee
9826,22492814,88,98267,"x web d c/penisola sx/letto e contenitore 244x166xh72/88 liver",POLVEND3,MALI,"COTTA COLLECTION AG",MCAA01,"COTTA COLLECTION AG",MCAA01,1139.34.00,584.1,1139.34.00,1139.34.00,22,,Riferimento,1,,0,0,0,0,0,0,0,,0,0,,3000-12-31T00:00:00,2023-04-18T11:11:14.573,2,"DIVANI E POLTRONE",14,"Divani letto",,,BASIC,,Array,ciao,resr,okee
9827,22492821,88,98274,"x web d c/penisola sx/letto e contenitore 244x166xh72/88 dark grey",POLVEND3,MALI,"COTTA COLLECTION AG",MCAA01,"COTTA COLLECTION AG",MCAA01,1139.34.00,584.1,1139.34.00,1139.34.00,22,,Riferimento,1,,0,0,0,0,0,0,0,,0,0,,3000-12-31T00:00:00,2023-04-18T11:11:14.573,2,"DIVANI E POLTRONE",14,"Divani letto",,,BASIC,,Array,ciao,resr,okee
9828,22492869,88,98281,"x web d angolare dx c/letto e contenitore term 256x208x74/93 black",POLVEND3,SHINE,"COTTA COLLECTION AG",MCAA01,"COTTA COLLECTION AG",MCAA01,1221.31.00,673.2,1221.31.00,1221.31.00,22,,Riferimento,1,,0,0,0,0,0,0,0,,0,0,,3000-12-31T00:00:00,2023-04-18T11:11:14.587,2,"DIVANI E POLTRONE",14,"Divani letto",,,BASIC,,Array,ciao,resr,okee
9829,22492920,88,98298,"x web d angolare sx c/letto e contenitore term 256x208x74/93 azure",POLVEND3,SHINE,"COTTA COLLECTION AG",MCAA01,"COTTA COLLECTION AG",MCAA01,1221.31.00,673.2,1221.31.00,1221.31.00,22,,Riferimento,1,,0,0,0,0,0,0,0,,0,0,,3000-12-31T00:00:00,2023-04-18T11:11:14.587,2,"DIVANI E POLTRONE",14,"Divani letto",,,BASIC,,Array,ciao,resr,okee
9830,22493088,88,98304,"x web divano c/penisola sx/letto e contenitore 254x167x74/93 azure",POLVEND3,SHINE,"COTTA COLLECTION AG",MCAA01,"COTTA COLLECTION AG",MCAA01,1187.7,638.55.00,1187.7,1187.7,22,,Riferimento,1,,0,0,0,0,0,0,0,,0,0,,3000-12-31T00:00:00,2023-04-18T11:11:14.603,2,"DIVANI E POLTRONE",14,"Divani letto",,,BASIC,,Array,ciao,resr,okee
9831,22493187,88,98311,"x web divano angolare dx 285x171xh75/90 grey",POLVEND3,SILVER,"COTTA COLLECTION AG",MCAA01,"COTTA COLLECTION AG",MCAA01,1270.07.00,650.43.00,1270.07.00,1270.07.00,22,,Riferimento,1,,0,0,0,0,0,0,0,,0,0,,3000-12-31T00:00:00,2023-04-18T11:11:14.603,2,"DIVANI E POLTRONE",13,"Divani modulari",,,BASIC,,Array,ciao,resr,okee
9832,22493224,88,98328,"x web divano angolare dx 285x171xh75/90 brown",POLVEND3,SILVER,"COTTA COLLECTION AG",MCAA01,"COTTA COLLECTION AG",MCAA01,1270.07.00,650.43.00,1270.07.00,1270.07.00,22,,Riferimento,1,,0,0,0,0,0,0,0,,0,0,,3000-12-31T00:00:00,2023-04-18T11:11:14.62,2,"DIVANI E POLTRONE",13,"Divani modulari",,,BASIC,,Array,ciao,resr,okee
9833,22493811,88,98335,"x web divano angolare dx c/letto 262x228xh73/90 beige",POLVEND3,SONNY,"COTTA COLLECTION AG",MCAA01,"COTTA COLLECTION AG",MCAA01,1221.31.00,639.54.00,1221.31.00,1221.31.00,22,,Riferimento,1,,0,0,0,0,0,0,0,,0,0,,3000-12-31T00:00:00,2023-04-18T11:11:14.633,2,"DIVANI E POLTRONE",13,"Divani modulari",,,BASIC,,Array,ciao,resr,okee
9834,22493842,88,98342,"x web divano angolare dx c/letto 262x228xh73/90 charcoal",POLVEND3,SONNY,"COTTA COLLECTION AG",MCAA01,"COTTA COLLECTION AG",MCAA01,1221.31.00,639.54.00,1221.31.00,1221.31.00,22,,Riferimento,1,,0,0,0,0,0,0,0,,0,0,,3000-12-31T00:00:00,2023-04-18T11:11:14.633,2,"DIVANI E POLTRONE",13,"Divani modulari",,,BASIC,,Array,ciao,resr,okee
9835,22493910,88,98359,"x web divano angolare sx c/letto 262x228xh73/90 anthracite",POLVEND3,SONNY,"COTTA COLLECTION AG",MCAA01,"COTTA COLLECTION AG",MCAA01,1221.31.00,639.54.00,1221.31.00,1221.31.00,22,,Riferimento,1,,0,0,0,0,0,0,0,,0,0,,3000-12-31T00:00:00,2023-04-18T11:11:14.65,2,"DIVANI E POLTRONE",13,"Divani modulari",,,BASIC,,Array,ciao,resr,okee
9836,22493958,88,98366,"x web divano angolare sx c/letto 262x228xh73/90 olive",POLVEND3,SONNY,"COTTA COLLECTION AG",MCAA01,"COTTA COLLECTION AG",MCAA01,1221.31.00,639.54.00,1221.31.00,1221.31.00,22,,Riferimento,1,,0,0,0,0,0,0,0,,0,0,,3000-12-31T00:00:00,2023-04-18T11:11:14.65,2,"DIVANI E POLTRONE",13,"Divani modulari",,,BASIC,,Array,ciao,resr,okee
9837,22494108,88,98373,"x web divano angolare dx 263x170x91h c/reclain eletto dark grey",POLVEND3,TOPIC,"COTTA COLLECTION AG",MCAA01,"COTTA COLLECTION AG",MCAA01,1467.21.00,771.21.00,1467.21.00,1467.21.00,22,,Riferimento,1,,0,0,0,0,0,0,0,,0,0,,3000-12-31T00:00:00,2023-04-18T11:11:14.667,2,"DIVANI E POLTRONE",13,"Divani modulari",,,BASIC,,Array,ciao,resr,okee
9838,22494184,88,98380,"x web chaise longue scocca anthracite seduta silver",POLVEND3,CAROL,"COTTA COLLECTION AG",MCAA01,"COTTA COLLECTION AG",MCAA01,320.07.00,168.3,320.07.00,320.07.00,22,,Riferimento,1,,0,0,0,0,0,0,0,,0,0,,3000-12-31T00:00:00,2023-04-18T11:11:14.683,2,"DIVANI E POLTRONE",11,Poltrone,,,BASIC,,Array,ciao,resr,okee
9839,22494191,88,98397,"x web chaise longue scocca earth seduta silver",POLVEND3,CAROL,"COTTA COLLECTION AG",MCAA01,"COTTA COLLECTION AG",MCAA01,320.07.00,168.3,320.07.00,320.07.00,22,,Riferimento,1,,0,0,0,0,0,0,0,,0,0,,3000-12-31T00:00:00,2023-04-18T11:11:14.683,2,"DIVANI E POLTRONE",11,Poltrone,,,BASIC,,Array,ciao,resr,okee
9857,22442741,88,98571,"x web divanoc/penisola  dx/letto  e contenitore 226x169xh74/92 grigio",POLVEND3,SAND,"COTTA COLLECTION AG",MCAA01,"COTTA COLLECTION AG",MCAA01,1057.38.00,551.43.00,1057.38.00,1057.38.00,22,,Riferimento,1,,0,0,0,0,0,0,0,,0,0,,3000-12-31T00:00:00,2023-04-18T11:11:14.837,2,"DIVANI E POLTRONE",14,"Divani letto",,,BASIC,,Array,ciao,resr,okee
9858,22442826,88,98588,"x web divanoc/penisola  sx/letto  e contenitore 226x169xh74/95 marron",POLVEND3,SAND,"COTTA COLLECTION AG",MCAA01,"COTTA COLLECTION AG",MCAA01,1057.38.00,551.43.00,1057.38.00,1057.38.00,22,,Riferimento,1,,0,0,0,0,0,0,0,,0,0,,3000-12-31T00:00:00,2023-04-18T11:11:14.853,2,"DIVANI E POLTRONE",14,"Divani letto",,,BASIC,,Array,ciao,resr,okee
9859,22442918,88,98595,"x web divano angolare. sxc/letto  e contenitore 242x207xh74/92  tortor",POLVEND3,SAND,"COTTA COLLECTION AG",MCAA01,"COTTA COLLECTION AG",MCAA01,1270.49.00,644.49.00,1270.49.00,1270.49.00,22,,Riferimento,1,,0,0,0,0,0,0,0,,0,0,,3000-12-31T00:00:00,2023-04-18T11:11:16.433,2,"DIVANI E POLTRONE",14,"Divani letto",,,BASIC,,Array,ciao,resr,okee
9860,22492609,88,98601,"x web d angolare dx c/letto e c/term 249x207xh72/88 light grey",POLVEND3,MALI,"COTTA COLLECTION AG",MCAA01,"COTTA COLLECTION AG",MCAA01,1221.31.00,629.05.00,1221.31.00,1221.31.00,22,,Riferimento,1,,0,0,0,0,0,0,0,,0,0,,3000-12-31T00:00:00,2023-04-18T11:11:16.463,2,"DIVANI E POLTRONE",14,"Divani letto",,,BASIC,,Array,ciao,resr,okee
9861,22492692,88,98618,"x web d angolare sx c/letto e c/term 249x207xh72/88 liver",POLVEND3,MALI,"COTTA COLLECTION AG",MCAA01,"COTTA COLLECTION AG",MCAA01,1221.31.00,629.05.00,1221.31.00,1221.31.00,22,,Riferimento,1,,0,0,0,0,0,0,0,,0,0,,3000-12-31T00:00:00,2023-04-18T11:11:16.48,2,"DIVANI E POLTRONE",14,"Divani letto",,,BASIC,,Array,ciao,resr,okee
9862,22492739,88,98625,"x web d c/penisola dx/letto e contenitore 244x166xh72/88 mustard",POLVEND3,MALI,"COTTA COLLECTION AG",MCAA01,"COTTA COLLECTION AG",MCAA01,1139.34.00,584.1,1139.34.00,1139.34.00,22,,Riferimento,1,,0,0,0,0,0,0,0,,0,0,,3000-12-31T00:00:00,2023-04-18T11:11:16.493,2,"DIVANI E POLTRONE",14,"Divani letto",,,BASIC,,Array,ciao,resr,okee
9863,22492746,88,98632,"x web d c/penisola dx/letto e contenitore 244x166xh72/88 dark brown",POLVEND3,MALI,"COTTA COLLECTION AG",MCAA01,"COTTA COLLECTION AG",MCAA01,1139.34.00,584.1,1139.34.00,1139.34.00,22,,Riferimento,1,,0,0,0,0,0,0,0,,0,0,,3000-12-31T00:00:00,2023-04-18T11:11:16.51,2,"DIVANI E POLTRONE",14,"Divani letto",,,BASIC,,Array,ciao,resr,okee
9864,22492753,88,98649,"x web d c/penisola dx/letto e contenitore 244x166xh72/88 liver",POLVEND3,MALI,"COTTA COLLECTION AG",MCAA01,"COTTA COLLECTION AG",MCAA01,1139.34.00,584.1,1139.34.00,1139.34.00,22,,Riferimento,1,,0,0,0,0,0,0,0,,0,0,,3000-12-31T00:00:00,2023-04-18T11:11:16.527,2,"DIVANI E POLTRONE",14,"Divani letto",,,BASIC,,Array,ciao,resr,okee
9865,22492845,88,98656,"x web d angolare dx c/letto e contenitore term 256x208x74/93 azure",POLVEND3,SHINE,"COTTA COLLECTION AG",MCAA01,"COTTA COLLECTION AG",MCAA01,1221.31.00,673.2,1221.31.00,1221.31.00,22,,Riferimento,1,,0,0,0,0,0,0,0,,0,0,,3000-12-31T00:00:00,2023-04-18T11:11:16.527,2,"DIVANI E POLTRONE",14,"Divani letto",,,BASIC,,Array,ciao,resr,okee
9866,22492913,88,98663,"x web d angolare dx c/letto e contenitore term 256x208x74/93 olive",POLVEND3,SHINE,"COTTA COLLECTION AG",MCAA01,"COTTA COLLECTION AG",MCAA01,1221.31.00,673.2,1221.31.00,1221.31.00,22,,Riferimento,1,,0,0,0,0,0,0,0,,0,0,,3000-12-31T00:00:00,2023-04-18T11:11:16.54,2,"DIVANI E POLTRONE",14,"Divani letto",,,BASIC,,Array,ciao,resr,okee
9867,22492968,88,98670,"x web d angolare sx c/letto contenitore term 256x208x74/93 charcoal",POLVEND3,SHINE,"COTTA COLLECTION AG",MCAA01,"COTTA COLLECTION AG",MCAA01,1221.31.00,673.2,1221.31.00,1221.31.00,22,,Riferimento,1,,0,0,0,0,0,0,0,,0,0,,3000-12-31T00:00:00,2023-04-18T11:11:16.557,2,"DIVANI E POLTRONE",14,"Divani letto",,,BASIC,,Array,ciao,resr,okee
9868,22493071,88,98687,"x web divano c/penisola dx/letto e contenitore 254x167x74/93 olive",POLVEND3,SHINE,"COTTA COLLECTION AG",MCAA01,"COTTA COLLECTION AG",MCAA01,1187.7,638.55.00,1187.7,1187.7,22,,Riferimento,1,,0,0,0,0,0,0,0,,0,0,,3000-12-31T00:00:00,2023-04-18T11:11:16.557,2,"DIVANI E POLTRONE",14,"Divani letto",,,BASIC,,Array,ciao,resr,okee
9869,22493927,88,98694,"x web divano angolare sx c/letto 262x228xh73/90 charcoal",POLVEND3,SONNY,"COTTA COLLECTION AG",MCAA01,"COTTA COLLECTION AG",MCAA01,1221.31.00,639.54.00,1221.31.00,1221.31.00,22,,Riferimento,1,,0,0,0,0,0,0,0,,0,0,,3000-12-31T00:00:00,2023-04-18T11:11:16.573,2,"DIVANI E POLTRONE",13,"Divani modulari",,,BASIC,,Array,ciao,resr,okee
9870,22493934,88,98700,"x web divano angolare sx c/letto 262x228xh73/90 light grey",POLVEND3,SONNY,"COTTA COLLECTION AG",MCAA01,"COTTA COLLECTION AG",MCAA01,1221.31.00,639.54.00,1221.31.00,1221.31.00,22,,Riferimento,1,,0,0,0,0,0,0,0,,0,0,,3000-12-31T00:00:00,2023-04-18T11:11:16.573,2,"DIVANI E POLTRONE",13,"Divani modulari",,,BASIC,,Array,ciao,resr,okee
9871,22493965,88,98717,"x web divano c/penisola dx/letto e contenitore 268x169h92 brown",POLVEND3,TAXI,"COTTA COLLECTION AG",MCAA01,"COTTA COLLECTION AG",MCAA01,1139.34.00,584.1,1139.34.00,1139.34.00,22,,Riferimento,1,,0,0,0,0,0,0,0,,0,0,,3000-12-31T00:00:00,2023-04-18T11:11:16.59,2,"DIVANI E POLTRONE",14,"Divani letto",,,BASIC,,Array,ciao,resr,okee
9872,22494009,88,98724,"x web divano c/penisola dx/letto e contenitore 268x169h92 cherry",POLVEND3,TAXI,"COTTA COLLECTION AG",MCAA01,"COTTA COLLECTION AG",MCAA01,1139.34.00,584.1,1139.34.00,1139.34.00,22,,Riferimento,1,,0,0,0,0,0,0,0,,0,0,,3000-12-31T00:00:00,2023-04-18T11:11:16.59,2,"DIVANI E POLTRONE",14,"Divani letto",,,BASIC,,Array,ciao,resr,okee
9873,22494160,88,98731,"x web divano angolare sx 263x170x91h c/reclain eletto dark grey",POLVEND3,TOPIC,"COTTA COLLECTION AG",MCAA01,"COTTA COLLECTION AG",MCAA01,1467.21.00,771.21.00,1467.21.00,1467.21.00,22,,Riferimento,1,,0,0,0,0,0,0,0,,0,0,,3000-12-31T00:00:00,2023-04-18T11:11:16.603,2,"DIVANI E POLTRONE",13,"Divani modulari",,,BASIC,,Array,ciao,resr,okee
9894,22194497,88,98946,"web divano letto angolare c/penisola dx+contenitore l244x166 h88 grigio",POLVEND3,TOM,"COTTA COLLECTION AG",MCAA01,"COTTA COLLECTION AG",MCAA01,1138.52.00,578.16.00,1138.52.00,1138.52.00,22,,Riferimento,1,,0,0,0,0,0,0,0,,0,0,,3000-12-31T00:00:00,2023-04-18T11:11:16.777,2,"DIVANI E POLTRONE",13,"Divani modulari",,,BASIC,,Array,ciao,resr,okee
9895,22194534,88,98953,"web divano letto angolare c/penisola dx+contenitore l244x166 h88 giallo",POLVEND3,TOM,"COTTA COLLECTION AG",MCAA01,"COTTA COLLECTION AG",MCAA01,1138.52.00,578.16.00,1138.52.00,1138.52.00,22,,Riferimento,1,,0,0,0,0,0,0,0,,0,0,,3000-12-31T00:00:00,2023-04-18T11:11:16.79,2,"DIVANI E POLTRONE",13,"Divani modulari",,,BASIC,,Array,ciao,resr,okee
9896,22194565,88,98960,"web divano  letto angolare c/penisola sx+contenitore l244x166 h88 grigio",POLVEND3,TOM,"COTTA COLLECTION AG",MCAA01,"COTTA COLLECTION AG",MCAA01,1138.52.00,578.16.00,1138.52.00,1138.52.00,22,,Riferimento,1,,0,0,0,0,0,0,0,,0,0,,3000-12-31T00:00:00,2023-04-18T11:11:16.79,2,"DIVANI E POLTRONE",13,"Divani modulari",,,BASIC,,Array,ciao,resr,okee
9897,22442680,88,98977,"divano c/cha.long.dx c/s.eletto l303x185xh70 e60 silver",POLVEND3,MUMBAI,"COTTA COLLECTION AG",MCAA01,"COTTA COLLECTION AG",MCAA01,1385.25.00,695.38.00,1385.25.00,1385.25.00,22,,Riferimento,1,,0,0,0,0,0,0,0,,0,0,,3000-12-31T00:00:00,2023-04-18T11:11:16.807,2,"DIVANI E POLTRONE",13,"Divani modulari",,,BASIC,,Array,ciao,resr,okee
9898,22492678,88,98984,"x web d angolare sx c/letto e c/term 249x207xh72/88 mustard",POLVEND3,MALI,"COTTA COLLECTION AG",MCAA01,"COTTA COLLECTION AG",MCAA01,1221.31.00,629.05.00,1221.31.00,1221.31.00,22,,Riferimento,1,,0,0,0,0,0,0,0,,0,0,,3000-12-31T00:00:00,2023-04-18T11:11:16.823,2,"DIVANI E POLTRONE",14,"Divani letto",,,BASIC,,Array,ciao,resr,okee
9899,22492883,88,98991,"x web d angolare dx c/letto e contenitore ter 256x208x74/93 charcoal",POLVEND3,SHINE,"COTTA COLLECTION AG",MCAA01,"COTTA COLLECTION AG",MCAA01,1221.31.00,673.2,1221.31.00,1221.31.00,22,,Riferimento,1,,0,0,0,0,0,0,0,,0,0,,3000-12-31T00:00:00,2023-04-18T11:11:16.823,2,"DIVANI E POLTRONE",14,"Divani letto",,,BASIC,,Array,ciao,resr,okee
9900,22492944,88,99004,"x web d angolare sx c/letto e contenitore term 256x208x74/93 black",POLVEND3,SHINE,"COTTA COLLECTION AG",MCAA01,"COTTA COLLECTION AG",MCAA01,1221.31.00,673.2,1221.31.00,1221.31.00,22,,Riferimento,1,,0,0,0,0,0,0,0,,0,0,,3000-12-31T00:00:00,2023-04-18T11:11:16.84,2,"DIVANI E POLTRONE",14,"Divani letto",,,BASIC,,Array,ciao,resr,okee
9901,22493019,88,99011,"x web divano c/penisola dx/letto e contenitore 254x167x74/93 beige",POLVEND3,SHINE,"COTTA COLLECTION AG",MCAA01,"COTTA COLLECTION AG",MCAA01,1187.7,638.55.00,1187.7,1187.7,22,,Riferimento,1,,0,0,0,0,0,0,0,,0,0,,3000-12-31T00:00:00,2023-04-18T11:11:16.84,2,"DIVANI E POLTRONE",14,"Divani letto",,,BASIC,,Array,ciao,resr,okee
9902,22493040,88,99028,"x web divano c/penisola dx/letto e contenitore 254x167x74/93 charcoal",POLVEND3,SHINE,"COTTA COLLECTION AG",MCAA01,"COTTA COLLECTION AG",MCAA01,1187.7,638.55.00,1187.7,1187.7,22,,Riferimento,1,,0,0,0,0,0,0,0,,0,0,,3000-12-31T00:00:00,2023-04-18T11:11:16.853,2,"DIVANI E POLTRONE",14,"Divani letto",,,BASIC,,Array,ciao,resr,okee
9903,22493132,88,99035,"x web divano c/penisola sx/letto e contenitore 254x167x74/93 light grey",POLVEND3,SHINE,"COTTA COLLECTION AG",MCAA01,"COTTA COLLECTION AG",MCAA01,1187.7,638.55.00,1187.7,1187.7,22,,Riferimento,1,,0,0,0,0,0,0,0,,0,0,,3000-12-31T00:00:00,2023-04-18T11:11:16.853,2,"DIVANI E POLTRONE",14,"Divani letto",,,BASIC,,Array,ciao,resr,okee
9904,22493170,88,99042,"x web divano angolare dx 285x171xh75/90 steel",POLVEND3,SILVER,"COTTA COLLECTION AG",MCAA01,"COTTA COLLECTION AG",MCAA01,1270.07.00,650.43.00,1270.07.00,1270.07.00,22,,Riferimento,1,,0,0,0,0,0,0,0,,0,0,,3000-12-31T00:00:00,2023-04-18T11:11:16.87,2,"DIVANI E POLTRONE",13,"Divani modulari",,,BASIC,,Array,ciao,resr,okee
9905,22493231,88,99059,"x web divano angolare dx 285x171xh75/90 olive",POLVEND3,SILVER,"COTTA COLLECTION AG",MCAA01,"COTTA COLLECTION AG",MCAA01,1270.07.00,650.43.00,1270.07.00,1270.07.00,22,,Riferimento,1,,0,0,0,0,0,0,0,,0,0,,3000-12-31T00:00:00,2023-04-18T11:11:16.87,2,"DIVANI E POLTRONE",13,"Divani modulari",,,BASIC,,Array,ciao,resr,okee
9906,22493309,88,99066,"x web divano angolare sx 285x171xh75/90 brown",POLVEND3,SILVER,"COTTA COLLECTION AG",MCAA01,"COTTA COLLECTION AG",MCAA01,1270.07.00,650.43.00,1270.07.00,1270.07.00,22,,Riferimento,1,,0,0,0,0,0,0,0,,0,0,,3000-12-31T00:00:00,2023-04-18T11:11:16.887,2,"DIVANI E POLTRONE",13,"Divani modulari",,,BASIC,,Array,ciao,resr,okee
9907,22493897,88,99073,"x web divano angolare sx c/letto 262x228xh73/90 beige",POLVEND3,SONNY,"COTTA COLLECTION AG",MCAA01,"COTTA COLLECTION AG",MCAA01,1221.31.00,639.54.00,1221.31.00,1221.31.00,22,,Riferimento,1,,0,0,0,0,0,0,0,,0,0,,3000-12-31T00:00:00,2023-04-18T11:11:16.887,2,"DIVANI E POLTRONE",13,"Divani modulari",,,BASIC,,Array,ciao,resr,okee
9908,22494030,88,99080,"x web divano c/penisola sx/letto e contenitore 268x169h92 grey",POLVEND3,TAXI,"COTTA COLLECTION AG",MCAA01,"COTTA COLLECTION AG",MCAA01,1139.34.00,584.1,1139.34.00,1139.34.00,22,,Riferimento,1,,0,0,0,0,0,0,0,,0,0,,3000-12-31T00:00:00,2023-04-18T11:11:16.9,2,"DIVANI E POLTRONE",14,"Divani letto",,,BASIC,,Array,ciao,resr,okee
9909,22494047,88,99097,"x web divano c/penisola sx/letto e contenitore 268x169h92 argent",POLVEND3,TAXI,"COTTA COLLECTION AG",MCAA01,"COTTA COLLECTION AG",MCAA01,1139.34.00,584.1,1139.34.00,1139.34.00,22,,Riferimento,1,,0,0,0,0,0,0,0,,0,0,,3000-12-31T00:00:00,2023-04-18T11:11:18.51,2,"DIVANI E POLTRONE",14,"Divani letto",,,BASIC,,Array,ciao,resr,okee
9920,22194480,88,99202,"web divano letto angolare c/penisola dx+contenitore l244x166 h88 nero",POLVEND3,TOM,"COTTA COLLECTION AG",MCAA01,"COTTA COLLECTION AG",MCAA01,1138.52.00,578.16.00,1138.52.00,1138.52.00,22,,Riferimento,1,,0,0,0,0,0,0,0,,0,0,,3000-12-31T00:00:00,2023-04-18T11:11:18.7,2,"DIVANI E POLTRONE",13,"Divani modulari",,,BASIC,,Array,ciao,resr,okee
9921,22194527,88,99219,"web divano letto angolare c/penisola dx+contenitore l244x166 h88 tortora",POLVEND3,TOM,"COTTA COLLECTION AG",MCAA01,"COTTA COLLECTION AG",MCAA01,1138.52.00,578.16.00,1138.52.00,1138.52.00,22,,Riferimento,1,,0,0,0,0,0,0,0,,0,0,,3000-12-31T00:00:00,2023-04-18T11:11:18.713,2,"DIVANI E POLTRONE",13,"Divani modulari",,,BASIC,,Array,ciao,resr,okee
9922,22194558,88,99226,"web divano  letto angolare c/penisola sx+contenitore l244x166 h88 nero",POLVEND3,TOM,"COTTA COLLECTION AG",MCAA01,"COTTA COLLECTION AG",MCAA01,1138.52.00,578.16.00,1138.52.00,1138.52.00,22,,Riferimento,1,,0,0,0,0,0,0,0,,0,0,,3000-12-31T00:00:00,2023-04-18T11:11:18.73,2,"DIVANI E POLTRONE",13,"Divani modulari",,,BASIC,,Array,ciao,resr,okee
9923,22442727,88,99233,"divano c/cha.long.sx c/s.eletto l303x185xh71 e62 mud",POLVEND3,MUMBAI,"COTTA COLLECTION AG",MCAA01,"COTTA COLLECTION AG",MCAA01,1385.25.00,695.38.00,1385.25.00,1385.25.00,22,,Riferimento,1,,0,0,0,0,0,0,0,,0,0,,3000-12-31T00:00:00,2023-04-18T11:11:18.747,2,"DIVANI E POLTRONE",13,"Divani modulari",,,BASIC,,Array,ciao,resr,okee
9924,22442758,88,99240,"x web divanoc/penisola  dx/letto  e contenitore 226x169xh74/92 bianco",POLVEND3,SAND,"COTTA COLLECTION AG",MCAA01,"COTTA COLLECTION AG",MCAA01,1057.38.00,551.43.00,1057.38.00,1057.38.00,22,,Riferimento,1,,0,0,0,0,0,0,0,,0,0,,3000-12-31T00:00:00,2023-04-18T11:11:18.763,2,"DIVANI E POLTRONE",14,"Divani letto",,,BASIC,,Array,ciao,resr,okee
9925,22442956,88,99257,"x web divano angolare. sxc/letto  e contenitore 242x207xh74/92 bianco",POLVEND3,SAND,"COTTA COLLECTION AG",MCAA01,"COTTA COLLECTION AG",MCAA01,1270.49.00,644.49.00,1270.49.00,1270.49.00,22,,Riferimento,1,,0,0,0,0,0,0,0,,0,0,,3000-12-31T00:00:00,2023-04-18T11:11:18.777,2,"DIVANI E POLTRONE",14,"Divani letto",,,BASIC,,Array,ciao,resr,okee
9926,22492647,88,99264,"x web d angolare dx c/letto e c/term 249x207xh72/88 dark grey",POLVEND3,MALI,"COTTA COLLECTION AG",MCAA01,"COTTA COLLECTION AG",MCAA01,1221.31.00,629.05.00,1221.31.00,1221.31.00,22,,Riferimento,1,,0,0,0,0,0,0,0,,0,0,,3000-12-31T00:00:00,2023-04-18T11:11:18.777,2,"DIVANI E POLTRONE",14,"Divani letto",,,BASIC,,Array,ciao,resr,okee
9927,22492722,88,99271,"x web d c/penisola dx/letto e contenitore 244x166xh72/88 light grey",POLVEND3,MALI,"COTTA COLLECTION AG",MCAA01,"COTTA COLLECTION AG",MCAA01,1139.34.00,584.1,1139.34.00,1139.34.00,22,,Riferimento,1,,0,0,0,0,0,0,0,,0,0,,3000-12-31T00:00:00,2023-04-18T11:11:18.777,2,"DIVANI E POLTRONE",14,"Divani letto",,,BASIC,,Array,ciao,resr,okee
9928,22492784,88,99288,"x web d c/penisola sx/letto e contenitore 244x166xh72/88 light grey",POLVEND3,MALI,"COTTA COLLECTION AG",MCAA01,"COTTA COLLECTION AG",MCAA01,1139.34.00,584.1,1139.34.00,1139.34.00,22,,Riferimento,1,,0,0,0,0,0,0,0,,0,0,,3000-12-31T00:00:00,2023-04-18T11:11:18.793,2,"DIVANI E POLTRONE",14,"Divani letto",,,BASIC,,Array,ciao,resr,okee
9929,22492852,88,99295,"x web d angolare dx c/letto e contenitore term 256x208x74/93 beige",POLVEND3,SHINE,"COTTA COLLECTION AG",MCAA01,"COTTA COLLECTION AG",MCAA01,1221.31.00,673.2,1221.31.00,1221.31.00,22,,Riferimento,1,,0,0,0,0,0,0,0,,0,0,,3000-12-31T00:00:00,2023-04-18T11:11:18.793,2,"DIVANI E POLTRONE",14,"Divani letto",,,BASIC,,Array,ciao,resr,okee
9930,22492906,88,99301,"x web d angolare dx c/letto e contenitore term 256x208x74/93 mustard",POLVEND3,SHINE,"COTTA COLLECTION AG",MCAA01,"COTTA COLLECTION AG",MCAA01,1221.31.00,673.2,1221.31.00,1221.31.00,22,,Riferimento,1,,0,0,0,0,0,0,0,,0,0,,3000-12-31T00:00:00,2023-04-18T11:11:18.81,2,"DIVANI E POLTRONE",14,"Divani letto",,,BASIC,,Array,ciao,resr,okee
9931,22492975,88,99318,"x web d angolare sx c/letto contenitore ter 256x208x74/93 light grey",POLVEND3,SHINE,"COTTA COLLECTION AG",MCAA01,"COTTA COLLECTION AG",MCAA01,1221.31.00,673.2,1221.31.00,1221.31.00,22,,Riferimento,1,,0,0,0,0,0,0,0,,0,0,,3000-12-31T00:00:00,2023-04-18T11:11:18.81,2,"DIVANI E POLTRONE",14,"Divani letto",,,BASIC,,Array,ciao,resr,okee
9932,22493064,88,99325,"x web divano c/penisola dx/letto e contenitore 254x167x74/93 mustard",POLVEND3,SHINE,"COTTA COLLECTION AG",MCAA01,"COTTA COLLECTION AG",MCAA01,1187.7,638.55.00,1187.7,1187.7,22,,Riferimento,1,,0,0,0,0,0,0,0,,0,0,,3000-12-31T00:00:00,2023-04-18T11:11:18.81,2,"DIVANI E POLTRONE",14,"Divani letto",,,BASIC,,Array,ciao,resr,okee
9933,22493101,88,99332,"x web divano c/penisola sx/letto e contenitore 254x167x74/93 black",POLVEND3,SHINE,"COTTA COLLECTION AG",MCAA01,"COTTA COLLECTION AG",MCAA01,1187.7,638.55.00,1187.7,1187.7,22,,Riferimento,1,,0,0,0,0,0,0,0,,0,0,,3000-12-31T00:00:00,2023-04-18T11:11:18.823,2,"DIVANI E POLTRONE",14,"Divani letto",,,BASIC,,Array,ciao,resr,okee
9934,22493200,88,99349,"x web divano angolare dx 285x171xh75/90 dark beige",POLVEND3,SILVER,"COTTA COLLECTION AG",MCAA01,"COTTA COLLECTION AG",MCAA01,1270.07.00,650.43.00,1270.07.00,1270.07.00,22,,Riferimento,1,,0,0,0,0,0,0,0,,0,0,,3000-12-31T00:00:00,2023-04-18T11:11:18.823,2,"DIVANI E POLTRONE",13,"Divani modulari",,,BASIC,,Array,ciao,resr,okee
9935,22493293,88,99356,"x web divano angolare sx 285x171xh75/90 silver",POLVEND3,SILVER,"COTTA COLLECTION AG",MCAA01,"COTTA COLLECTION AG",MCAA01,1270.07.00,650.43.00,1270.07.00,1270.07.00,22,,Riferimento,1,,0,0,0,0,0,0,0,,0,0,,3000-12-31T00:00:00,2023-04-18T11:11:18.823,2,"DIVANI E POLTRONE",13,"Divani modulari",,,BASIC,,Array,ciao,resr,okee
9936,22493941,88,99363,"x web divano angolare sx c/letto 262x228xh73/90 mustard",POLVEND3,SONNY,"COTTA COLLECTION AG",MCAA01,"COTTA COLLECTION AG",MCAA01,1221.31.00,639.54.00,1221.31.00,1221.31.00,22,,Riferimento,1,,0,0,0,0,0,0,0,,0,0,,3000-12-31T00:00:00,2023-04-18T11:11:18.84,2,"DIVANI E POLTRONE",13,"Divani modulari",,,BASIC,,Array,ciao,resr,okee
9937,22493972,88,99370,"x web divano c/penisola dx/letto e contenitore 268x169h92 black",POLVEND3,TAXI,"COTTA COLLECTION AG",MCAA01,"COTTA COLLECTION AG",MCAA01,1139.34.00,584.1,1139.34.00,1139.34.00,22,,Riferimento,1,,0,0,0,0,0,0,0,,0,0,,3000-12-31T00:00:00,2023-04-18T11:11:18.84,2,"DIVANI E POLTRONE",14,"Divani letto",,,BASIC,,Array,ciao,resr,okee
9938,22493989,88,99387,"x web divano c/penisola dx/letto e contenitore 268x169h92 grey",POLVEND3,TAXI,"COTTA COLLECTION AG",MCAA01,"COTTA COLLECTION AG",MCAA01,1139.34.00,584.1,1139.34.00,1139.34.00,22,,Riferimento,1,,0,0,0,0,0,0,0,,0,0,,3000-12-31T00:00:00,2023-04-18T11:11:18.84,2,"DIVANI E POLTRONE",14,"Divani letto",,,BASIC,,Array,ciao,resr,okee
9939,22494023,88,99394,"x web divano c/penisola sx/letto e contenitore 268x169h92 black",POLVEND3,TAXI,"COTTA COLLECTION AG",MCAA01,"COTTA COLLECTION AG",MCAA01,1139.34.00,584.1,1139.34.00,1139.34.00,22,,Riferimento,1,,0,0,0,0,0,0,0,,0,0,,3000-12-31T00:00:00,2023-04-18T11:11:18.857,2,"DIVANI E POLTRONE",14,"Divani letto",,,BASIC,,Array,ciao,resr,okee
9940,22494054,88,99400,"x web divano c/penisola sx/letto e contenitore 268x169h92 cherry",POLVEND3,TAXI,"COTTA COLLECTION AG",MCAA01,"COTTA COLLECTION AG",MCAA01,1139.34.00,584.1,1139.34.00,1139.34.00,22,,Riferimento,1,,0,0,0,0,0,0,0,,0,0,,3000-12-31T00:00:00,2023-04-18T11:11:18.857,2,"DIVANI E POLTRONE",14,"Divani letto",,,BASIC,,Array,ciao,resr,okee
9941,22494115,88,99417,"x web divano angolare dx 263x170x91h c/reclain eletto coral",POLVEND3,TOPIC,"COTTA COLLECTION AG",MCAA01,"COTTA COLLECTION AG",MCAA01,1467.21.00,771.21.00,1467.21.00,1467.21.00,22,,Riferimento,1,,0,0,0,0,0,0,0,,0,0,,3000-12-31T00:00:00,2023-04-18T11:11:18.857,2,"DIVANI E POLTRONE",13,"Divani modulari",,,BASIC,,Array,ciao,resr,okee
9942,22494146,88,99424,"x web divano angolare sx 263x170x91h c/reclain eletto dark brown",POLVEND3,TOPIC,"COTTA COLLECTION AG",MCAA01,"COTTA COLLECTION AG",MCAA01,1467.21.00,771.21.00,1467.21.00,1467.21.00,22,,Riferimento,1,,0,0,0,0,0,0,0,,0,0,,3000-12-31T00:00:00,2023-04-18T11:11:18.87,2,"DIVANI E POLTRONE",13,"Divani modulari",,,BASIC,,Array,ciao,resr,okee
9943,22494153,88,99431,"x web divano angolare sx 263x170x91h c/reclain eletto liver",POLVEND3,TOPIC,"COTTA COLLECTION AG",MCAA01,"COTTA COLLECTION AG",MCAA01,1467.21.00,771.21.00,1467.21.00,1467.21.00,22,,Riferimento,1,,0,0,0,0,0,0,0,,0,0,,3000-12-31T00:00:00,2023-04-18T11:11:18.87,2,"DIVANI E POLTRONE",13,"Divani modulari",,,BASIC,,Array,ciao,resr,okee
9944,22494177,88,99448,"x web divano angolare sx 263x170x91h c/reclain eletto coral",POLVEND3,TOPIC,"COTTA COLLECTION AG",MCAA01,"COTTA COLLECTION AG",MCAA01,1467.21.00,771.21.00,1467.21.00,1467.21.00,22,,Riferimento,1,,0,0,0,0,0,0,0,,0,0,,3000-12-31T00:00:00,2023-04-18T11:11:18.87,2,"DIVANI E POLTRONE",13,"Divani modulari",,,BASIC,,Array,ciao,resr,okee
9961,22442697,88,99615,"divano c/cha.long.dx c/s.eletto l303x185xh70 e62 mud",POLVEND3,MUMBAI,"COTTA COLLECTION AG",MCAA01,"COTTA COLLECTION AG",MCAA01,1385.25.00,695.38.00,1385.25.00,1385.25.00,22,,Riferimento,1,,0,0,0,0,0,0,0,,0,0,,3000-12-31T00:00:00,2023-04-18T11:11:20.683,2,"DIVANI E POLTRONE",13,"Divani modulari",,,BASIC,,Array,ciao,resr,okee
9962,22442734,88,99622,"divano c/cha.long.sx c/s.eletto l303x185xh72 e63 black",POLVEND3,MUMBAI,"COTTA COLLECTION AG",MCAA01,"COTTA COLLECTION AG",MCAA01,1385.25.00,695.38.00,1385.25.00,1385.25.00,22,,Riferimento,1,,0,0,0,0,0,0,0,,0,0,,3000-12-31T00:00:00,2023-04-18T11:11:20.7,2,"DIVANI E POLTRONE",13,"Divani modulari",,,BASIC,,Array,ciao,resr,okee
9963,22442857,88,99639,"x web divano angolare. dxc/letto  e contenitore 242x207xh74/92 tortor",POLVEND3,SAND,"COTTA COLLECTION AG",MCAA01,"COTTA COLLECTION AG",MCAA01,1270.49.00,644.49.00,1270.49.00,1270.49.00,22,,Riferimento,1,,0,0,0,0,0,0,0,,0,0,,3000-12-31T00:00:00,2023-04-18T11:11:20.717,2,"DIVANI E POLTRONE",14,"Divani letto",,,BASIC,,Array,ciao,resr,okee
9964,22442888,88,99646,"x web divano angolare. dxc/letto  e contenitore 242x207xh74/92 grigio",POLVEND3,SAND,"COTTA COLLECTION AG",MCAA01,"COTTA COLLECTION AG",MCAA01,1270.49.00,644.49.00,1270.49.00,1270.49.00,22,,Riferimento,1,,0,0,0,0,0,0,0,,0,0,,3000-12-31T00:00:00,2023-04-18T11:11:20.73,2,"DIVANI E POLTRONE",14,"Divani letto",,,BASIC,,Array,ciao,resr,okee
9965,22442895,88,99653,"x web divano angolare. dxc/letto  e contenitore 242x207xh74/92 bianco",POLVEND3,SAND,"COTTA COLLECTION AG",MCAA01,"COTTA COLLECTION AG",MCAA01,1270.49.00,644.49.00,1270.49.00,1270.49.00,22,,Riferimento,1,,0,0,0,0,0,0,0,,0,0,,3000-12-31T00:00:00,2023-04-18T11:11:20.747,2,"DIVANI E POLTRONE",14,"Divani letto",,,BASIC,,Array,ciao,resr,okee
9966,22492630,88,99660,"x web d angolare dx c/letto e c/term 249x207xh72/88 liver",POLVEND3,MALI,"COTTA COLLECTION AG",MCAA01,"COTTA COLLECTION AG",MCAA01,1221.31.00,629.05.00,1221.31.00,1221.31.00,22,,Riferimento,1,,0,0,0,0,0,0,0,,0,0,,3000-12-31T00:00:00,2023-04-18T11:11:20.747,2,"DIVANI E POLTRONE",14,"Divani letto",,,BASIC,,Array,ciao,resr,okee
9967,22492654,88,99677,"x web d angolare dx c/letto e c/term 249x207xh72/88 coral",POLVEND3,MALI,"COTTA COLLECTION AG",MCAA01,"COTTA COLLECTION AG",MCAA01,1221.31.00,629.05.00,1221.31.00,1221.31.00,22,,Riferimento,1,,0,0,0,0,0,0,0,,0,0,,3000-12-31T00:00:00,2023-04-18T11:11:20.763,2,"DIVANI E POLTRONE",14,"Divani letto",,,BASIC,,Array,ciao,resr,okee
9968,22492715,88,99684,"x web d angolare sx c/letto e c/term 249x207xh72/88 coral",POLVEND3,MALI,"COTTA COLLECTION AG",MCAA01,"COTTA COLLECTION AG",MCAA01,1221.31.00,629.05.00,1221.31.00,1221.31.00,22,,Riferimento,1,,0,0,0,0,0,0,0,,0,0,,3000-12-31T00:00:00,2023-04-18T11:11:20.763,2,"DIVANI E POLTRONE",14,"Divani letto",,,BASIC,,Array,ciao,resr,okee
9969,22493026,88,99691,"x web divano c/penisola dx/letto e contenitore 254x167x74/93 black",POLVEND3,SHINE,"COTTA COLLECTION AG",MCAA01,"COTTA COLLECTION AG",MCAA01,1187.7,638.55.00,1187.7,1187.7,22,,Riferimento,1,,0,0,0,0,0,0,0,,0,0,,3000-12-31T00:00:00,2023-04-18T11:11:20.777,2,"DIVANI E POLTRONE",14,"Divani letto",,,BASIC,,Array,ciao,resr,okee
9970,22493279,88,99707,"x web divano angolare sx 285x171xh75/90 light brown",POLVEND3,SILVER,"COTTA COLLECTION AG",MCAA01,"COTTA COLLECTION AG",MCAA01,1270.07.00,650.43.00,1270.07.00,1270.07.00,22,,Riferimento,1,,0,0,0,0,0,0,0,,0,0,,3000-12-31T00:00:00,2023-04-18T11:11:20.793,2,"DIVANI E POLTRONE",13,"Divani modulari",,,BASIC,,Array,ciao,resr,okee
9971,22493316,88,99714,"x web divano angolare sx 285x171xh75/90 olive",POLVEND3,SILVER,"COTTA COLLECTION AG",MCAA01,"COTTA COLLECTION AG",MCAA01,1270.07.00,650.43.00,1270.07.00,1270.07.00,22,,Riferimento,1,,0,0,0,0,0,0,0,,0,0,,3000-12-31T00:00:00,2023-04-18T11:11:20.793,2,"DIVANI E POLTRONE",13,"Divani modulari",,,BASIC,,Array,ciao,resr,okee
9972,22493804,88,99721,"x web divano angolare dx c/letto 262x228xh73/90 azure",POLVEND3,SONNY,"COTTA COLLECTION AG",MCAA01,"COTTA COLLECTION AG",MCAA01,1221.31.00,639.54.00,1221.31.00,1221.31.00,22,,Riferimento,1,,0,0,0,0,0,0,0,,0,0,,3000-12-31T00:00:00,2023-04-18T11:11:20.81,2,"DIVANI E POLTRONE",13,"Divani modulari",,,BASIC,,Array,ciao,resr,okee
9973,22493873,88,99738,"x web divano angolare dx c/letto 262x228xh73/90 olive",POLVEND3,SONNY,"COTTA COLLECTION AG",MCAA01,"COTTA COLLECTION AG",MCAA01,1221.31.00,639.54.00,1221.31.00,1221.31.00,22,,Riferimento,1,,0,0,0,0,0,0,0,,0,0,,3000-12-31T00:00:00,2023-04-18T11:11:20.81,2,"DIVANI E POLTRONE",13,"Divani modulari",,,BASIC,,Array,ciao,resr,okee
9974,22494016,88,99745,"x web divano c/penisola sx/letto e contenitore 268x169h92 brown",POLVEND3,TAXI,"COTTA COLLECTION AG",MCAA01,"COTTA COLLECTION AG",MCAA01,1139.34.00,584.1,1139.34.00,1139.34.00,22,,Riferimento,1,,0,0,0,0,0,0,0,,0,0,,3000-12-31T00:00:00,2023-04-18T11:11:20.823,2,"DIVANI E POLTRONE",14,"Divani letto",,,BASIC,,Array,ciao,resr,okee
9975,22494085,88,99752,"x web divano angolare dx 263x170x91h c/reclain eletto dark brown",POLVEND3,TOPIC,"COTTA COLLECTION AG",MCAA01,"COTTA COLLECTION AG",MCAA01,1467.21.00,771.21.00,1467.21.00,1467.21.00,22,,Riferimento,1,,0,0,0,0,0,0,0,,0,0,,3000-12-31T00:00:00,2023-04-18T11:11:20.823,2,"DIVANI E POLTRONE",13,"Divani modulari",,,BASIC,,Array,ciao,resr,okee
9976,22494122,88,99769,"x web divano angolare sx 263x170x91h c/reclain eletto light grey",POLVEND3,TOPIC,"COTTA COLLECTION AG",MCAA01,"COTTA COLLECTION AG",MCAA01,1467.21.00,771.21.00,1467.21.00,1467.21.00,22,,Riferimento,1,,0,0,0,0,0,0,0,,0,0,,3000-12-31T00:00:00,2023-04-18T11:11:20.84,2,"DIVANI E POLTRONE",13,"Divani modulari",,,BASIC,,Array,ciao,resr,okee
9985,22220745,88,99851,"tavolo allungabile top in marmo bianco e struttura  ttura ura bianca 160/240x80x7h",POLVEND3,FENIX,"CICIRIELLO SRL",CICI01,"CICIRIELLO SRL",CICI01,1270.49.00,620,1270.49.00,1270.49.00,22,,Riferimento,1,,0,0,0,0,0,0,0,,0,0,,3000-12-31T00:00:00,2023-04-18T11:17:03.093,1,SOGGIORNI,42,Sedie,,,BASIC,,Array,ciao,resr,okee
9986,22220813,88,99868,"sedia seduta tessuto giallo base metallo nero 49x59x83h",POLVEND3,FREDDY,"CICIRIELLO SRL",CICI01,"CICIRIELLO SRL",CICI01,143.44.00,64,143.44.00,143.44.00,22,,Riferimento,1,,0,0,0,0,0,0,0,,0,0,,3000-12-31T00:00:00,2023-04-18T11:17:03.11,1,SOGGIORNI,31,Tavolini,,,FUSION,,Array,ciao,resr,okee
9987,22220837,88,99875,"sedia seduta tessuto verde base metallo nero 49x59x83h",POLVEND3,FREDDY,"CICIRIELLO SRL",CICI01,"CICIRIELLO SRL",CICI01,143.44.00,64,143.44.00,143.44.00,22,,Riferimento,1,,0,0,0,0,0,0,0,,0,0,,3000-12-31T00:00:00,2023-04-18T11:17:03.127,1,SOGGIORNI,31,Tavolini,,,FUSION,,Array,ciao,resr,okee
9994,22453334,88,99943,"sedia seduta tessuto giallo base metallo nero 50x52x81h",POLVEND3,GLAM,"CICIRIELLO SRL",CICI01,"CICIRIELLO SRL",CICI01,106.14.00,46,106.14.00,106.14.00,22,,Riferimento,1,,0,0,0,0,0,0,0,,0,0,,3000-12-31T00:00:00,2023-04-18T11:17:03.203,1,SOGGIORNI,46,"Tavoli Allungabili",,,BASIC,,Array,ciao,resr,okee
10012,22220882,88,100120,"sgabello seduta tessuto verde base metallo nero 49x59x83h",POLVEND3,FREDDY,"CICIRIELLO SRL",CICI01,"CICIRIELLO SRL",CICI01,172.13.00,72,172.13.00,172.13.00,22,,Riferimento,1,,0,0,0,0,0,0,0,,0,0,,3000-12-31T00:00:00,2023-04-18T11:17:03.407,1,SOGGIORNI,42,Sedie,,,FUSION,,Array,ciao,resr,okee
10013,22220899,88,100137,"sgabello seduta tessuto grigio chiar.base metallo nero 49x59x83h",POLVEND3,FREDDY,"CICIRIELLO SRL",CICI01,"CICIRIELLO SRL",CICI01,172.13.00,72,172.13.00,172.13.00,22,,Riferimento,1,,0,0,0,0,0,0,0,,0,0,,3000-12-31T00:00:00,2023-04-18T11:17:03.407,1,SOGGIORNI,42,Sedie,,,FUSION,,Array,ciao,resr,okee
10014,22220943,88,100144,"sedia seduta in tessuto marrone base metallo marrone 43x63x93h",POLVEND3,ITALIC,"CICIRIELLO SRL",CICI01,"CICIRIELLO SRL",CICI01,143.44.00,68,143.44.00,143.44.00,22,,Riferimento,1,,0,0,0,0,0,0,0,,0,0,,3000-12-31T00:00:00,2023-04-18T11:17:03.423,1,SOGGIORNI,42,Sedie,,,BASIC,,Array,ciao,resr,okee
10015,22221001,88,100151,"sedia base in tessuto blu base in metallo nero 45x52x47h",POLVEND3,PAMEL,"CICIRIELLO SRL",CICI01,"CICIRIELLO SRL",CICI01,89.34.00,45,89.34.00,89.34.00,22,,Riferimento,1,,0,0,0,0,0,0,0,,0,0,,3000-12-31T00:00:00,2023-04-18T11:17:03.437,1,SOGGIORNI,31,Tavolini,,,BASIC,,Array,ciao,resr,okee
10016,22221032,88,100168,"sedia seduta in ecopelle tortora base metallo nero 48x57x85h",POLVEND3,ROLLER,"CICIRIELLO SRL",CICI01,"CICIRIELLO SRL",CICI01,135.25.00,61,135.25.00,135.25.00,22,,Riferimento,1,,0,0,0,0,0,0,0,,0,0,,3000-12-31T00:00:00,2023-04-18T11:17:03.437,1,SOGGIORNI,42,Sedie,,,FUSION,,Array,ciao,resr,okee
10018,22439871,88,100182,"sedia seduta tessuto grigio scuro base metallo nero 45x54x88h",POLVEND3,KOLER,"CICIRIELLO SRL",CICI01,"CICIRIELLO SRL",CICI01,81.15.00,36,81.15.00,81.15.00,22,,Riferimento,1,,0,0,0,0,0,0,0,,0,0,,3000-12-31T00:00:00,2023-04-18T11:17:03.47,1,SOGGIORNI,42,Sedie,,,BASIC,,Array,ciao,resr,okee
10037,22220653,88,100373,"tavolo allungabile top marmo bianco gambe bianco 160/240x90x76h",POLVEND3,ELIS,"CICIRIELLO SRL",CICI01,"CICIRIELLO SRL",CICI01,1188.52.00,560,1188.52.00,1188.52.00,22,,Riferimento,1,,0,0,0,0,0,0,0,,0,0,,3000-12-31T00:00:00,2023-04-18T11:17:05.297,1,SOGGIORNI,46,"Tavoli Allungabili",,,BASIC,,Array,ciao,resr,okee
10038,22220776,88,100380,"tavolo allungabile top in marmo bianco e struttura bianco 120/180x90x76h",POLVEND3,HALL,"CICIRIELLO SRL",CICI01,"CICIRIELLO SRL",CICI01,1311.48.00,580,1311.48.00,1311.48.00,22,,Riferimento,1,,0,0,0,0,0,0,0,,0,0,,3000-12-31T00:00:00,2023-04-18T11:17:05.297,1,SOGGIORNI,42,Sedie,,,BASIC,,Array,ciao,resr,okee
10039,22220783,88,100397,"tavolo allungabile top in marmo grigio e stuttura antracite 120/180x90x76h",POLVEND3,HALL,"CICIRIELLO SRL",CICI01,"CICIRIELLO SRL",CICI01,1311.48.00,580,1311.48.00,1311.48.00,22,,Riferimento,1,,0,0,0,0,0,0,0,,0,0,,3000-12-31T00:00:00,2023-04-18T11:17:05.313,1,SOGGIORNI,42,Sedie,,,BASIC,,Array,ciao,resr,okee
10040,22220844,88,100403,"sedia seduta tessuto grigio chiaro base metallo nero 49x59x83h",POLVEND3,FREDDY,"CICIRIELLO SRL",CICI01,"CICIRIELLO SRL",CICI01,143.44.00,64,143.44.00,143.44.00,22,,Riferimento,1,,0,0,0,0,0,0,0,,0,0,,3000-12-31T00:00:00,2023-04-18T11:17:05.33,1,SOGGIORNI,47,Sgabelli,,,FUSION,,Array,ciao,resr,okee
10041,22220851,88,100410,"sedia seduta tessuto fumo base metallo nero 49x59x83h",POLVEND3,FREDDY,"CICIRIELLO SRL",CICI01,"CICIRIELLO SRL",CICI01,143.44.00,64,143.44.00,143.44.00,22,,Riferimento,1,,0,0,0,0,0,0,0,,0,0,,3000-12-31T00:00:00,2023-04-18T11:17:05.33,1,SOGGIORNI,42,Sedie,,,FUSION,,Array,ciao,resr,okee
10042,22220905,88,100427,"sgabello seduta tessuto fumo base metallo nero 49x59x83h",POLVEND3,FREDDY,"CICIRIELLO SRL",CICI01,"CICIRIELLO SRL",CICI01,172.13.00,72,172.13.00,172.13.00,22,,Riferimento,1,,0,0,0,0,0,0,0,,0,0,,3000-12-31T00:00:00,2023-04-18T11:17:05.343,1,SOGGIORNI,31,Tavolini,,,FUSION,,Array,ciao,resr,okee
10043,22221063,88,100434,"sedia seduta in ecopelle antracite base metallo nero 48x57x85h",POLVEND3,ROLLER,"CICIRIELLO SRL",CICI01,"CICIRIELLO SRL",CICI01,135.25.00,61,135.25.00,135.25.00,22,,Riferimento,1,,0,0,0,0,0,0,0,,0,0,,3000-12-31T00:00:00,2023-04-18T11:17:05.36,1,SOGGIORNI,31,Tavolini,,,FUSION,,Array,ciao,resr,okee
10052,22439888,88,100526,"sedia seduta tessuto giallo base metallo nero 45x54x88h",POLVEND3,KOLER,"CICIRIELLO SRL",CICI01,"CICIRIELLO SRL",CICI01,81.15.00,36,81.15.00,81.15.00,22,,Riferimento,1,,0,0,0,0,0,0,0,,0,0,,3000-12-31T00:00:00,2023-04-18T11:17:05.453,1,SOGGIORNI,41,"Tavoli Fissi",,,BASIC,,Array,ciao,resr,okee
10053,22439901,88,100533,"sedia seduta ecopelle verde base metallo nero 45x53x88h",POLVEND3,ARCADIA,"CICIRIELLO SRL",CICI01,"CICIRIELLO SRL",CICI01,86.07.00,40,86.07.00,86.07.00,22,,Riferimento,1,,0,0,0,0,0,0,0,,0,0,,3000-12-31T00:00:00,2023-04-18T11:17:05.453,1,SOGGIORNI,41,"Tavoli Fissi",,,BASIC,,Array,ciao,resr,okee
10075,22220660,88,100755,"tavolo allungabile top marmo grigio gambe antracite 160/240x90x76h",POLVEND3,ELIS,"CICIRIELLO SRL",CICI01,"CICIRIELLO SRL",CICI01,1188.52.00,560,1188.52.00,1188.52.00,22,,Riferimento,1,,0,0,0,0,0,0,0,,0,0,,3000-12-31T00:00:00,2023-04-18T11:17:05.687,1,SOGGIORNI,46,"Tavoli Allungabili",,,BASIC,,Array,ciao,resr,okee
10077,22220721,88,100779,"tavolo allungabile top in marmo grigio e struttura antracite 120/180x80x7h",POLVEND3,FENIX,"CICIRIELLO SRL",CICI01,"CICIRIELLO SRL",CICI01,975.41.00,476,975.41.00,975.41.00,22,,Riferimento,1,,0,0,0,0,0,0,0,,0,0,,3000-12-31T00:00:00,2023-04-18T11:17:05.72,1,SOGGIORNI,42,Sedie,,,BASIC,,Array,ciao,resr,okee
10078,22220868,88,100786,"sgabello seduta tessuto giallo base metallo nero 49x59x83h",POLVEND3,FREDDY,"CICIRIELLO SRL",CICI01,"CICIRIELLO SRL",CICI01,172.13.00,72,172.13.00,172.13.00,22,,Riferimento,1,,0,0,0,0,0,0,0,,0,0,,3000-12-31T00:00:00,2023-04-18T11:17:05.72,1,SOGGIORNI,42,Sedie,,,FUSION,,Array,ciao,resr,okee
10079,22220912,88,100793,"sedia seduta in tessuto grigio chiaro base metallo nero 43x63x93h",POLVEND3,ITALIC,"CICIRIELLO SRL",CICI01,"CICIRIELLO SRL",CICI01,143.44.00,68,143.44.00,143.44.00,22,,Riferimento,1,,0,0,0,0,0,0,0,,0,0,,3000-12-31T00:00:00,2023-04-18T11:17:05.737,1,SOGGIORNI,42,Sedie,,,BASIC,,Array,ciao,resr,okee
10080,22220950,88,100809,"sedia ecopelle grigio vintage 50x60x88h",POLVEND3,LEON,"CICIRIELLO SRL",CICI01,"CICIRIELLO SRL",CICI01,164.33.00,76,164.33.00,164.33.00,22,,Riferimento,1,,0,0,0,0,0,0,0,,0,0,,3000-12-31T00:00:00,2023-04-18T11:17:05.75,1,SOGGIORNI,42,Sedie,,,FUSION,,Array,ciao,resr,okee
10081,22221025,88,100816,"sedia base in tessuto antracite base in metallo nero 45x52x47h",POLVEND3,PAMEL,"CICIRIELLO SRL",CICI01,"CICIRIELLO SRL",CICI01,89.34.00,45,89.34.00,89.34.00,22,,Riferimento,1,,0,0,0,0,0,0,0,,0,0,,3000-12-31T00:00:00,2023-04-18T11:17:05.75,2,"DIVANI E POLTRONE",11,Poltrone,,,BASIC,,Array,ciao,resr,okee
10082,22221049,88,100823,"sedia seduta in ecopelle cafe base metallo cafe 48x57x85h",POLVEND3,ROLLER,"CICIRIELLO SRL",CICI01,"CICIRIELLO SRL",CICI01,135.25.00,61,135.25.00,135.25.00,22,,Riferimento,1,,0,0,0,0,0,0,0,,0,0,,3000-12-31T00:00:00,2023-04-18T11:17:05.767,1,SOGGIORNI,31,Tavolini,,,FUSION,,Array,ciao,resr,okee
10083,22221087,88,100830,"poltrona in ecopelle marrone struttura metallo nero 65x68x78h",POLVEND3,MERIDIAN,"CICIRIELLO SRL",CICI01,"CICIRIELLO SRL",CICI01,348.36.00,150,348.36.00,348.36.00,22,,Riferimento,1,,0,0,0,0,0,0,0,,0,0,,3000-12-31T00:00:00,2023-04-18T11:17:07.397,1,SOGGIORNI,31,Tavolini,,,RAW,,Array,ciao,resr,okee
10107,22220752,88,101073,"tavolo allungabile top in marmo grigio e struttura  ttura .antracite 160/240x80x7h",POLVEND3,FENIX,"CICIRIELLO SRL",CICI01,"CICIRIELLO SRL",CICI01,1270.49.00,620,1270.49.00,1270.49.00,22,,Riferimento,1,,0,0,0,0,0,0,0,,0,0,,3000-12-31T00:00:00,2023-04-18T11:17:07.677,1,SOGGIORNI,42,Sedie,,,BASIC,,Array,ciao,resr,okee
10108,22220875,88,101080,"sgabello seduta tessuto marrone base metallo marrone 49x59x83h",POLVEND3,FREDDY,"CICIRIELLO SRL",CICI01,"CICIRIELLO SRL",CICI01,172.13.00,72,172.13.00,172.13.00,22,,Riferimento,1,,0,0,0,0,0,0,0,,0,0,,3000-12-31T00:00:00,2023-04-18T11:17:07.693,2,"DIVANI E POLTRONE",11,Poltrone,,,FUSION,,Array,ciao,resr,okee
10109,22221018,88,101097,"sedia base in tessuto grigio chiaro base in metallo nero 45x52x47h",POLVEND3,PAMEL,"CICIRIELLO SRL",CICI01,"CICIRIELLO SRL",CICI01,89.34.00,45,89.34.00,89.34.00,22,,Riferimento,1,,0,0,0,0,0,0,0,,0,0,,3000-12-31T00:00:00,2023-04-18T11:17:07.707,1,SOGGIORNI,31,Tavolini,,,BASIC,,Array,ciao,resr,okee
10110,22221094,88,101103,"poltrona in ecopelle verde struttura  ttura ura metallo nero 65x68x78h",POLVEND3,MERIDIAN,"CICIRIELLO SRL",CICI01,"CICIRIELLO SRL",CICI01,348.36.00,150,348.36.00,348.36.00,22,,Riferimento,1,,0,0,0,0,0,0,0,,0,0,,3000-12-31T00:00:00,2023-04-18T11:17:07.707,1,SOGGIORNI,31,Tavolini,,,RAW,,Array,ciao,resr,okee
10114,22453327,88,101141,"sedia seduta tessuto blu base metallo nero 50x52x81h",POLVEND3,GLAM,"CICIRIELLO SRL",CICI01,"CICIRIELLO SRL",CICI01,106.14.00,46,106.14.00,106.14.00,22,,Riferimento,1,,0,0,0,0,0,0,0,,0,0,,3000-12-31T00:00:00,2023-04-18T11:17:07.757,1,SOGGIORNI,42,Sedie,,,BASIC,,Array,ciao,resr,okee
10115,22453341,88,101158,"sedia seduta tessuto grigio  scuro base metallo nero 50x52x81h",POLVEND3,GLAM,"CICIRIELLO SRL",CICI01,"CICIRIELLO SRL",CICI01,106.14.00,46,106.14.00,106.14.00,22,,Riferimento,1,,0,0,0,0,0,0,0,,0,0,,3000-12-31T00:00:00,2023-04-18T11:17:07.757,1,SOGGIORNI,41,"Tavoli Fissi",,,BASIC,,Array,ciao,resr,okee
10136,22220769,88,101363,"tavolo allungabile top in vetro antracite e struttura  ttura .antrac.160/240x80x7h",POLVEND3,FENIX,"CICIRIELLO SRL",CICI01,"CICIRIELLO SRL",CICI01,844.26.00,430,844.26.00,844.26.00,22,,Riferimento,1,,0,0,0,0,0,0,0,,0,0,,3000-12-31T00:00:00,2023-04-18T11:17:09.6,1,SOGGIORNI,31,Tavolini,,,BASIC,,Array,ciao,resr,okee
10137,22220981,88,101370,"sedia base in tessuto giallo base in metallo nero 45x52x47h",POLVEND3,PAMEL,"CICIRIELLO SRL",CICI01,"CICIRIELLO SRL",CICI01,89.34.00,45,89.34.00,89.34.00,22,,Riferimento,1,,0,0,0,0,0,0,0,,0,0,,3000-12-31T00:00:00,2023-04-18T11:17:09.6,1,SOGGIORNI,41,"Tavoli Fissi",,,BASIC,,Array,ciao,resr,okee
10157,22220714,88,101578,"tavolo allungabile top in marmo bianco e struttura bianca 120/180x80x7h",POLVEND3,FENIX,"CICIRIELLO SRL",CICI01,"CICIRIELLO SRL",CICI01,975.41.00,476,975.41.00,975.41.00,22,,Riferimento,1,,0,0,0,0,0,0,0,,0,0,,3000-12-31T00:00:00,2023-04-18T11:17:09.82,1,SOGGIORNI,42,Sedie,,,BASIC,,Array,ciao,resr,okee
10158,22220929,88,101585,"sedia seduta in tessuto fumo base metallo nero 43x63x93h",POLVEND3,ITALIC,"CICIRIELLO SRL",CICI01,"CICIRIELLO SRL",CICI01,143.44.00,68,143.44.00,143.44.00,22,,Riferimento,1,,0,0,0,0,0,0,0,,0,0,,3000-12-31T00:00:00,2023-04-18T11:17:09.837,1,SOGGIORNI,42,Sedie,,,BASIC,,Array,ciao,resr,okee
10159,22220936,88,101592,"sedia seduta in tessuto verde base metallo nero 43x63x93h",POLVEND3,ITALIC,"CICIRIELLO SRL",CICI01,"CICIRIELLO SRL",CICI01,143.44.00,68,143.44.00,143.44.00,22,,Riferimento,1,,0,0,0,0,0,0,0,,0,0,,3000-12-31T00:00:00,2023-04-18T11:17:09.837,1,SOGGIORNI,42,Sedie,,,BASIC,,Array,ciao,resr,okee
10160,22220967,88,101608,"sedia ecopelle marrone vintage 50x60x88h",POLVEND3,LEON,"CICIRIELLO SRL",CICI01,"CICIRIELLO SRL",CICI01,164.33.00,76,164.33.00,164.33.00,22,,Riferimento,1,,0,0,0,0,0,0,0,,0,0,,3000-12-31T00:00:00,2023-04-18T11:17:09.85,1,SOGGIORNI,42,Sedie,,,FUSION,,Array,ciao,resr,okee
10161,22220998,88,101615,"sedia base in tessuto marrone base in metallo marrone 45x52x47h",POLVEND3,PAMEL,"CICIRIELLO SRL",CICI01,"CICIRIELLO SRL",CICI01,89.34.00,45,89.34.00,89.34.00,22,,Riferimento,1,,0,0,0,0,0,0,0,,0,0,,3000-12-31T00:00:00,2023-04-18T11:17:09.85,2,"DIVANI E POLTRONE",11,Poltrone,,,BASIC,,Array,ciao,resr,okee
10162,22221056,88,101622,"sedia seduta in ecopelle oliva base metallo nero 48x57x85h",POLVEND3,ROLLER,"CICIRIELLO SRL",CICI01,"CICIRIELLO SRL",CICI01,135.25.00,61,135.25.00,135.25.00,22,,Riferimento,1,,0,0,0,0,0,0,0,,0,0,,3000-12-31T00:00:00,2023-04-18T11:17:09.867,1,SOGGIORNI,31,Tavolini,,,FUSION,,Array,ciao,resr,okee
10163,22221070,88,101639,"poltrona in ecopelle antracite struttura  ttura ura metallo nero 65x68x78h",POLVEND3,MERIDIAN,"CICIRIELLO SRL",CICI01,"CICIRIELLO SRL",CICI01,348.36.00,150,348.36.00,348.36.00,22,,Riferimento,1,,0,0,0,0,0,0,0,,0,0,,3000-12-31T00:00:00,2023-04-18T11:17:09.883,1,SOGGIORNI,31,Tavolini,,,RAW,,Array,ciao,resr,okee
10168,22439864,88,101684,"sedia seduta tessuto grigio chiaro base metallo nero 45x54x88h",POLVEND3,KOLER,"CICIRIELLO SRL",CICI01,"CICIRIELLO SRL",CICI01,81.15.00,36,81.15.00,81.15.00,22,,Riferimento,1,,0,0,0,0,0,0,0,,0,0,,3000-12-31T00:00:00,2023-04-18T11:17:09.93,1,SOGGIORNI,42,Sedie,,,BASIC,,Array,ciao,resr,okee
10186,22220820,88,101868,"sedia seduta tessuto marrone base metallo marrone 49x59x83h",POLVEND3,FREDDY,"CICIRIELLO SRL",CICI01,"CICIRIELLO SRL",CICI01,143.44.00,64,143.44.00,143.44.00,22,,Riferimento,1,,0,0,0,0,0,0,0,,0,0,,3000-12-31T00:00:00,2023-04-18T11:17:11.773,1,SOGGIORNI,31,Tavolini,,,FUSION,,Array,ciao,resr,okee
10187,22220974,88,101875,"sedia ecopelle tortora vintage 50x60x88h",POLVEND3,LEON,"CICIRIELLO SRL",CICI01,"CICIRIELLO SRL",CICI01,164.33.00,76,164.33.00,164.33.00,22,,Riferimento,1,,0,0,0,0,0,0,0,,0,0,,3000-12-31T00:00:00,2023-04-18T11:17:11.79,1,SOGGIORNI,31,Tavolini,,,FUSION,,Array,ciao,resr,okee
10191,22439857,88,101912,"sedia seduta tessuto blu base metallo nero 45x54x88h",POLVEND3,KOLER,"CICIRIELLO SRL",CICI01,"CICIRIELLO SRL",CICI01,81.15.00,36,81.15.00,81.15.00,22,,Riferimento,1,,0,0,0,0,0,0,0,,0,0,,3000-12-31T00:00:00,2023-04-18T11:17:11.837,1,SOGGIORNI,41,"Tavoli Fissi",,,BASIC,,Array,ciao,resr,okee
10226,22438140,88,102261,"web divano 3p pen dx 220x168x79h tes polaris 08 arancio",POLVEND3,BRENT,"DALE' F.LLI SRL",DALE01,"DALE' F.LLI SRL",DALE01,1004.1,477,1004.1,1004.1,22,,Riferimento,1,,0,0,0,0,0,0,0,,0,0,,3000-12-31T00:00:00,2023-04-18T12:00:40.13,2,"DIVANI E POLTRONE",13,"Divani modulari",,,,,Array,ciao,resr,okee
10227,22438164,88,102278,"web divano 3p pen dx 220x168x79h tes polaris 11 verde",POLVEND3,BRENT,"DALE' F.LLI SRL",DALE01,"DALE' F.LLI SRL",DALE01,1004.1,477,1004.1,1004.1,22,,Riferimento,1,,0,0,0,0,0,0,0,,0,0,,3000-12-31T00:00:00,2023-04-18T12:00:40.147,2,"DIVANI E POLTRONE",13,"Divani modulari",,,,,Array,ciao,resr,okee
10228,22438225,88,102285,"web divano 3p pen sx 220x168x79h tes polaris 19 grigio scuro",POLVEND3,BRENT,"DALE' F.LLI SRL",DALE01,"DALE' F.LLI SRL",DALE01,1004.1,477,1004.1,1004.1,22,,Riferimento,1,,0,0,0,0,0,0,0,,0,0,,3000-12-31T00:00:00,2023-04-18T12:00:40.16,2,"DIVANI E POLTRONE",13,"Divani modulari",,,,,Array,ciao,resr,okee
10229,22438324,88,102292,"web divano 2p 200x92x79h tes polaris 05 tortora",POLVEND3,BRENT,"DALE' F.LLI SRL",DALE01,"DALE' F.LLI SRL",DALE01,803.28.00,386,803.28.00,803.28.00,22,,Riferimento,1,,0,0,0,0,0,0,0,,0,0,,3000-12-31T00:00:00,2023-04-18T12:00:40.177,2,"DIVANI E POLTRONE",12,Divani,,,,,Array,ciao,resr,okee
10230,22438423,88,102308,"web divano 3p 220x92x79h tes vougue 13 petrolio",POLVEND3,ONE,"DALE' F.LLI SRL",DALE01,"DALE' F.LLI SRL",DALE01,688.52.00,326,688.52.00,688.52.00,22,,Riferimento,1,,0,0,0,0,0,0,0,,0,0,,3000-12-31T00:00:00,2023-04-18T12:00:40.177,2,"DIVANI E POLTRONE",12,Divani,,,,,Array,ciao,resr,okee
10231,22438454,88,102315,"web divano 3p 220x92x79h tes vougue 17 nero",POLVEND3,ONE,"DALE' F.LLI SRL",DALE01,"DALE' F.LLI SRL",DALE01,688.52.00,326,688.52.00,688.52.00,22,,Riferimento,1,,0,0,0,0,0,0,0,,0,0,,3000-12-31T00:00:00,2023-04-18T12:00:40.193,2,"DIVANI E POLTRONE",12,Divani,,,,,Array,ciao,resr,okee
10232,22438577,88,102322,"web divano 3p pen dx 340x168x79h tes vougue 11 verde",POLVEND3,ONE,"DALE' F.LLI SRL",DALE01,"DALE' F.LLI SRL",DALE01,1131.15.00,546,1131.15.00,1131.15.00,22,,Riferimento,1,,0,0,0,0,0,0,0,,0,0,,3000-12-31T00:00:00,2023-04-18T12:00:40.207,2,"DIVANI E POLTRONE",13,"Divani modulari",,,,,Array,ciao,resr,okee
10233,22438737,88,102339,"web divano 3p maxi 300x92x79h tes vougue 13 petrolio",POLVEND3,ONE,"DALE' F.LLI SRL",DALE01,"DALE' F.LLI SRL",DALE01,934.43.00,448,934.43.00,934.43.00,22,,Riferimento,1,,0,0,0,0,0,0,0,,0,0,,3000-12-31T00:00:00,2023-04-18T12:00:40.207,2,"DIVANI E POLTRONE",12,Divani,,,,,Array,ciao,resr,okee
10234,22438959,88,102346,"web divano 3p pen dx 300x168x79h tes vougue 06 marrone",POLVEND3,ONE,"DALE' F.LLI SRL",DALE01,"DALE' F.LLI SRL",DALE01,1082.37.00,525,1082.37.00,1082.37.00,22,,Riferimento,1,,0,0,0,0,0,0,0,,0,0,,3000-12-31T00:00:00,2023-04-18T12:00:40.223,2,"DIVANI E POLTRONE",13,"Divani modulari",,,,,Array,ciao,resr,okee
10235,22438997,88,102353,"web divano 3p pen dx 300x168x79h tes vougue 14 grigio chiaro",POLVEND3,ONE,"DALE' F.LLI SRL",DALE01,"DALE' F.LLI SRL",DALE01,1082.37.00,525,1082.37.00,1082.37.00,22,,Riferimento,1,,0,0,0,0,0,0,0,,0,0,,3000-12-31T00:00:00,2023-04-18T12:00:40.24,2,"DIVANI E POLTRONE",13,"Divani modulari",,,,,Array,ciao,resr,okee
10236,22439147,88,102360,"web divano 3p pen sx 240x168x79h tes vougue 13 petrolio",POLVEND3,ONE,"DALE' F.LLI SRL",DALE01,"DALE' F.LLI SRL",DALE01,852.46.00,414,852.46.00,852.46.00,22,,Riferimento,1,,0,0,0,0,0,0,0,,0,0,,3000-12-31T00:00:00,2023-04-18T12:00:40.24,2,"DIVANI E POLTRONE",13,"Divani modulari",,,,,Array,ciao,resr,okee
10237,22439208,88,102377,"web divano 3p pen sx 340x168x79h tes vougue 09 ocra",POLVEND3,ONE,"DALE' F.LLI SRL",DALE01,"DALE' F.LLI SRL",DALE01,1131.15.00,546,1131.15.00,1131.15.00,22,,Riferimento,1,,0,0,0,0,0,0,0,,0,0,,3000-12-31T00:00:00,2023-04-18T12:00:40.253,2,"DIVANI E POLTRONE",13,"Divani modulari",,,,,Array,ciao,resr,okee
10238,22439215,88,102384,"web divano 3p pen sx 340x168x79h tes vougue 11 verde",POLVEND3,ONE,"DALE' F.LLI SRL",DALE01,"DALE' F.LLI SRL",DALE01,1131.15.00,546,1131.15.00,1131.15.00,22,,Riferimento,1,,0,0,0,0,0,0,0,,0,0,,3000-12-31T00:00:00,2023-04-18T12:00:40.27,2,"DIVANI E POLTRONE",13,"Divani modulari",,,,,Array,ciao,resr,okee
10239,22439222,88,102391,"web divano 3p pen sx 340x168x79h tes vougue 13 petrolio",POLVEND3,ONE,"DALE' F.LLI SRL",DALE01,"DALE' F.LLI SRL",DALE01,1131.15.00,546,1131.15.00,1131.15.00,22,,Riferimento,1,,0,0,0,0,0,0,0,,0,0,,3000-12-31T00:00:00,2023-04-18T12:00:40.27,2,"DIVANI E POLTRONE",13,"Divani modulari",,,,,Array,ciao,resr,okee
10240,22439277,88,102407,"web divano 3p pen sx 300x168x79h tes vougue 06 marrone",POLVEND3,ONE,"DALE' F.LLI SRL",DALE01,"DALE' F.LLI SRL",DALE01,1082.37.00,525,1082.37.00,1082.37.00,22,,Riferimento,1,,0,0,0,0,0,0,0,,0,0,,3000-12-31T00:00:00,2023-04-18T12:00:40.287,2,"DIVANI E POLTRONE",13,"Divani modulari",,,,,Array,ciao,resr,okee
10241,22439321,88,102414,"web divano 3p pen sx 300x168x79h tes vougue 16 grigio scuro",POLVEND3,ONE,"DALE' F.LLI SRL",DALE01,"DALE' F.LLI SRL",DALE01,1082.37.00,525,1082.37.00,1082.37.00,22,,Riferimento,1,,0,0,0,0,0,0,0,,0,0,,3000-12-31T00:00:00,2023-04-18T12:00:40.303,2,"DIVANI E POLTRONE",13,"Divani modulari",,,,,Array,ciao,resr,okee
10242,22443571,88,102421,"web poltrona letto (mat.70) 130x95h85 13 rosso",POLVEND3,IVO,"DALE' F.LLI SRL",DALE01,"DALE' F.LLI SRL",DALE01,811.48.00,390,811.48.00,811.48.00,22,,Riferimento,1,,0,0,0,0,0,0,0,,0,0,,3000-12-31T00:00:00,2023-04-18T12:00:40.303,2,"DIVANI E POLTRONE",11,Poltrone,,,,,Array,ciao,resr,okee
10243,22443649,88,102438,"web divano let 1p1/2 (mat.120) 180x95h85 11 giallo",POLVEND3,IVO,"DALE' F.LLI SRL",DALE01,"DALE' F.LLI SRL",DALE01,877.05.00,420,877.05.00,877.05.00,22,,Riferimento,1,,0,0,0,0,0,0,0,,0,0,,3000-12-31T00:00:00,2023-04-18T12:00:40.317,2,"DIVANI E POLTRONE",14,"Divani letto",,,,,Array,ciao,resr,okee
10244,22443656,88,102445,"web divano let 1p1/2 (mat.120) 180x95h85 13 rosso",POLVEND3,IVO,"DALE' F.LLI SRL",DALE01,"DALE' F.LLI SRL",DALE01,877.05.00,420,877.05.00,877.05.00,22,,Riferimento,1,,0,0,0,0,0,0,0,,0,0,,3000-12-31T00:00:00,2023-04-18T12:00:40.333,2,"DIVANI E POLTRONE",14,"Divani letto",,,,,Array,ciao,resr,okee
10245,22443724,88,102452,"web divano letto 2p (mat.140) 200x95h85 11 giallo",POLVEND3,IVO,"DALE' F.LLI SRL",DALE01,"DALE' F.LLI SRL",DALE01,902.04.00,430,902.04.00,902.04.00,22,,Riferimento,1,,0,0,0,0,0,0,0,,0,0,,3000-12-31T00:00:00,2023-04-18T12:00:40.333,2,"DIVANI E POLTRONE",14,"Divani letto",,,,,Array,ciao,resr,okee
10246,22443830,88,102469,"web divano letto 3p (mat.160) 220x95h85 25 bianco",POLVEND3,IVO,"DALE' F.LLI SRL",DALE01,"DALE' F.LLI SRL",DALE01,902.04.00,440,902.04.00,902.04.00,22,,Riferimento,1,,0,0,0,0,0,0,0,,0,0,,3000-12-31T00:00:00,2023-04-18T12:00:40.35,2,"DIVANI E POLTRONE",14,"Divani letto",,,,,Array,ciao,resr,okee
10247,22443915,88,102476,"web divano letto 1p1/2 (mat.120) 160x95 h85 14 grig chiar",POLVEND3,SLEEM,"DALE' F.LLI SRL",DALE01,"DALE' F.LLI SRL",DALE01,877.05.00,420,877.05.00,877.05.00,22,,Riferimento,1,,0,0,0,0,0,0,0,,0,0,,3000-12-31T00:00:00,2023-04-18T12:00:40.35,2,"DIVANI E POLTRONE",14,"Divani letto",,,,,Array,ciao,resr,okee
10248,22443953,88,102483,"web divano letto 2p (mat.140) 180x95h85 06 marrone",POLVEND3,SLEEM,"DALE' F.LLI SRL",DALE01,"DALE' F.LLI SRL",DALE01,902.04.00,430,902.04.00,902.04.00,22,,Riferimento,1,,0,0,0,0,0,0,0,,0,0,,3000-12-31T00:00:00,2023-04-18T12:00:40.363,2,"DIVANI E POLTRONE",14,"Divani letto",,,,,Array,ciao,resr,okee
10249,22443984,88,102490,"web divano letto 2p (mat.140) 180x95h85 13 petrolio",POLVEND3,SLEEM,"DALE' F.LLI SRL",DALE01,"DALE' F.LLI SRL",DALE01,902.04.00,430,902.04.00,902.04.00,22,,Riferimento,1,,0,0,0,0,0,0,0,,0,0,,3000-12-31T00:00:00,2023-04-18T12:00:40.363,2,"DIVANI E POLTRONE",14,"Divani letto",,,,,Array,ciao,resr,okee
10250,22444196,88,102506,"web divano letto 2p (mat.140) 186x95h85 06 marrone",POLVEND3,FREUD,"DALE' F.LLI SRL",DALE01,"DALE' F.LLI SRL",DALE01,1000,480,1000,1000,22,,Riferimento,1,,0,0,0,0,0,0,0,,0,0,,3000-12-31T00:00:00,2023-04-18T12:00:40.38,2,"DIVANI E POLTRONE",14,"Divani letto",,,,,Array,ciao,resr,okee
10251,22444226,88,102513,"web divano letto 2p (mat.140) 186x95h85 13 petrolio",POLVEND3,FREUD,"DALE' F.LLI SRL",DALE01,"DALE' F.LLI SRL",DALE01,1000,480,1000,1000,22,,Riferimento,1,,0,0,0,0,0,0,0,,0,0,,3000-12-31T00:00:00,2023-04-18T12:00:40.38,2,"DIVANI E POLTRONE",14,"Divani letto",,,,,Array,ciao,resr,okee
10252,22444264,88,102520,"web divano letto 3p (mat.160) 206x95h85 03 beige",POLVEND3,FREUD,"DALE' F.LLI SRL",DALE01,"DALE' F.LLI SRL",DALE01,1024.59.00,490,1024.59.00,1024.59.00,22,,Riferimento,1,,0,0,0,0,0,0,0,,0,0,,3000-12-31T00:00:00,2023-04-18T12:00:40.38,2,"DIVANI E POLTRONE",14,"Divani letto",,,,,Array,ciao,resr,okee
10253,22444462,88,102537,"web divano letto 2p (mat.140) 200x95h85 13 petrolio",POLVEND3,PIPER,"DALE' F.LLI SRL",DALE01,"DALE' F.LLI SRL",DALE01,951.22.00,455,951.22.00,951.22.00,22,,Riferimento,1,,0,0,0,0,0,0,0,,0,0,,3000-12-31T00:00:00,2023-04-18T12:00:40.397,2,"DIVANI E POLTRONE",14,"Divani letto",,,,,Array,ciao,resr,okee
10254,22444585,88,102544,"web letto matrimoniale c/contenitore l190x215h108 03 beige",POLVEND3,ABBEY,"DALE' F.LLI SRL",DALE01,"DALE' F.LLI SRL",DALE01,676.23.00,318,676.23.00,676.23.00,22,,Riferimento,1,,0,0,0,0,0,0,0,,0,0,,3000-12-31T00:00:00,2023-04-18T12:00:40.397,3,CAMERE,11,Letti,,,,,Array,ciao,resr,okee
10255,22444608,88,102551,"web letto matrimoniale c/contenitore l190x215h108 11 verde",POLVEND3,ABBEY,"DALE' F.LLI SRL",DALE01,"DALE' F.LLI SRL",DALE01,676.23.00,318,676.23.00,676.23.00,22,,Riferimento,1,,0,0,0,0,0,0,0,,0,0,,3000-12-31T00:00:00,2023-04-18T12:00:40.41,3,CAMERE,11,Letti,,,,,Array,ciao,resr,okee
10256,22444646,88,102568,"web letto 1p1/2 c/contenitore l150x215 h108 03 beige",POLVEND3,ABBEY,"DALE' F.LLI SRL",DALE01,"DALE' F.LLI SRL",DALE01,615.15.00,287,615.15.00,615.15.00,22,,Riferimento,1,,0,0,0,0,0,0,0,,0,0,,3000-12-31T00:00:00,2023-04-18T12:00:40.41,3,CAMERE,11,Letti,,,,,Array,ciao,resr,okee
10257,22444950,88,102575,"web slim letto singolo l110x225 h118 08 tortora",POLVEND3,ELODIE,"DALE' F.LLI SRL",DALE01,"DALE' F.LLI SRL",DALE01,574.17.00,268,574.17.00,574.17.00,22,,Riferimento,1,,0,0,0,0,0,0,0,,0,0,,3000-12-31T00:00:00,2023-04-18T12:00:40.427,3,CAMERE,11,Letti,,,,,Array,ciao,resr,okee
10258,22445308,88,102582,"web tes.alta l.mat.c/contenitore tel l185x220h110 01 beig",POLVEND3,PARK-AIR,"DALE' F.LLI SRL",DALE01,"DALE' F.LLI SRL",DALE01,902.04.00,423,902.04.00,902.04.00,22,,Riferimento,1,,0,0,0,0,0,0,0,,0,0,,3000-12-31T00:00:00,2023-04-18T12:00:40.427,3,CAMERE,11,Letti,,,,,Array,ciao,resr,okee
10259,22445384,88,102599,"web tes.alta l.1p1/2 c/contenitore l145x220h110 10 verde",POLVEND3,PARK-AIR,"DALE' F.LLI SRL",DALE01,"DALE' F.LLI SRL",DALE01,811.48.00,383,811.48.00,811.48.00,22,,Riferimento,1,,0,0,0,0,0,0,0,,0,0,,3000-12-31T00:00:00,2023-04-18T12:00:40.427,3,CAMERE,11,Letti,,,,,Array,ciao,resr,okee
10260,22445476,88,102605,"web tes.alta l.singolo c/contenitore l105x220h110 24 grig sc",POLVEND3,PARK-AIR,"DALE' F.LLI SRL",DALE01,"DALE' F.LLI SRL",DALE01,688.52.00,324,688.52.00,688.52.00,22,,Riferimento,1,,0,0,0,0,0,0,0,,0,0,,3000-12-31T00:00:00,2023-04-18T12:00:41.99,3,CAMERE,11,Letti,,,,,Array,ciao,resr,okee
10261,22445490,88,102612,"web letto matrimoniale c/contenitore l175x205h105 06 marrone",POLVEND3,DREAM,"DALE' F.LLI SRL",DALE01,"DALE' F.LLI SRL",DALE01,484.01.00,268,484.01.00,484.01.00,22,,Riferimento,1,,0,0,0,0,0,0,0,,0,0,,3000-12-31T00:00:00,2023-04-18T12:00:42.02,3,CAMERE,11,Letti,,,,,Array,ciao,resr,okee
10262,22445636,88,102629,"web letto 1p1/2 c/contenitore l135x205h105 13 blu",POLVEND3,DREAM,"DALE' F.LLI SRL",DALE01,"DALE' F.LLI SRL",DALE01,430.33.00,252,430.33.00,430.33.00,22,,Riferimento,1,,0,0,0,0,0,0,0,,0,0,,3000-12-31T00:00:00,2023-04-18T12:00:42.037,3,CAMERE,11,Letti,,,,,Array,ciao,resr,okee
10263,22445643,88,102636,"web letto 1p1/2 c/contenitore l135x205h105 14 grigio",POLVEND3,DREAM,"DALE' F.LLI SRL",DALE01,"DALE' F.LLI SRL",DALE01,430.33.00,252,430.33.00,430.33.00,22,,Riferimento,1,,0,0,0,0,0,0,0,,0,0,,3000-12-31T00:00:00,2023-04-18T12:00:42.037,3,CAMERE,11,Letti,,,,,Array,ciao,resr,okee
10264,22445650,88,102643,"web letto 1p1/2 c/contenitore l135x205h105 16 grigio scuro",POLVEND3,DREAM,"DALE' F.LLI SRL",DALE01,"DALE' F.LLI SRL",DALE01,430.33.00,252,430.33.00,430.33.00,22,,Riferimento,1,,0,0,0,0,0,0,0,,0,0,,3000-12-31T00:00:00,2023-04-18T12:00:42.053,3,CAMERE,11,Letti,,,,,Array,ciao,resr,okee
10268,22445797,88,102681,"slim letto matrimoniale l180x220h110 08 tortora",POLVEND3,ROGER,"DALE' F.LLI SRL",DALE01,"DALE' F.LLI SRL",DALE01,697.12.00,329,697.12.00,697.12.00,22,,Riferimento,1,,0,0,0,0,0,0,0,,0,0,,3000-12-31T00:00:00,2023-04-18T12:00:42.083,3,CAMERE,11,Letti,,,,,Array,ciao,resr,okee
10269,22445810,88,102698,"slim letto matrimoniale l180x220h110 11 blu",POLVEND3,ROGER,"DALE' F.LLI SRL",DALE01,"DALE' F.LLI SRL",DALE01,697.12.00,329,697.12.00,697.12.00,22,,Riferimento,1,,0,0,0,0,0,0,0,,0,0,,3000-12-31T00:00:00,2023-04-18T12:00:42.1,3,CAMERE,11,Letti,,,,,Array,ciao,resr,okee
10270,22445865,88,102704,"web slim letto 1p1/2 l140x220h110 10 verde",POLVEND3,ROGER,"DALE' F.LLI SRL",DALE01,"DALE' F.LLI SRL",DALE01,631.15.00,296,631.15.00,631.15.00,22,,Riferimento,1,,0,0,0,0,0,0,0,,0,0,,3000-12-31T00:00:00,2023-04-18T12:00:42.113,3,CAMERE,11,Letti,,,,,Array,ciao,resr,okee
10271,22446022,88,102711,"web letto matrimoniale slim l185x220h88 03 beige",POLVEND3,FELIZ,"DALE' F.LLI SRL",DALE01,"DALE' F.LLI SRL",DALE01,680.33.00,294,680.33.00,680.33.00,22,,Riferimento,1,,0,0,0,0,0,0,0,,0,0,,3000-12-31T00:00:00,2023-04-18T12:00:42.113,3,CAMERE,11,Letti,,,,,Array,ciao,resr,okee
10272,22446046,88,102728,"web letto matrimoniale slim l185x220h88 11 verde",POLVEND3,FELIZ,"DALE' F.LLI SRL",DALE01,"DALE' F.LLI SRL",DALE01,680.33.00,294,680.33.00,680.33.00,22,,Riferimento,1,,0,0,0,0,0,0,0,,0,0,,3000-12-31T00:00:00,2023-04-18T12:00:42.13,3,CAMERE,11,Letti,,,,,Array,ciao,resr,okee
10273,22446152,88,102735,"web letto singolo slim l105x220h88 03 beige",POLVEND3,FELIZ,"DALE' F.LLI SRL",DALE01,"DALE' F.LLI SRL",DALE01,508.2,221,508.2,508.2,22,,Riferimento,1,,0,0,0,0,0,0,0,,0,0,,3000-12-31T00:00:00,2023-04-18T12:00:42.13,3,CAMERE,11,Letti,,,,,Array,ciao,resr,okee
10274,22446381,88,102742,"web letto king size c/contenitore l200x230h105 17 bianco",POLVEND3,GREY,"DALE' F.LLI SRL",DALE01,"DALE' F.LLI SRL",DALE01,1115.15.00,524,1115.15.00,1115.15.00,22,,Riferimento,1,,0,0,0,0,0,0,0,,0,0,,3000-12-31T00:00:00,2023-04-18T12:00:42.13,3,CAMERE,11,Letti,,,,,Array,ciao,resr,okee
10275,22446619,88,102759,"web letto singolo c/contenitore l100x220h105 22 nero",POLVEND3,GREY,"DALE' F.LLI SRL",DALE01,"DALE' F.LLI SRL",DALE01,737.7,346,737.7,737.7,22,,Riferimento,1,,0,0,0,0,0,0,0,,0,0,,3000-12-31T00:00:00,2023-04-18T12:00:42.147,3,CAMERE,11,Letti,,,,,Array,ciao,resr,okee
10295,22438003,88,102957,"web divano 2p pen dx 200x168x79h tes polaris 08 arancio",POLVEND3,BRENT,"DALE' F.LLI SRL",DALE01,"DALE' F.LLI SRL",DALE01,975.41.00,466,975.41.00,975.41.00,22,,Riferimento,1,,0,0,0,0,0,0,0,,0,0,,3000-12-31T00:00:00,2023-04-18T12:00:42.27,2,"DIVANI E POLTRONE",13,"Divani modulari",,,,,Array,ciao,resr,okee
10296,22438126,88,102964,"web divano 3p pen dx 220x168x79h tes polaris 016 blu",POLVEND3,BRENT,"DALE' F.LLI SRL",DALE01,"DALE' F.LLI SRL",DALE01,1004.1,477,1004.1,1004.1,22,,Riferimento,1,,0,0,0,0,0,0,0,,0,0,,3000-12-31T00:00:00,2023-04-18T12:00:42.287,2,"DIVANI E POLTRONE",13,"Divani modulari",,,,,Array,ciao,resr,okee
10297,22438133,88,102971,"web divano 3p pen dx 220x168x79h tes polaris 17 grigio chiaro",POLVEND3,BRENT,"DALE' F.LLI SRL",DALE01,"DALE' F.LLI SRL",DALE01,1004.1,477,1004.1,1004.1,22,,Riferimento,1,,0,0,0,0,0,0,0,,0,0,,3000-12-31T00:00:00,2023-04-18T12:00:42.287,2,"DIVANI E POLTRONE",13,"Divani modulari",,,,,Array,ciao,resr,okee
10298,22438201,88,102988,"web divano 3p pen sx 220x168x79h tes polaris 17 grigio chiaro",POLVEND3,BRENT,"DALE' F.LLI SRL",DALE01,"DALE' F.LLI SRL",DALE01,1004.1,477,1004.1,1004.1,22,,Riferimento,1,,0,0,0,0,0,0,0,,0,0,,3000-12-31T00:00:00,2023-04-18T12:00:42.303,2,"DIVANI E POLTRONE",13,"Divani modulari",,,,,Array,ciao,resr,okee
10299,22438331,88,102995,"web divano 2p 200x92x79h tes polaris 016 blu",POLVEND3,BRENT,"DALE' F.LLI SRL",DALE01,"DALE' F.LLI SRL",DALE01,803.28.00,386,803.28.00,803.28.00,22,,Riferimento,1,,0,0,0,0,0,0,0,,0,0,,3000-12-31T00:00:00,2023-04-18T12:00:42.303,2,"DIVANI E POLTRONE",12,Divani,,,,,Array,ciao,resr,okee
10300,22438546,88,103008,"web divano 3p 260x92x79h tes vougue 3 beige",POLVEND3,ONE,"DALE' F.LLI SRL",DALE01,"DALE' F.LLI SRL",DALE01,721.31.00,348,721.31.00,721.31.00,22,,Riferimento,1,,0,0,0,0,0,0,0,,0,0,,3000-12-31T00:00:00,2023-04-18T12:00:42.317,2,"DIVANI E POLTRONE",12,Divani,,,,,Array,ciao,resr,okee
10301,22438584,88,103015,"web divano 3p pen dx 340x168x79h tes vougue 13 petrolio",POLVEND3,ONE,"DALE' F.LLI SRL",DALE01,"DALE' F.LLI SRL",DALE01,1131.15.00,546,1131.15.00,1131.15.00,22,,Riferimento,1,,0,0,0,0,0,0,0,,0,0,,3000-12-31T00:00:00,2023-04-18T12:00:42.317,2,"DIVANI E POLTRONE",13,"Divani modulari",,,,,Array,ciao,resr,okee
10302,22438638,88,103022,"web divano 3p maxi 360x92x79h tes vougue 09 ocra",POLVEND3,ONE,"DALE' F.LLI SRL",DALE01,"DALE' F.LLI SRL",DALE01,1000,480,1000,1000,22,,Riferimento,1,,0,0,0,0,0,0,0,,0,0,,3000-12-31T00:00:00,2023-04-18T12:00:42.317,2,"DIVANI E POLTRONE",12,Divani,,,,,Array,ciao,resr,okee
10303,22438669,88,103039,"web divano 3p maxi 360x92x79h tes vougue 14 grigio chiaro",POLVEND3,ONE,"DALE' F.LLI SRL",DALE01,"DALE' F.LLI SRL",DALE01,1000,480,1000,1000,22,,Riferimento,1,,0,0,0,0,0,0,0,,0,0,,3000-12-31T00:00:00,2023-04-18T12:00:42.333,2,"DIVANI E POLTRONE",12,Divani,,,,,Array,ciao,resr,okee
10304,22438751,88,103046,"web divano 3p maxi 300x92x79h tes vougue 16 grigio scuro",POLVEND3,ONE,"DALE' F.LLI SRL",DALE01,"DALE' F.LLI SRL",DALE01,934.43.00,448,934.43.00,934.43.00,22,,Riferimento,1,,0,0,0,0,0,0,0,,0,0,,3000-12-31T00:00:00,2023-04-18T12:00:42.333,2,"DIVANI E POLTRONE",12,Divani,,,,,Array,ciao,resr,okee
10305,22438782,88,103053,"web divano 3p maxi 300x92x79h tes vougue 06 marrone",POLVEND3,ONE,"DALE' F.LLI SRL",DALE01,"DALE' F.LLI SRL",DALE01,934.43.00,448,934.43.00,934.43.00,22,,Riferimento,1,,0,0,0,0,0,0,0,,0,0,,3000-12-31T00:00:00,2023-04-18T12:00:42.35,2,"DIVANI E POLTRONE",12,Divani,,,,,Array,ciao,resr,okee
10306,22438928,88,103060,"web divano 3p pen dx 240x168x79h tes vougue 16 grigio scuro",POLVEND3,ONE,"DALE' F.LLI SRL",DALE01,"DALE' F.LLI SRL",DALE01,852.46.00,414,852.46.00,852.46.00,22,,Riferimento,1,,0,0,0,0,0,0,0,,0,0,,3000-12-31T00:00:00,2023-04-18T12:00:42.35,2,"DIVANI E POLTRONE",13,"Divani modulari",,,,,Array,ciao,resr,okee
10307,22439185,88,103077,"web divano 3p pen sx 240x168x79h tes vougue 3 beige",POLVEND3,ONE,"DALE' F.LLI SRL",DALE01,"DALE' F.LLI SRL",DALE01,852.46.00,414,852.46.00,852.46.00,22,,Riferimento,1,,0,0,0,0,0,0,0,,0,0,,3000-12-31T00:00:00,2023-04-18T12:00:42.363,2,"DIVANI E POLTRONE",13,"Divani modulari",,,,,Array,ciao,resr,okee
10308,22439253,88,103084,"web divano 3p pen sx 340x168x79h tes vougue 17 nero",POLVEND3,ONE,"DALE' F.LLI SRL",DALE01,"DALE' F.LLI SRL",DALE01,1131.15.00,546,1131.15.00,1131.15.00,22,,Riferimento,1,,0,0,0,0,0,0,0,,0,0,,3000-12-31T00:00:00,2023-04-18T12:00:42.38,2,"DIVANI E POLTRONE",13,"Divani modulari",,,,,Array,ciao,resr,okee
10309,22439307,88,103091,"web divano 3p pen sx 300x168x79h tes vougue 13 petrolio",POLVEND3,ONE,"DALE' F.LLI SRL",DALE01,"DALE' F.LLI SRL",DALE01,1082.37.00,525,1082.37.00,1082.37.00,22,,Riferimento,1,,0,0,0,0,0,0,0,,0,0,,3000-12-31T00:00:00,2023-04-18T12:00:42.38,2,"DIVANI E POLTRONE",13,"Divani modulari",,,,,Array,ciao,resr,okee
10310,22443540,88,103107,"web poltrona letto (mat.70) 130x95h85 03 beige",POLVEND3,IVO,"DALE' F.LLI SRL",DALE01,"DALE' F.LLI SRL",DALE01,811.48.00,390,811.48.00,811.48.00,22,,Riferimento,1,,0,0,0,0,0,0,0,,0,0,,3000-12-31T00:00:00,2023-04-18T12:00:43.96,2,"DIVANI E POLTRONE",11,Poltrone,,,,,Array,ciao,resr,okee
10311,22443601,88,103114,"web poltrona letto (mat.70) 130x95h85 27 grigio",POLVEND3,IVO,"DALE' F.LLI SRL",DALE01,"DALE' F.LLI SRL",DALE01,811.48.00,390,811.48.00,811.48.00,22,,Riferimento,1,,0,0,0,0,0,0,0,,0,0,,3000-12-31T00:00:00,2023-04-18T12:00:43.973,2,"DIVANI E POLTRONE",11,Poltrone,,,,,Array,ciao,resr,okee
10312,22443618,88,103121,"web poltrona letto (mat.70) 130x95h85 29 nero",POLVEND3,IVO,"DALE' F.LLI SRL",DALE01,"DALE' F.LLI SRL",DALE01,811.48.00,390,811.48.00,811.48.00,22,,Riferimento,1,,0,0,0,0,0,0,0,,0,0,,3000-12-31T00:00:00,2023-04-18T12:00:44.007,2,"DIVANI E POLTRONE",11,Poltrone,,,,,Array,ciao,resr,okee
10313,22443694,88,103138,"web divano let 1p1/2 (mat.120) 180x95h85 29 nero",POLVEND3,IVO,"DALE' F.LLI SRL",DALE01,"DALE' F.LLI SRL",DALE01,877.05.00,420,877.05.00,877.05.00,22,,Riferimento,1,,0,0,0,0,0,0,0,,0,0,,3000-12-31T00:00:00,2023-04-18T12:00:44.02,2,"DIVANI E POLTRONE",14,"Divani letto",,,,,Array,ciao,resr,okee
10314,22443717,88,103145,"web divano letto 2p (mat.140) 200x95h85 04 tortora",POLVEND3,IVO,"DALE' F.LLI SRL",DALE01,"DALE' F.LLI SRL",DALE01,902.04.00,430,902.04.00,902.04.00,22,,Riferimento,1,,0,0,0,0,0,0,0,,0,0,,3000-12-31T00:00:00,2023-04-18T12:00:44.02,2,"DIVANI E POLTRONE",14,"Divani letto",,,,,Array,ciao,resr,okee
10315,22443861,88,103152,"web divano letto 1p1/2 (mat.120) 160x95 h85 03 beige",POLVEND3,SLEEM,"DALE' F.LLI SRL",DALE01,"DALE' F.LLI SRL",DALE01,877.05.00,420,877.05.00,877.05.00,22,,Riferimento,1,,0,0,0,0,0,0,0,,0,0,,3000-12-31T00:00:00,2023-04-18T12:00:44.037,2,"DIVANI E POLTRONE",14,"Divani letto",,,,,Array,ciao,resr,okee
10316,22444110,88,103169,"web divano letto 1p1/2 (mat.120) 166x95h85 06 marrone",POLVEND3,FREUD,"DALE' F.LLI SRL",DALE01,"DALE' F.LLI SRL",DALE01,984.01.00,470,984.01.00,984.01.00,22,,Riferimento,1,,0,0,0,0,0,0,0,,0,0,,3000-12-31T00:00:00,2023-04-18T12:00:44.053,2,"DIVANI E POLTRONE",14,"Divani letto",,,,,Array,ciao,resr,okee
10317,22444134,88,103176,"web divano letto 1p1/2 (mat.120) 166x95h85 11 verde",POLVEND3,FREUD,"DALE' F.LLI SRL",DALE01,"DALE' F.LLI SRL",DALE01,984.01.00,470,984.01.00,984.01.00,22,,Riferimento,1,,0,0,0,0,0,0,0,,0,0,,3000-12-31T00:00:00,2023-04-18T12:00:44.053,2,"DIVANI E POLTRONE",14,"Divani letto",,,,,Array,ciao,resr,okee
10318,22444158,88,103183,"web divano letto 1p1/2 (mat.120) 166x95h85 14 grig chiar",POLVEND3,FREUD,"DALE' F.LLI SRL",DALE01,"DALE' F.LLI SRL",DALE01,984.01.00,470,984.01.00,984.01.00,22,,Riferimento,1,,0,0,0,0,0,0,0,,0,0,,3000-12-31T00:00:00,2023-04-18T12:00:44.067,2,"DIVANI E POLTRONE",14,"Divani letto",,,,,Array,ciao,resr,okee
10319,22444189,88,103190,"web divano letto 2p (mat.140) 186x95h85 03 beige",POLVEND3,FREUD,"DALE' F.LLI SRL",DALE01,"DALE' F.LLI SRL",DALE01,1000,480,1000,1000,22,,Riferimento,1,,0,0,0,0,0,0,0,,0,0,,3000-12-31T00:00:00,2023-04-18T12:00:44.083,2,"DIVANI E POLTRONE",14,"Divani letto",,,,,Array,ciao,resr,okee
10320,22444219,88,103206,"web divano letto 2p (mat.140) 186x95h85 11 verde",POLVEND3,FREUD,"DALE' F.LLI SRL",DALE01,"DALE' F.LLI SRL",DALE01,1000,480,1000,1000,22,,Riferimento,1,,0,0,0,0,0,0,0,,0,0,,3000-12-31T00:00:00,2023-04-18T12:00:44.083,2,"DIVANI E POLTRONE",14,"Divani letto",,,,,Array,ciao,resr,okee
10321,22444295,88,103213,"web divano letto 3p (mat.160) 206x95h85 11 verde",POLVEND3,FREUD,"DALE' F.LLI SRL",DALE01,"DALE' F.LLI SRL",DALE01,1024.59.00,490,1024.59.00,1024.59.00,22,,Riferimento,1,,0,0,0,0,0,0,0,,0,0,,3000-12-31T00:00:00,2023-04-18T12:00:44.1,2,"DIVANI E POLTRONE",14,"Divani letto",,,,,Array,ciao,resr,okee
10322,22444530,88,103220,"web divano letto 3p (mat.160) 220x95h85 11 verde",POLVEND3,PIPER,"DALE' F.LLI SRL",DALE01,"DALE' F.LLI SRL",DALE01,975.41.00,465,975.41.00,975.41.00,22,,Riferimento,1,,0,0,0,0,0,0,0,,0,0,,3000-12-31T00:00:00,2023-04-18T12:00:44.113,2,"DIVANI E POLTRONE",14,"Divani letto",,,,,Array,ciao,resr,okee
10323,22444639,88,103237,"web letto matrimoniale c/contenitore l190x215h108 16 grigio scuro",POLVEND3,ABBEY,"DALE' F.LLI SRL",DALE01,"DALE' F.LLI SRL",DALE01,676.23.00,318,676.23.00,676.23.00,22,,Riferimento,1,,0,0,0,0,0,0,0,,0,0,,3000-12-31T00:00:00,2023-04-18T12:00:44.113,3,CAMERE,11,Letti,,,,,Array,ciao,resr,okee
10324,22444684,88,103244,"web letto 1p1/2 c/contenitore l150x215 h108 14 grigio",POLVEND3,ABBEY,"DALE' F.LLI SRL",DALE01,"DALE' F.LLI SRL",DALE01,615.15.00,287,615.15.00,615.15.00,22,,Riferimento,1,,0,0,0,0,0,0,0,,0,0,,3000-12-31T00:00:00,2023-04-18T12:00:44.13,3,CAMERE,11,Letti,,,,,Array,ciao,resr,okee
10325,22444721,88,103251,"web letto singolo c/contenitore l110x215h108 11 verde",POLVEND3,ABBEY,"DALE' F.LLI SRL",DALE01,"DALE' F.LLI SRL",DALE01,541.38.00,252,541.38.00,541.38.00,22,,Riferimento,1,,0,0,0,0,0,0,0,,0,0,,3000-12-31T00:00:00,2023-04-18T12:00:44.13,3,CAMERE,11,Letti,,,,,Array,ciao,resr,okee
10326,22444769,88,103268,"web slim letto king size l210x235 h118 01 beige",POLVEND3,ELODIE,"DALE' F.LLI SRL",DALE01,"DALE' F.LLI SRL",DALE01,869.25.00,401,869.25.00,869.25.00,22,,Riferimento,1,,0,0,0,0,0,0,0,,0,0,,3000-12-31T00:00:00,2023-04-18T12:00:44.147,3,CAMERE,11,Letti,,,,,Array,ciao,resr,okee
10327,22444806,88,103275,"web slim letto king size l210x235 h118 21 grigio",POLVEND3,ELODIE,"DALE' F.LLI SRL",DALE01,"DALE' F.LLI SRL",DALE01,869.25.00,401,869.25.00,869.25.00,22,,Riferimento,1,,0,0,0,0,0,0,0,,0,0,,3000-12-31T00:00:00,2023-04-18T12:00:44.16,3,CAMERE,11,Letti,,,,,Array,ciao,resr,okee
10328,22444905,88,103282,"web slim letto 1p1/2 l150x225 h118 10 verde",POLVEND3,ELODIE,"DALE' F.LLI SRL",DALE01,"DALE' F.LLI SRL",DALE01,688.52.00,318,688.52.00,688.52.00,22,,Riferimento,1,,0,0,0,0,0,0,0,,0,0,,3000-12-31T00:00:00,2023-04-18T12:00:44.177,3,CAMERE,11,Letti,,,,,Array,ciao,resr,okee
10329,22444967,88,103299,"web slim letto singolo l110x225 h118 10 verde",POLVEND3,ELODIE,"DALE' F.LLI SRL",DALE01,"DALE' F.LLI SRL",DALE01,574.17.00,268,574.17.00,574.17.00,22,,Riferimento,1,,0,0,0,0,0,0,0,,0,0,,3000-12-31T00:00:00,2023-04-18T12:00:44.177,3,CAMERE,11,Letti,,,,,Array,ciao,resr,okee
10330,22445216,88,103305,"web letto singolo c/cont dop.telaio l105x220h82 28 blu",POLVEND3,PARK,"DALE' F.LLI SRL",DALE01,"DALE' F.LLI SRL",DALE01,688.52.00,324,688.52.00,688.52.00,22,,Riferimento,1,,0,0,0,0,0,0,0,,0,0,,3000-12-31T00:00:00,2023-04-18T12:00:44.193,3,CAMERE,11,Letti,,,,,Array,ciao,resr,okee
10331,22445230,88,103312,"web letto singolo c/cont dop.telaio l105x220h82 24 gri scu",POLVEND3,PARK,"DALE' F.LLI SRL",DALE01,"DALE' F.LLI SRL",DALE01,688.52.00,324,688.52.00,688.52.00,22,,Riferimento,1,,0,0,0,0,0,0,0,,0,0,,3000-12-31T00:00:00,2023-04-18T12:00:44.21,3,CAMERE,11,Letti,,,,,Array,ciao,resr,okee
10332,22445247,88,103329,"web tes.alta l.to kingsize l205x230h110 01 beige",POLVEND3,PARK-AIR,"DALE' F.LLI SRL",DALE01,"DALE' F.LLI SRL",DALE01,1082.37.00,507,1082.37.00,1082.37.00,22,,Riferimento,1,,0,0,0,0,0,0,0,,0,0,,3000-12-31T00:00:00,2023-04-18T12:00:44.223,3,CAMERE,11,Letti,,,,,Array,ciao,resr,okee
10333,22445285,88,103336,"web tes.alta l.to kingsize l205x230h110 21 grigio",POLVEND3,PARK-AIR,"DALE' F.LLI SRL",DALE01,"DALE' F.LLI SRL",DALE01,1082.37.00,507,1082.37.00,1082.37.00,22,,Riferimento,1,,0,0,0,0,0,0,0,,0,0,,3000-12-31T00:00:00,2023-04-18T12:00:44.223,3,CAMERE,11,Letti,,,,,Array,ciao,resr,okee
10334,22445322,88,103343,"web tes.alta l.mat.c/contenitore tel l185x220h110 10 verd",POLVEND3,PARK-AIR,"DALE' F.LLI SRL",DALE01,"DALE' F.LLI SRL",DALE01,902.04.00,423,902.04.00,902.04.00,22,,Riferimento,1,,0,0,0,0,0,0,0,,0,0,,3000-12-31T00:00:00,2023-04-18T12:00:44.24,3,CAMERE,11,Letti,,,,,Array,ciao,resr,okee
10335,22445513,88,103350,"web letto matrimoniale c/contenitore l175x205h105 13 blu",POLVEND3,DREAM,"DALE' F.LLI SRL",DALE01,"DALE' F.LLI SRL",DALE01,484.01.00,268,484.01.00,484.01.00,22,,Riferimento,1,,0,0,0,0,0,0,0,,0,0,,3000-12-31T00:00:00,2023-04-18T12:00:44.257,3,CAMERE,11,Letti,,,,,Array,ciao,resr,okee
10336,22445537,88,103367,"web letto matrimoniale c/contenitore l175x205h105 16 grigio scuro",POLVEND3,DREAM,"DALE' F.LLI SRL",DALE01,"DALE' F.LLI SRL",DALE01,484.01.00,268,484.01.00,484.01.00,22,,Riferimento,1,,0,0,0,0,0,0,0,,0,0,,3000-12-31T00:00:00,2023-04-18T12:00:44.257,3,CAMERE,11,Letti,,,,,Array,ciao,resr,okee
10337,22445568,88,103374,"web letto francese c/contenitore l155x205h105 11 verde",POLVEND3,DREAM,"DALE' F.LLI SRL",DALE01,"DALE' F.LLI SRL",DALE01,451.22.00,247,451.22.00,451.22.00,22,,Riferimento,1,,0,0,0,0,0,0,0,,0,0,,3000-12-31T00:00:00,2023-04-18T12:00:44.27,3,CAMERE,11,Letti,,,,,Array,ciao,resr,okee
10339,22445827,88,103398,"slim letto matrimoniale l180x220h110 17 grigio",POLVEND3,ROGER,"DALE' F.LLI SRL",DALE01,"DALE' F.LLI SRL",DALE01,697.12.00,329,697.12.00,697.12.00,22,,Riferimento,1,,0,0,0,0,0,0,0,,0,0,,3000-12-31T00:00:00,2023-04-18T12:00:44.287,3,CAMERE,11,Letti,,,,,Array,ciao,resr,okee
10340,22445841,88,103404,"web slim letto 1p1/2 l140x220h110 01 perla",POLVEND3,ROGER,"DALE' F.LLI SRL",DALE01,"DALE' F.LLI SRL",DALE01,631.15.00,296,631.15.00,631.15.00,22,,Riferimento,1,,0,0,0,0,0,0,0,,0,0,,3000-12-31T00:00:00,2023-04-18T12:00:44.303,3,CAMERE,11,Letti,,,,,Array,ciao,resr,okee
10341,22445940,88,103411,"web slim letto singolo l100x220h110 17 grigio",POLVEND3,ROGER,"DALE' F.LLI SRL",DALE01,"DALE' F.LLI SRL",DALE01,549.18.00,257,549.18.00,549.18.00,22,,Riferimento,1,,0,0,0,0,0,0,0,,0,0,,3000-12-31T00:00:00,2023-04-18T12:00:44.317,3,CAMERE,11,Letti,,,,,Array,ciao,resr,okee
10342,22446121,88,103428,"web letto 1p1/2 slim l145x220h88 14 grigio",POLVEND3,FELIZ,"DALE' F.LLI SRL",DALE01,"DALE' F.LLI SRL",DALE01,606.56.00,252,606.56.00,606.56.00,22,,Riferimento,1,,0,0,0,0,0,0,0,,0,0,,3000-12-31T00:00:00,2023-04-18T12:00:44.317,3,CAMERE,11,Letti,,,,,Array,ciao,resr,okee
10343,22446138,88,103435,"web letto 1p1/2 slim l145x220h88 16 grigio scuro",POLVEND3,FELIZ,"DALE' F.LLI SRL",DALE01,"DALE' F.LLI SRL",DALE01,606.56.00,252,606.56.00,606.56.00,22,,Riferimento,1,,0,0,0,0,0,0,0,,0,0,,3000-12-31T00:00:00,2023-04-18T12:00:44.333,3,CAMERE,11,Letti,,,,,Array,ciao,resr,okee
10344,22446183,88,103442,"web letto singolo slim l105x220h88 14 grigio",POLVEND3,FELIZ,"DALE' F.LLI SRL",DALE01,"DALE' F.LLI SRL",DALE01,508.2,221,508.2,508.2,22,,Riferimento,1,,0,0,0,0,0,0,0,,0,0,,3000-12-31T00:00:00,2023-04-18T12:00:44.35,3,CAMERE,11,Letti,,,,,Array,ciao,resr,okee
10345,22446213,88,103459,"web letto matrimoniale c/contenitore l190x225x118h 08 tortora",POLVEND3,ADONE,"DALE' F.LLI SRL",DALE01,"DALE' F.LLI SRL",DALE01,975.41.00,457,975.41.00,975.41.00,22,,Riferimento,1,,0,0,0,0,0,0,0,,0,0,,3000-12-31T00:00:00,2023-04-18T12:00:44.35,3,CAMERE,11,Letti,,,,,Array,ciao,resr,okee
10346,22446268,88,103466,"web letto 1p1/2 c/contenitore l150x225h118 01 beige",POLVEND3,ADONE,"DALE' F.LLI SRL",DALE01,"DALE' F.LLI SRL",DALE01,844.26.00,396,844.26.00,844.26.00,22,,Riferimento,1,,0,0,0,0,0,0,0,,0,0,,3000-12-31T00:00:00,2023-04-18T12:00:44.363,3,CAMERE,11,Letti,,,,,Array,ciao,resr,okee
10347,22446480,88,103473,"web letto matrimoniale c/contenitore l180x220h105 19 grigio",POLVEND3,GREY,"DALE' F.LLI SRL",DALE01,"DALE' F.LLI SRL",DALE01,975.41.00,459,975.41.00,975.41.00,22,,Riferimento,1,,0,0,0,0,0,0,0,,0,0,,3000-12-31T00:00:00,2023-04-18T12:00:44.38,3,CAMERE,11,Letti,,,,,Array,ciao,resr,okee
10348,22446640,88,103480,"web letto matrimoniale c/contenitore l190x215h105 10 verde",POLVEND3,INEMURY,"DALE' F.LLI SRL",DALE01,"DALE' F.LLI SRL",DALE01,688.52.00,312,688.52.00,688.52.00,22,,Riferimento,1,,0,0,0,0,0,0,0,,0,0,,3000-12-31T00:00:00,2023-04-18T12:00:44.38,3,CAMERE,11,Letti,,,,,Array,ciao,resr,okee
10362,22438089,88,103626,"web divano 2p pen sx 200x168x79h tes polaris 19 grigio scuro",POLVEND3,BRENT,"DALE' F.LLI SRL",DALE01,"DALE' F.LLI SRL",DALE01,975.41.00,466,975.41.00,975.41.00,22,,Riferimento,1,,0,0,0,0,0,0,0,,0,0,,3000-12-31T00:00:00,2023-04-18T12:00:46.067,2,"DIVANI E POLTRONE",13,"Divani modulari",,,,,Array,ciao,resr,okee
10363,22438171,88,103633,"web divano 3p pen dx 220x168x79h tes polaris 22 nero",POLVEND3,BRENT,"DALE' F.LLI SRL",DALE01,"DALE' F.LLI SRL",DALE01,1004.1,477,1004.1,1004.1,22,,Riferimento,1,,0,0,0,0,0,0,0,,0,0,,3000-12-31T00:00:00,2023-04-18T12:00:46.083,2,"DIVANI E POLTRONE",13,"Divani modulari",,,,,Array,ciao,resr,okee
10364,22438218,88,103640,"web divano 3p pen sx 220x168x79h tes polaris 08 arancio",POLVEND3,BRENT,"DALE' F.LLI SRL",DALE01,"DALE' F.LLI SRL",DALE01,1004.1,477,1004.1,1004.1,22,,Riferimento,1,,0,0,0,0,0,0,0,,0,0,,3000-12-31T00:00:00,2023-04-18T12:00:46.083,2,"DIVANI E POLTRONE",13,"Divani modulari",,,,,Array,ciao,resr,okee
10365,22438355,88,103657,"web divano 2p 200x92x79h tes polaris 08 arancio",POLVEND3,BRENT,"DALE' F.LLI SRL",DALE01,"DALE' F.LLI SRL",DALE01,803.28.00,386,803.28.00,803.28.00,22,,Riferimento,1,,0,0,0,0,0,0,0,,0,0,,3000-12-31T00:00:00,2023-04-18T12:00:46.1,2,"DIVANI E POLTRONE",12,Divani,,,,,Array,ciao,resr,okee
10366,22438379,88,103664,"web divano 2p 200x92x79h tes polaris 11 verde",POLVEND3,BRENT,"DALE' F.LLI SRL",DALE01,"DALE' F.LLI SRL",DALE01,803.28.00,386,803.28.00,803.28.00,22,,Riferimento,1,,0,0,0,0,0,0,0,,0,0,,3000-12-31T00:00:00,2023-04-18T12:00:46.1,2,"DIVANI E POLTRONE",12,Divani,,,,,Array,ciao,resr,okee
10367,22438386,88,103671,"web divano 2p 200x92x79h tes polaris 22 nero",POLVEND3,BRENT,"DALE' F.LLI SRL",DALE01,"DALE' F.LLI SRL",DALE01,803.28.00,386,803.28.00,803.28.00,22,,Riferimento,1,,0,0,0,0,0,0,0,,0,0,,3000-12-31T00:00:00,2023-04-18T12:00:46.113,2,"DIVANI E POLTRONE",12,Divani,,,,,Array,ciao,resr,okee
10368,22438393,88,103688,"web divano 3p 220x92x79h tes vougue 06 marrone",POLVEND3,ONE,"DALE' F.LLI SRL",DALE01,"DALE' F.LLI SRL",DALE01,688.52.00,326,688.52.00,688.52.00,22,,Riferimento,1,,0,0,0,0,0,0,0,,0,0,,3000-12-31T00:00:00,2023-04-18T12:00:46.113,2,"DIVANI E POLTRONE",12,Divani,,,,,Array,ciao,resr,okee
10369,22438430,88,103695,"web divano 3p 220x92x79h tes vougue 14 grigio chiaro",POLVEND3,ONE,"DALE' F.LLI SRL",DALE01,"DALE' F.LLI SRL",DALE01,688.52.00,326,688.52.00,688.52.00,22,,Riferimento,1,,0,0,0,0,0,0,0,,0,0,,3000-12-31T00:00:00,2023-04-18T12:00:46.13,2,"DIVANI E POLTRONE",12,Divani,,,,,Array,ciao,resr,okee
10370,22438485,88,103701,"web divano 3p 260x92x79h tes vougue 09 ocra",POLVEND3,ONE,"DALE' F.LLI SRL",DALE01,"DALE' F.LLI SRL",DALE01,721.31.00,348,721.31.00,721.31.00,22,,Riferimento,1,,0,0,0,0,0,0,0,,0,0,,3000-12-31T00:00:00,2023-04-18T12:00:46.13,2,"DIVANI E POLTRONE",12,Divani,,,,,Array,ciao,resr,okee
10371,22438614,88,103718,"web divano 3p pen dx 340x168x79h tes vougue 17 nero",POLVEND3,ONE,"DALE' F.LLI SRL",DALE01,"DALE' F.LLI SRL",DALE01,1131.15.00,546,1131.15.00,1131.15.00,22,,Riferimento,1,,0,0,0,0,0,0,0,,0,0,,3000-12-31T00:00:00,2023-04-18T12:00:46.13,2,"DIVANI E POLTRONE",13,"Divani modulari",,,,,Array,ciao,resr,okee
10372,22438942,88,103725,"web divano 3p pen dx 240x168x79h tes vougue 3 beige",POLVEND3,ONE,"DALE' F.LLI SRL",DALE01,"DALE' F.LLI SRL",DALE01,852.46.00,414,852.46.00,852.46.00,22,,Riferimento,1,,0,0,0,0,0,0,0,,0,0,,3000-12-31T00:00:00,2023-04-18T12:00:46.147,2,"DIVANI E POLTRONE",13,"Divani modulari",,,,,Array,ciao,resr,okee
10373,22438973,88,103732,"web divano 3p pen dx 300x168x79h tes vougue 11 verde",POLVEND3,ONE,"DALE' F.LLI SRL",DALE01,"DALE' F.LLI SRL",DALE01,1082.37.00,525,1082.37.00,1082.37.00,22,,Riferimento,1,,0,0,0,0,0,0,0,,0,0,,3000-12-31T00:00:00,2023-04-18T12:00:46.147,2,"DIVANI E POLTRONE",13,"Divani modulari",,,,,Array,ciao,resr,okee
10374,22439017,88,103749,"web divano 3p pen dx 300x168x79h tes vougue 17 nero",POLVEND3,ONE,"DALE' F.LLI SRL",DALE01,"DALE' F.LLI SRL",DALE01,1082.37.00,525,1082.37.00,1082.37.00,22,,Riferimento,1,,0,0,0,0,0,0,0,,0,0,,3000-12-31T00:00:00,2023-04-18T12:00:46.147,2,"DIVANI E POLTRONE",13,"Divani modulari",,,,,Array,ciao,resr,okee
10375,22439116,88,103756,"web divano 3p pen sx 240x168x79h tes vougue 06 marrone",POLVEND3,ONE,"DALE' F.LLI SRL",DALE01,"DALE' F.LLI SRL",DALE01,852.46.00,414,852.46.00,852.46.00,22,,Riferimento,1,,0,0,0,0,0,0,0,,0,0,,3000-12-31T00:00:00,2023-04-18T12:00:46.147,2,"DIVANI E POLTRONE",13,"Divani modulari",,,,,Array,ciao,resr,okee
10376,22439284,88,103763,"web divano 3p pen sx 300x168x79h tes vougue 09 ocra",POLVEND3,ONE,"DALE' F.LLI SRL",DALE01,"DALE' F.LLI SRL",DALE01,1082.37.00,525,1082.37.00,1082.37.00,22,,Riferimento,1,,0,0,0,0,0,0,0,,0,0,,3000-12-31T00:00:00,2023-04-18T12:00:46.163,2,"DIVANI E POLTRONE",13,"Divani modulari",,,,,Array,ciao,resr,okee
10377,22443755,88,103770,"web divano letto 2p (mat.140) 200x95h85 25 bianco",POLVEND3,IVO,"DALE' F.LLI SRL",DALE01,"DALE' F.LLI SRL",DALE01,902.04.00,430,902.04.00,902.04.00,22,,Riferimento,1,,0,0,0,0,0,0,0,,0,0,,3000-12-31T00:00:00,2023-04-18T12:00:46.163,2,"DIVANI E POLTRONE",14,"Divani letto",,,,,Array,ciao,resr,okee
10378,22443793,88,103787,"web divano letto 3p (mat.160) 220x95h85 04 tortora",POLVEND3,IVO,"DALE' F.LLI SRL",DALE01,"DALE' F.LLI SRL",DALE01,902.04.00,440,902.04.00,902.04.00,22,,Riferimento,1,,0,0,0,0,0,0,0,,0,0,,3000-12-31T00:00:00,2023-04-18T12:00:46.163,2,"DIVANI E POLTRONE",14,"Divani letto",,,,,Array,ciao,resr,okee
10379,22443809,88,103794,"web divano letto 3p (mat.160) 220x95h85 11 giallo",POLVEND3,IVO,"DALE' F.LLI SRL",DALE01,"DALE' F.LLI SRL",DALE01,902.04.00,440,902.04.00,902.04.00,22,,Riferimento,1,,0,0,0,0,0,0,0,,0,0,,3000-12-31T00:00:00,2023-04-18T12:00:46.177,2,"DIVANI E POLTRONE",14,"Divani letto",,,,,Array,ciao,resr,okee
10380,22443823,88,103800,"web divano letto 3p (mat.160) 220x95h85 22 petrolio",POLVEND3,IVO,"DALE' F.LLI SRL",DALE01,"DALE' F.LLI SRL",DALE01,902.04.00,440,902.04.00,902.04.00,22,,Riferimento,1,,0,0,0,0,0,0,0,,0,0,,3000-12-31T00:00:00,2023-04-18T12:00:46.177,2,"DIVANI E POLTRONE",14,"Divani letto",,,,,Array,ciao,resr,okee
10381,22443885,88,103817,"web divano letto 1p1/2 (mat.120) 160x95 h85 09 giallo",POLVEND3,SLEEM,"DALE' F.LLI SRL",DALE01,"DALE' F.LLI SRL",DALE01,877.05.00,420,877.05.00,877.05.00,22,,Riferimento,1,,0,0,0,0,0,0,0,,0,0,,3000-12-31T00:00:00,2023-04-18T12:00:46.177,2,"DIVANI E POLTRONE",14,"Divani letto",,,,,Array,ciao,resr,okee
10382,22444004,88,103824,"web divano letto 2p (mat.140) 180x95h85 16 grig scuro",POLVEND3,SLEEM,"DALE' F.LLI SRL",DALE01,"DALE' F.LLI SRL",DALE01,902.04.00,430,902.04.00,902.04.00,22,,Riferimento,1,,0,0,0,0,0,0,0,,0,0,,3000-12-31T00:00:00,2023-04-18T12:00:46.193,2,"DIVANI E POLTRONE",14,"Divani letto",,,,,Array,ciao,resr,okee
10383,22444066,88,103831,"web divano letto 3p (mat.160) 200x95 h85 13 petrolio",POLVEND3,SLEEM,"DALE' F.LLI SRL",DALE01,"DALE' F.LLI SRL",DALE01,902.04.00,440,902.04.00,902.04.00,22,,Riferimento,1,,0,0,0,0,0,0,0,,0,0,,3000-12-31T00:00:00,2023-04-18T12:00:46.193,2,"DIVANI E POLTRONE",14,"Divani letto",,,,,Array,ciao,resr,okee
10384,22444103,88,103848,"web divano letto 1p1/2 (mat.120) 166x95h85 03 beige",POLVEND3,FREUD,"DALE' F.LLI SRL",DALE01,"DALE' F.LLI SRL",DALE01,984.01.00,470,984.01.00,984.01.00,22,,Riferimento,1,,0,0,0,0,0,0,0,,0,0,,3000-12-31T00:00:00,2023-04-18T12:00:46.21,2,"DIVANI E POLTRONE",14,"Divani letto",,,,,Array,ciao,resr,okee
10385,22444141,88,103855,"web divano letto 1p1/2 (mat.120) 166x95h85 13 petrolio",POLVEND3,FREUD,"DALE' F.LLI SRL",DALE01,"DALE' F.LLI SRL",DALE01,984.01.00,470,984.01.00,984.01.00,22,,Riferimento,1,,0,0,0,0,0,0,0,,0,0,,3000-12-31T00:00:00,2023-04-18T12:00:46.21,2,"DIVANI E POLTRONE",14,"Divani letto",,,,,Array,ciao,resr,okee
10386,22444202,88,103862,"web divano letto 2p (mat.140) 186x95h85 09 giallo",POLVEND3,FREUD,"DALE' F.LLI SRL",DALE01,"DALE' F.LLI SRL",DALE01,1000,480,1000,1000,22,,Riferimento,1,,0,0,0,0,0,0,0,,0,0,,3000-12-31T00:00:00,2023-04-18T12:00:46.223,2,"DIVANI E POLTRONE",14,"Divani letto",,,,,Array,ciao,resr,okee
10387,22444325,88,103879,"web divano letto 3p (mat.160) 206x95h85 16 grig scuro",POLVEND3,FREUD,"DALE' F.LLI SRL",DALE01,"DALE' F.LLI SRL",DALE01,1024.59.00,490,1024.59.00,1024.59.00,22,,Riferimento,1,,0,0,0,0,0,0,0,,0,0,,3000-12-31T00:00:00,2023-04-18T12:00:46.223,2,"DIVANI E POLTRONE",14,"Divani letto",,,,,Array,ciao,resr,okee
10388,22444387,88,103886,"web divano letto 1p1/2 (mat.120) 180x95h85 13 petrolio",POLVEND3,PIPER,"DALE' F.LLI SRL",DALE01,"DALE' F.LLI SRL",DALE01,926.23.00,445,926.23.00,926.23.00,22,,Riferimento,1,,0,0,0,0,0,0,0,,0,0,,3000-12-31T00:00:00,2023-04-18T12:00:46.223,2,"DIVANI E POLTRONE",14,"Divani letto",,,,,Array,ciao,resr,okee
10389,22444424,88,103893,"web divano letto 2p (mat.140) 200x95h85 03 beige",POLVEND3,PIPER,"DALE' F.LLI SRL",DALE01,"DALE' F.LLI SRL",DALE01,951.22.00,455,951.22.00,951.22.00,22,,Riferimento,1,,0,0,0,0,0,0,0,,0,0,,3000-12-31T00:00:00,2023-04-18T12:00:46.24,2,"DIVANI E POLTRONE",14,"Divani letto",,,,,Array,ciao,resr,okee
10390,22444486,88,103909,"web divano letto 2p (mat.140) 200x95h85 16 grig scuro",POLVEND3,PIPER,"DALE' F.LLI SRL",DALE01,"DALE' F.LLI SRL",DALE01,951.22.00,455,951.22.00,951.22.00,22,,Riferimento,1,,0,0,0,0,0,0,0,,0,0,,3000-12-31T00:00:00,2023-04-18T12:00:46.24,2,"DIVANI E POLTRONE",14,"Divani letto",,,,,Array,ciao,resr,okee
10391,22444578,88,103916,"web divano letto 3p (mat.160) 220x95h85 17 nero",POLVEND3,PIPER,"DALE' F.LLI SRL",DALE01,"DALE' F.LLI SRL",DALE01,975.41.00,465,975.41.00,975.41.00,22,,Riferimento,1,,0,0,0,0,0,0,0,,0,0,,3000-12-31T00:00:00,2023-04-18T12:00:46.257,2,"DIVANI E POLTRONE",14,"Divani letto",,,,,Array,ciao,resr,okee
10392,22444707,88,103923,"web letto singolo c/contenitore l110x215h108 03 beige",POLVEND3,ABBEY,"DALE' F.LLI SRL",DALE01,"DALE' F.LLI SRL",DALE01,541.38.00,252,541.38.00,541.38.00,22,,Riferimento,1,,0,0,0,0,0,0,0,,0,0,,3000-12-31T00:00:00,2023-04-18T12:00:46.257,3,CAMERE,11,Letti,,,,,Array,ciao,resr,okee
10393,22444776,88,103930,"web slim letto king size l210x235 h118 08 tortora",POLVEND3,ELODIE,"DALE' F.LLI SRL",DALE01,"DALE' F.LLI SRL",DALE01,869.25.00,401,869.25.00,869.25.00,22,,Riferimento,1,,0,0,0,0,0,0,0,,0,0,,3000-12-31T00:00:00,2023-04-18T12:00:46.257,3,CAMERE,11,Letti,,,,,Array,ciao,resr,okee
10394,22444837,88,103947,"web slim letto matrimoniale l190x225 h118 08 tortora",POLVEND3,ELODIE,"DALE' F.LLI SRL",DALE01,"DALE' F.LLI SRL",DALE01,770.49.00,357,770.49.00,770.49.00,22,,Riferimento,1,,0,0,0,0,0,0,0,,0,0,,3000-12-31T00:00:00,2023-04-18T12:00:46.27,3,CAMERE,11,Letti,,,,,Array,ciao,resr,okee
10395,22444912,88,103954,"web slim letto 1p1/2 l150x225 h118 28 blu",POLVEND3,ELODIE,"DALE' F.LLI SRL",DALE01,"DALE' F.LLI SRL",DALE01,688.52.00,318,688.52.00,688.52.00,22,,Riferimento,1,,0,0,0,0,0,0,0,,0,0,,3000-12-31T00:00:00,2023-04-18T12:00:46.27,3,CAMERE,11,Letti,,,,,Array,ciao,resr,okee
10396,22444998,88,103961,"web slim letto singolo l110x225 h118 24 grigio scuro",POLVEND3,ELODIE,"DALE' F.LLI SRL",DALE01,"DALE' F.LLI SRL",DALE01,574.17.00,268,574.17.00,574.17.00,22,,Riferimento,1,,0,0,0,0,0,0,0,,0,0,,3000-12-31T00:00:00,2023-04-18T12:00:46.287,3,CAMERE,11,Letti,,,,,Array,ciao,resr,okee
10397,22445025,88,103978,"web letto king size c/contenitore telaio l205x230h82 10 verde",POLVEND3,PARK,"DALE' F.LLI SRL",DALE01,"DALE' F.LLI SRL",DALE01,1033.19.00,485,1033.19.00,1033.19.00,22,,Riferimento,1,,0,0,0,0,0,0,0,,0,0,,3000-12-31T00:00:00,2023-04-18T12:00:46.287,3,CAMERE,11,Letti,,,,,Array,ciao,resr,okee
10398,22445049,88,103985,"web letto king size c/contenitore telaio l205x230h82 21 grigio",POLVEND3,PARK,"DALE' F.LLI SRL",DALE01,"DALE' F.LLI SRL",DALE01,1033.19.00,485,1033.19.00,1033.19.00,22,,Riferimento,1,,0,0,0,0,0,0,0,,0,0,,3000-12-31T00:00:00,2023-04-18T12:00:46.303,3,CAMERE,11,Letti,,,,,Array,ciao,resr,okee
10399,22445445,88,103992,"web tes.alta l.singolo c/contenitore l105x220h110 10 verde",POLVEND3,PARK-AIR,"DALE' F.LLI SRL",DALE01,"DALE' F.LLI SRL",DALE01,688.52.00,324,688.52.00,688.52.00,22,,Riferimento,1,,0,0,0,0,0,0,0,,0,0,,3000-12-31T00:00:00,2023-04-18T12:00:46.303,3,CAMERE,11,Letti,,,,,Array,ciao,resr,okee
10400,22445599,88,104005,"web letto francese c/contenitore l155x205h105 16 grigio scur",POLVEND3,DREAM,"DALE' F.LLI SRL",DALE01,"DALE' F.LLI SRL",DALE01,451.22.00,247,451.22.00,451.22.00,22,,Riferimento,1,,0,0,0,0,0,0,0,,0,0,,3000-12-31T00:00:00,2023-04-18T12:00:46.317,3,CAMERE,11,Letti,,,,,Array,ciao,resr,okee
10401,22445605,88,104012,"web letto 1p1/2 c/contenitore l135x205h105 03 beige",POLVEND3,DREAM,"DALE' F.LLI SRL",DALE01,"DALE' F.LLI SRL",DALE01,430.33.00,252,430.33.00,430.33.00,22,,Riferimento,1,,0,0,0,0,0,0,0,,0,0,,3000-12-31T00:00:00,2023-04-18T12:00:46.317,3,CAMERE,11,Letti,,,,,Array,,,
10402,22445759,88,104029,"web slim letto king size l200x230h110 11 blu",POLVEND3,ROGER,"DALE' F.LLI SRL",DALE01,"DALE' F.LLI SRL",DALE01,795.08.00,374,795.08.00,795.08.00,22,,Riferimento,1,,0,0,0,0,0,0,0,,0,0,,3000-12-31T00:00:00,2023-04-18T12:00:46.333,3,CAMERE,11,Letti,,,,,Array,,,
10403,22446039,88,104036,"web letto matrimoniale slim l185x220h88 06 marrone",POLVEND3,FELIZ,"DALE' F.LLI SRL",DALE01,"DALE' F.LLI SRL",DALE01,680.33.00,294,680.33.00,680.33.00,22,,Riferimento,1,,0,0,0,0,0,0,0,,0,0,,3000-12-31T00:00:00,2023-04-18T12:00:46.333,3,CAMERE,11,Letti,,,,,Array,,,
10404,22446053,88,104043,"web letto matrimoniale slim l185x220h88 13 petrolio",POLVEND3,FELIZ,"DALE' F.LLI SRL",DALE01,"DALE' F.LLI SRL",DALE01,680.33.00,294,680.33.00,680.33.00,22,,Riferimento,1,,0,0,0,0,0,0,0,,0,0,,3000-12-31T00:00:00,2023-04-18T12:00:46.35,3,CAMERE,11,Letti,,,,,Array,,,
10405,22446169,88,104050,"web letto singolo slim l105x220h88 11 verde",POLVEND3,FELIZ,"DALE' F.LLI SRL",DALE01,"DALE' F.LLI SRL",DALE01,508.2,221,508.2,508.2,22,,Riferimento,1,,0,0,0,0,0,0,0,,0,0,,3000-12-31T00:00:00,2023-04-18T12:00:46.35,3,CAMERE,11,Letti,,,,,Array,,,
10406,22446220,88,104067,"web letto matrimoniale c/contenitore l190x225x118h 10 verde",POLVEND3,ADONE,"DALE' F.LLI SRL",DALE01,"DALE' F.LLI SRL",DALE01,975.41.00,457,975.41.00,975.41.00,22,,Riferimento,1,,0,0,0,0,0,0,0,,0,0,,3000-12-31T00:00:00,2023-04-18T12:00:46.363,3,CAMERE,11,Letti,,,,,Array,,,
10407,22446251,88,104074,"web letto matrimoniale c/contenitore l190x225x118h 24 grigio scuro",POLVEND3,ADONE,"DALE' F.LLI SRL",DALE01,"DALE' F.LLI SRL",DALE01,975.41.00,457,975.41.00,975.41.00,22,,Riferimento,1,,0,0,0,0,0,0,0,,0,0,,3000-12-31T00:00:00,2023-04-18T12:00:46.38,3,CAMERE,11,Letti,,,,,Array,,,
10408,22446404,88,104081,"web letto king size c/contenitore l200x230h105 11 verde",POLVEND3,GREY,"DALE' F.LLI SRL",DALE01,"DALE' F.LLI SRL",DALE01,1115.15.00,524,1115.15.00,1115.15.00,22,,Riferimento,1,,0,0,0,0,0,0,0,,0,0,,3000-12-31T00:00:00,2023-04-18T12:00:46.38,3,CAMERE,11,Letti,,,,,Array,,,
10409,22446589,88,104098,"web letto singolo c/contenitore l100x220h105 11 verde",POLVEND3,GREY,"DALE' F.LLI SRL",DALE01,"DALE' F.LLI SRL",DALE01,737.7,346,737.7,737.7,22,,Riferimento,1,,0,0,0,0,0,0,0,,0,0,,3000-12-31T00:00:00,2023-04-18T12:00:46.397,3,CAMERE,11,Letti,,,,,Array,,,
10425,22438027,88,104258,"web divano 2p pen dx 200x168x79h tes polaris 11 verde",POLVEND3,BRENT,"DALE' F.LLI SRL",DALE01,"DALE' F.LLI SRL",DALE01,975.41.00,466,975.41.00,975.41.00,22,,Riferimento,1,,0,0,0,0,0,0,0,,0,0,,3000-12-31T00:00:00,2023-04-18T12:00:48.073,2,"DIVANI E POLTRONE",13,"Divani modulari",,,,,Array,,,
10426,22438096,88,104265,"web divano 2p pen sx 200x168x79h tes polaris 11 verde",POLVEND3,BRENT,"DALE' F.LLI SRL",DALE01,"DALE' F.LLI SRL",DALE01,975.41.00,466,975.41.00,975.41.00,22,,Riferimento,1,,0,0,0,0,0,0,0,,0,0,,3000-12-31T00:00:00,2023-04-18T12:00:48.073,2,"DIVANI E POLTRONE",13,"Divani modulari",,,,,Array,,,
10427,22438157,88,104272,"web divano 3p pen dx 220x168x79h tes polaris 19 grigio scuro",POLVEND3,BRENT,"DALE' F.LLI SRL",DALE01,"DALE' F.LLI SRL",DALE01,1004.1,477,1004.1,1004.1,22,,Riferimento,1,,0,0,0,0,0,0,0,,0,0,,3000-12-31T00:00:00,2023-04-18T12:00:48.09,2,"DIVANI E POLTRONE",13,"Divani modulari",,,,,Array,,,
10428,22438232,88,104289,"web divano 3p pen sx 220x168x79h tes polaris 11 verde",POLVEND3,BRENT,"DALE' F.LLI SRL",DALE01,"DALE' F.LLI SRL",DALE01,1004.1,477,1004.1,1004.1,22,,Riferimento,1,,0,0,0,0,0,0,0,,0,0,,3000-12-31T00:00:00,2023-04-18T12:00:48.09,2,"DIVANI E POLTRONE",13,"Divani modulari",,,,,Array,,,
10429,22438287,88,104296,"web divano 3p 240x92x79h tes polaris 08 arancio",POLVEND3,BRENT,"DALE' F.LLI SRL",DALE01,"DALE' F.LLI SRL",DALE01,861.06.00,408,861.06.00,861.06.00,22,,Riferimento,1,,0,0,0,0,0,0,0,,0,0,,3000-12-31T00:00:00,2023-04-18T12:00:48.09,2,"DIVANI E POLTRONE",12,Divani,,,,,Array,,,
10430,22438492,88,104302,"web divano 3p 260x92x79h tes vougue 11 verde",POLVEND3,ONE,"DALE' F.LLI SRL",DALE01,"DALE' F.LLI SRL",DALE01,721.31.00,348,721.31.00,721.31.00,22,,Riferimento,1,,0,0,0,0,0,0,0,,0,0,,3000-12-31T00:00:00,2023-04-18T12:00:48.107,2,"DIVANI E POLTRONE",12,Divani,,,,,Array,,,
10431,22438522,88,104319,"web divano 3p 260x92x79h tes vougue 16 grigio scuro",POLVEND3,ONE,"DALE' F.LLI SRL",DALE01,"DALE' F.LLI SRL",DALE01,721.31.00,348,721.31.00,721.31.00,22,,Riferimento,1,,0,0,0,0,0,0,0,,0,0,,3000-12-31T00:00:00,2023-04-18T12:00:48.107,2,"DIVANI E POLTRONE",12,Divani,,,,,Array,,,
10432,22438607,88,104326,"web divano 3p pen dx 340x168x79h tes vougue 16 grigio scuro",POLVEND3,ONE,"DALE' F.LLI SRL",DALE01,"DALE' F.LLI SRL",DALE01,1131.15.00,546,1131.15.00,1131.15.00,22,,Riferimento,1,,0,0,0,0,0,0,0,,0,0,,3000-12-31T00:00:00,2023-04-18T12:00:48.12,2,"DIVANI E POLTRONE",13,"Divani modulari",,,,,Array,,,
10433,22438652,88,104333,"web divano 3p maxi 360x92x79h tes vougue 13 petrolio",POLVEND3,ONE,"DALE' F.LLI SRL",DALE01,"DALE' F.LLI SRL",DALE01,1000,480,1000,1000,22,,Riferimento,1,,0,0,0,0,0,0,0,,0,0,,3000-12-31T00:00:00,2023-04-18T12:00:48.12,2,"DIVANI E POLTRONE",12,Divani,,,,,Array,,,
10434,22438690,88,104340,"web divano 3p maxi 360x92x79h tes vougue 3 beige",POLVEND3,ONE,"DALE' F.LLI SRL",DALE01,"DALE' F.LLI SRL",DALE01,1000,480,1000,1000,22,,Riferimento,1,,0,0,0,0,0,0,0,,0,0,,3000-12-31T00:00:00,2023-04-18T12:00:48.137,2,"DIVANI E POLTRONE",12,Divani,,,,,Array,,,
10435,22438713,88,104357,"web divano 3p maxi 300x92x79h tes vougue 09 ocra",POLVEND3,ONE,"DALE' F.LLI SRL",DALE01,"DALE' F.LLI SRL",DALE01,934.43.00,448,934.43.00,934.43.00,22,,Riferimento,1,,0,0,0,0,0,0,0,,0,0,,3000-12-31T00:00:00,2023-04-18T12:00:48.137,2,"DIVANI E POLTRONE",12,Divani,,,,,Array,,,
10436,22438775,88,104364,"web divano 3p maxi 300x92x79h tes vougue 3 beige",POLVEND3,ONE,"DALE' F.LLI SRL",DALE01,"DALE' F.LLI SRL",DALE01,934.43.00,448,934.43.00,934.43.00,22,,Riferimento,1,,0,0,0,0,0,0,0,,0,0,,3000-12-31T00:00:00,2023-04-18T12:00:48.137,2,"DIVANI E POLTRONE",12,Divani,,,,,Array,,,
10437,22438829,88,104371,"web divano 2p pen dx 220x168x79h tes vougue 13 petrolio",POLVEND3,ONE,"DALE' F.LLI SRL",DALE01,"DALE' F.LLI SRL",DALE01,836.07.00,403,836.07.00,836.07.00,22,,Riferimento,1,,0,0,0,0,0,0,0,,0,0,,3000-12-31T00:00:00,2023-04-18T12:00:48.153,2,"DIVANI E POLTRONE",13,"Divani modulari",,,,,Array,,,
10438,22438850,88,104388,"web divano 2p pen dx 220x168x79h tes vougue 17 nero",POLVEND3,ONE,"DALE' F.LLI SRL",DALE01,"DALE' F.LLI SRL",DALE01,836.07.00,403,836.07.00,836.07.00,22,,Riferimento,1,,0,0,0,0,0,0,0,,0,0,,3000-12-31T00:00:00,2023-04-18T12:00:48.153,2,"DIVANI E POLTRONE",13,"Divani modulari",,,,,Array,,,
10439,22438867,88,104395,"web divano 2p pen dx 220x168x79h tes vougue 3 beige",POLVEND3,ONE,"DALE' F.LLI SRL",DALE01,"DALE' F.LLI SRL",DALE01,836.07.00,403,836.07.00,836.07.00,22,,Riferimento,1,,0,0,0,0,0,0,0,,0,0,,3000-12-31T00:00:00,2023-04-18T12:00:48.153,2,"DIVANI E POLTRONE",13,"Divani modulari",,,,,Array,,,
10440,22438881,88,104401,"web divano 3p pen dx 240x168x79h tes vougue 09 ocra",POLVEND3,ONE,"DALE' F.LLI SRL",DALE01,"DALE' F.LLI SRL",DALE01,852.46.00,414,852.46.00,852.46.00,22,,Riferimento,1,,0,0,0,0,0,0,0,,0,0,,3000-12-31T00:00:00,2023-04-18T12:00:48.167,2,"DIVANI E POLTRONE",13,"Divani modulari",,,,,Array,,,
10441,22438898,88,104418,"web divano 3p pen dx 240x168x79h tes vougue 11 verde",POLVEND3,ONE,"DALE' F.LLI SRL",DALE01,"DALE' F.LLI SRL",DALE01,852.46.00,414,852.46.00,852.46.00,22,,Riferimento,1,,0,0,0,0,0,0,0,,0,0,,3000-12-31T00:00:00,2023-04-18T12:00:48.167,2,"DIVANI E POLTRONE",13,"Divani modulari",,,,,Array,,,
10442,22439024,88,104425,"web divano 3p pen dx 300x168x79h tes vougue 3 beige",POLVEND3,ONE,"DALE' F.LLI SRL",DALE01,"DALE' F.LLI SRL",DALE01,1082.37.00,525,1082.37.00,1082.37.00,22,,Riferimento,1,,0,0,0,0,0,0,0,,0,0,,3000-12-31T00:00:00,2023-04-18T12:00:48.167,2,"DIVANI E POLTRONE",13,"Divani modulari",,,,,Array,,,
10443,22439031,88,104432,"web divano 2p pen sx 220x168x79h tes vougue 06 marrone",POLVEND3,ONE,"DALE' F.LLI SRL",DALE01,"DALE' F.LLI SRL",DALE01,836.07.00,403,836.07.00,836.07.00,22,,Riferimento,1,,0,0,0,0,0,0,0,,0,0,,3000-12-31T00:00:00,2023-04-18T12:00:48.183,2,"DIVANI E POLTRONE",13,"Divani modulari",,,,,Array,,,
10444,22439079,88,104449,"web divano 2p pen sx 220x168x79h tes vougue 14 grigio chiaro",POLVEND3,ONE,"DALE' F.LLI SRL",DALE01,"DALE' F.LLI SRL",DALE01,836.07.00,403,836.07.00,836.07.00,22,,Riferimento,1,,0,0,0,0,0,0,0,,0,0,,3000-12-31T00:00:00,2023-04-18T12:00:48.183,2,"DIVANI E POLTRONE",13,"Divani modulari",,,,,Array,,,
10445,22439109,88,104456,"web divano 2p pen sx 220x168x79h tes vougue 3 beige",POLVEND3,ONE,"DALE' F.LLI SRL",DALE01,"DALE' F.LLI SRL",DALE01,836.07.00,403,836.07.00,836.07.00,22,,Riferimento,1,,0,0,0,0,0,0,0,,0,0,,3000-12-31T00:00:00,2023-04-18T12:00:48.183,2,"DIVANI E POLTRONE",13,"Divani modulari",,,,,Array,,,
10446,22439246,88,104463,"web divano 3p pen sx 340x168x79h tes vougue 16 grigio scuro",POLVEND3,ONE,"DALE' F.LLI SRL",DALE01,"DALE' F.LLI SRL",DALE01,1131.15.00,546,1131.15.00,1131.15.00,22,,Riferimento,1,,0,0,0,0,0,0,0,,0,0,,3000-12-31T00:00:00,2023-04-18T12:00:48.2,2,"DIVANI E POLTRONE",13,"Divani modulari",,,,,Array,,,
10447,22443564,88,104470,"web poltrona letto (mat.70) 130x95h85 11 giallo",POLVEND3,IVO,"DALE' F.LLI SRL",DALE01,"DALE' F.LLI SRL",DALE01,811.48.00,390,811.48.00,811.48.00,22,,Riferimento,1,,0,0,0,0,0,0,0,,0,0,,3000-12-31T00:00:00,2023-04-18T12:00:48.2,2,"DIVANI E POLTRONE",11,Poltrone,,,,,Array,,,
10448,22443625,88,104487,"web divano let 1p1/2 (mat.120) 180x95h85 03 beige",POLVEND3,IVO,"DALE' F.LLI SRL",DALE01,"DALE' F.LLI SRL",DALE01,877.05.00,420,877.05.00,877.05.00,22,,Riferimento,1,,0,0,0,0,0,0,0,,0,0,,3000-12-31T00:00:00,2023-04-18T12:00:48.2,2,"DIVANI E POLTRONE",14,"Divani letto",,,,,Array,,,
10449,22443663,88,104494,"web divano let 1p1/2 (mat.120) 180x95h85 22 petrolio",POLVEND3,IVO,"DALE' F.LLI SRL",DALE01,"DALE' F.LLI SRL",DALE01,877.05.00,420,877.05.00,877.05.00,22,,Riferimento,1,,0,0,0,0,0,0,0,,0,0,,3000-12-31T00:00:00,2023-04-18T12:00:48.217,2,"DIVANI E POLTRONE",14,"Divani letto",,,,,Array,,,
10450,22443670,88,104500,"web divano let 1p1/2 (mat.120) 180x95h85 25 bianco",POLVEND3,IVO,"DALE' F.LLI SRL",DALE01,"DALE' F.LLI SRL",DALE01,877.05.00,420,877.05.00,877.05.00,22,,Riferimento,1,,0,0,0,0,0,0,0,,0,0,,3000-12-31T00:00:00,2023-04-18T12:00:48.217,2,"DIVANI E POLTRONE",14,"Divani letto",,,,,Array,,,
10451,22443687,88,104517,"web divano let 1p1/2 (mat.120) 180x95h85 27 grigio",POLVEND3,IVO,"DALE' F.LLI SRL",DALE01,"DALE' F.LLI SRL",DALE01,877.05.00,420,877.05.00,877.05.00,22,,Riferimento,1,,0,0,0,0,0,0,0,,0,0,,3000-12-31T00:00:00,2023-04-18T12:00:48.23,2,"DIVANI E POLTRONE",14,"Divani letto",,,,,Array,,,
10452,22443786,88,104524,"web divano letto 3p (mat.160) 220x95h85 03 beige",POLVEND3,IVO,"DALE' F.LLI SRL",DALE01,"DALE' F.LLI SRL",DALE01,902.04.00,440,902.04.00,902.04.00,22,,Riferimento,1,,0,0,0,0,0,0,0,,0,0,,3000-12-31T00:00:00,2023-04-18T12:00:48.23,2,"DIVANI E POLTRONE",14,"Divani letto",,,,,Array,,,
10453,22443908,88,104531,"web divano letto 1p1/2 (mat.120) 160x95 h85 13 petrolio",POLVEND3,SLEEM,"DALE' F.LLI SRL",DALE01,"DALE' F.LLI SRL",DALE01,877.05.00,420,877.05.00,877.05.00,22,,Riferimento,1,,0,0,0,0,0,0,0,,0,0,,3000-12-31T00:00:00,2023-04-18T12:00:48.23,2,"DIVANI E POLTRONE",14,"Divani letto",,,,,Array,,,
10454,22443922,88,104548,"web divano letto 1p1/2 (mat.120) 160x95 h85 16 grig scuro",POLVEND3,SLEEM,"DALE' F.LLI SRL",DALE01,"DALE' F.LLI SRL",DALE01,877.05.00,420,877.05.00,877.05.00,22,,Riferimento,1,,0,0,0,0,0,0,0,,0,0,,3000-12-31T00:00:00,2023-04-18T12:00:48.247,2,"DIVANI E POLTRONE",14,"Divani letto",,,,,Array,,,
10455,22443939,88,104555,"web divano letto 1p1/2 (mat.120) 160x95 h85 17 nero",POLVEND3,SLEEM,"DALE' F.LLI SRL",DALE01,"DALE' F.LLI SRL",DALE01,877.05.00,420,877.05.00,877.05.00,22,,Riferimento,1,,0,0,0,0,0,0,0,,0,0,,3000-12-31T00:00:00,2023-04-18T12:00:48.247,2,"DIVANI E POLTRONE",14,"Divani letto",,,,,Array,,,
10456,22443960,88,104562,"web divano letto 2p (mat.140) 180x95h85 09 giallo",POLVEND3,SLEEM,"DALE' F.LLI SRL",DALE01,"DALE' F.LLI SRL",DALE01,902.04.00,430,902.04.00,902.04.00,22,,Riferimento,1,,0,0,0,0,0,0,0,,0,0,,3000-12-31T00:00:00,2023-04-18T12:00:48.263,2,"DIVANI E POLTRONE",14,"Divani letto",,,,,Array,,,
10457,22444059,88,104579,"web divano letto 3p (mat.160) 200x95 h85 11 verde",POLVEND3,SLEEM,"DALE' F.LLI SRL",DALE01,"DALE' F.LLI SRL",DALE01,902.04.00,440,902.04.00,902.04.00,22,,Riferimento,1,,0,0,0,0,0,0,0,,0,0,,3000-12-31T00:00:00,2023-04-18T12:00:48.263,2,"DIVANI E POLTRONE",14,"Divani letto",,,,,Array,,,
10458,22444097,88,104586,"web divano letto 3p (mat.160) 200x95 h85 17 nero",POLVEND3,SLEEM,"DALE' F.LLI SRL",DALE01,"DALE' F.LLI SRL",DALE01,902.04.00,440,902.04.00,902.04.00,22,,Riferimento,1,,0,0,0,0,0,0,0,,0,0,,3000-12-31T00:00:00,2023-04-18T12:00:48.263,2,"DIVANI E POLTRONE",14,"Divani letto",,,,,Array,,,
10459,22444172,88,104593,"web divano letto 1p1/2 (mat.120) 166x95h85 17 nero",POLVEND3,FREUD,"DALE' F.LLI SRL",DALE01,"DALE' F.LLI SRL",DALE01,984.01.00,470,984.01.00,984.01.00,22,,Riferimento,1,,0,0,0,0,0,0,0,,0,0,,3000-12-31T00:00:00,2023-04-18T12:00:48.277,2,"DIVANI E POLTRONE",14,"Divani letto",,,,,Array,,,
10460,22444240,88,104609,"web divano letto 2p (mat.140) 186x95h85 16 grig scuro",POLVEND3,FREUD,"DALE' F.LLI SRL",DALE01,"DALE' F.LLI SRL",DALE01,1000,480,1000,1000,22,,Riferimento,1,,0,0,0,0,0,0,0,,0,0,,3000-12-31T00:00:00,2023-04-18T12:00:49.81,2,"DIVANI E POLTRONE",14,"Divani letto",,,,,Array,,,
10461,22444288,88,104616,"web divano letto 3p (mat.160) 206x95h85 09 giallo",POLVEND3,FREUD,"DALE' F.LLI SRL",DALE01,"DALE' F.LLI SRL",DALE01,1024.59.00,490,1024.59.00,1024.59.00,22,,Riferimento,1,,0,0,0,0,0,0,0,,0,0,,3000-12-31T00:00:00,2023-04-18T12:00:49.823,2,"DIVANI E POLTRONE",14,"Divani letto",,,,,Array,,,
10462,22444301,88,104623,"web divano letto 3p (mat.160) 206x95h85 13 petrolio",POLVEND3,FREUD,"DALE' F.LLI SRL",DALE01,"DALE' F.LLI SRL",DALE01,1024.59.00,490,1024.59.00,1024.59.00,22,,Riferimento,1,,0,0,0,0,0,0,0,,0,0,,3000-12-31T00:00:00,2023-04-18T12:00:49.84,2,"DIVANI E POLTRONE",14,"Divani letto",,,,,Array,,,
10463,22444318,88,104630,"web divano letto 3p (mat.160) 206x95h85 14 grig chiar",POLVEND3,FREUD,"DALE' F.LLI SRL",DALE01,"DALE' F.LLI SRL",DALE01,1024.59.00,490,1024.59.00,1024.59.00,22,,Riferimento,1,,0,0,0,0,0,0,0,,0,0,,3000-12-31T00:00:00,2023-04-18T12:00:49.84,2,"DIVANI E POLTRONE",14,"Divani letto",,,,,Array,,,
10464,22444356,88,104647,"web divano letto 1p1/2 (mat.120) 180x95h85 06 marrone",POLVEND3,PIPER,"DALE' F.LLI SRL",DALE01,"DALE' F.LLI SRL",DALE01,926.23.00,445,926.23.00,926.23.00,22,,Riferimento,1,,0,0,0,0,0,0,0,,0,0,,3000-12-31T00:00:00,2023-04-18T12:00:49.84,2,"DIVANI E POLTRONE",14,"Divani letto",,,,,Array,,,
10465,22444455,88,104654,"web divano letto 2p (mat.140) 200x95h85 11 verde",POLVEND3,PIPER,"DALE' F.LLI SRL",DALE01,"DALE' F.LLI SRL",DALE01,951.22.00,455,951.22.00,951.22.00,22,,Riferimento,1,,0,0,0,0,0,0,0,,0,0,,3000-12-31T00:00:00,2023-04-18T12:00:49.857,2,"DIVANI E POLTRONE",14,"Divani letto",,,,,Array,,,
10466,22444479,88,104661,"web divano letto 2p (mat.140) 200x95h85 14 grig chiar",POLVEND3,PIPER,"DALE' F.LLI SRL",DALE01,"DALE' F.LLI SRL",DALE01,951.22.00,455,951.22.00,951.22.00,22,,Riferimento,1,,0,0,0,0,0,0,0,,0,0,,3000-12-31T00:00:00,2023-04-18T12:00:49.857,2,"DIVANI E POLTRONE",14,"Divani letto",,,,,Array,,,
10467,22444615,88,104678,"web letto matrimoniale c/contenitore l190x215h108 13 blu",POLVEND3,ABBEY,"DALE' F.LLI SRL",DALE01,"DALE' F.LLI SRL",DALE01,676.23.00,318,676.23.00,676.23.00,22,,Riferimento,1,,0,0,0,0,0,0,0,,0,0,,3000-12-31T00:00:00,2023-04-18T12:00:49.857,3,CAMERE,11,Letti,,,,,Array,,,
10468,22444752,88,104685,"web letto singolo c/contenitore l110x215h108 16 grigio scuro",POLVEND3,ABBEY,"DALE' F.LLI SRL",DALE01,"DALE' F.LLI SRL",DALE01,541.38.00,252,541.38.00,541.38.00,22,,Riferimento,1,,0,0,0,0,0,0,0,,0,0,,3000-12-31T00:00:00,2023-04-18T12:00:49.87,3,CAMERE,11,Letti,,,,,Array,,,
10469,22444929,88,104692,"web slim letto 1p1/2 l150x225 h118 21 grigio",POLVEND3,ELODIE,"DALE' F.LLI SRL",DALE01,"DALE' F.LLI SRL",DALE01,688.52.00,318,688.52.00,688.52.00,22,,Riferimento,1,,0,0,0,0,0,0,0,,0,0,,3000-12-31T00:00:00,2023-04-18T12:00:49.87,3,CAMERE,11,Letti,,,,,Array,,,
10470,22444981,88,104708,"web slim letto singolo l110x225 h118 21 grigio",POLVEND3,ELODIE,"DALE' F.LLI SRL",DALE01,"DALE' F.LLI SRL",DALE01,574.17.00,268,574.17.00,574.17.00,22,,Riferimento,1,,0,0,0,0,0,0,0,,0,0,,3000-12-31T00:00:00,2023-04-18T12:00:49.87,3,CAMERE,11,Letti,,,,,Array,,,
10471,22445063,88,104715,"web letto matr c/contenitore telaio l185x220h82 01 beige",POLVEND3,PARK,"DALE' F.LLI SRL",DALE01,"DALE' F.LLI SRL",DALE01,877.05.00,413,877.05.00,877.05.00,22,,Riferimento,1,,0,0,0,0,0,0,0,,0,0,,3000-12-31T00:00:00,2023-04-18T12:00:49.887,3,CAMERE,11,Letti,,,,,Array,,,
10472,22445094,88,104722,"web letto matr c/contenitore telaio l185x220h82 28 blu",POLVEND3,PARK,"DALE' F.LLI SRL",DALE01,"DALE' F.LLI SRL",DALE01,877.05.00,413,877.05.00,877.05.00,22,,Riferimento,1,,0,0,0,0,0,0,0,,0,0,,3000-12-31T00:00:00,2023-04-18T12:00:49.887,3,CAMERE,11,Letti,,,,,Array,,,
10473,22445346,88,104739,"web tes.alta l.mat.c/contenitore tel l185x220h110 21 grig",POLVEND3,PARK-AIR,"DALE' F.LLI SRL",DALE01,"DALE' F.LLI SRL",DALE01,902.04.00,423,902.04.00,902.04.00,22,,Riferimento,1,,0,0,0,0,0,0,0,,0,0,,3000-12-31T00:00:00,2023-04-18T12:00:49.887,3,CAMERE,11,Letti,,,,,Array,,,
10474,22445377,88,104746,"web tes.alta l.1p1/2 c/contenitore l145x220h110 08 torto",POLVEND3,PARK-AIR,"DALE' F.LLI SRL",DALE01,"DALE' F.LLI SRL",DALE01,811.48.00,383,811.48.00,811.48.00,22,,Riferimento,1,,0,0,0,0,0,0,0,,0,0,,3000-12-31T00:00:00,2023-04-18T12:00:49.903,3,CAMERE,11,Letti,,,,,Array,,,
10475,22445391,88,104753,"web tes.alta l.1p1/2 c/contenitore l145x220h110 28 blu",POLVEND3,PARK-AIR,"DALE' F.LLI SRL",DALE01,"DALE' F.LLI SRL",DALE01,811.48.00,383,811.48.00,811.48.00,22,,Riferimento,1,,0,0,0,0,0,0,0,,0,0,,3000-12-31T00:00:00,2023-04-18T12:00:49.903,3,CAMERE,11,Letti,,,,,Array,,,
10476,22445438,88,104760,"web tes.alta l.singolo c/contenitore l105x220h110 08 tortora",POLVEND3,PARK-AIR,"DALE' F.LLI SRL",DALE01,"DALE' F.LLI SRL",DALE01,688.52.00,324,688.52.00,688.52.00,22,,Riferimento,1,,0,0,0,0,0,0,0,,0,0,,3000-12-31T00:00:00,2023-04-18T12:00:49.903,3,CAMERE,11,Letti,,,,,Array,,,
10477,22445452,88,104777,"web tes.alta l.singolo c/contenitore l105x220h110 28 blu",POLVEND3,PARK-AIR,"DALE' F.LLI SRL",DALE01,"DALE' F.LLI SRL",DALE01,688.52.00,324,688.52.00,688.52.00,22,,Riferimento,1,,0,0,0,0,0,0,0,,0,0,,3000-12-31T00:00:00,2023-04-18T12:00:49.92,3,CAMERE,11,Letti,,,,,Array,,,
10478,22445506,88,104784,"web letto matrimoniale c/contenitore l175x205h105 11 verde",POLVEND3,DREAM,"DALE' F.LLI SRL",DALE01,"DALE' F.LLI SRL",DALE01,484.01.00,268,484.01.00,484.01.00,22,,Riferimento,1,,0,0,0,0,0,0,0,,0,0,,3000-12-31T00:00:00,2023-04-18T12:00:49.92,3,CAMERE,11,Letti,,,,,Array,,,
10479,22445544,88,104791,"web letto francese c/contenitore l155x205h105 03 beige",POLVEND3,DREAM,"DALE' F.LLI SRL",DALE01,"DALE' F.LLI SRL",DALE01,451.22.00,247,451.22.00,451.22.00,22,,Riferimento,1,,0,0,0,0,0,0,0,,0,0,,3000-12-31T00:00:00,2023-04-18T12:00:49.92,3,CAMERE,11,Letti,,,,,Array,,,
10480,22445629,88,104807,"web letto 1p1/2 c/contenitore l135x205h105 11 verde",POLVEND3,DREAM,"DALE' F.LLI SRL",DALE01,"DALE' F.LLI SRL",DALE01,430.33.00,252,430.33.00,430.33.00,22,,Riferimento,1,,0,0,0,0,0,0,0,,0,0,,3000-12-31T00:00:00,2023-04-18T12:00:49.92,3,CAMERE,11,Letti,,,,,Array,,,
10482,22445742,88,104821,"web slim letto king size l200x230h110 10 verde",POLVEND3,ROGER,"DALE' F.LLI SRL",DALE01,"DALE' F.LLI SRL",DALE01,795.08.00,374,795.08.00,795.08.00,22,,Riferimento,1,,0,0,0,0,0,0,0,,0,0,,3000-12-31T00:00:00,2023-04-18T12:00:49.933,3,CAMERE,11,Letti,,,,,Array,,,
10483,22445872,88,104838,"web slim letto 1p1/2 l140x220h110 11 blu",POLVEND3,ROGER,"DALE' F.LLI SRL",DALE01,"DALE' F.LLI SRL",DALE01,631.15.00,296,631.15.00,631.15.00,22,,Riferimento,1,,0,0,0,0,0,0,0,,0,0,,3000-12-31T00:00:00,2023-04-18T12:00:49.933,3,CAMERE,11,Letti,,,,,Array,,,
10484,22445902,88,104845,"web slim letto singolo l100x220h110 01 perla",POLVEND3,ROGER,"DALE' F.LLI SRL",DALE01,"DALE' F.LLI SRL",DALE01,549.18.00,257,549.18.00,549.18.00,22,,Riferimento,1,,0,0,0,0,0,0,0,,0,0,,3000-12-31T00:00:00,2023-04-18T12:00:49.95,3,CAMERE,11,Letti,,,,,Array,,,
10485,22445926,88,104852,"web slim letto singolo l100x220h110 10 verde",POLVEND3,ROGER,"DALE' F.LLI SRL",DALE01,"DALE' F.LLI SRL",DALE01,549.18.00,257,549.18.00,549.18.00,22,,Riferimento,1,,0,0,0,0,0,0,0,,0,0,,3000-12-31T00:00:00,2023-04-18T12:00:49.95,3,CAMERE,11,Letti,,,,,Array,,,
10486,22445988,88,104869,"web letto king size slim l205x230h88 11 verde",POLVEND3,FELIZ,"DALE' F.LLI SRL",DALE01,"DALE' F.LLI SRL",DALE01,779.09.00,336,779.09.00,779.09.00,22,,Riferimento,1,,0,0,0,0,0,0,0,,0,0,,3000-12-31T00:00:00,2023-04-18T12:00:49.95,3,CAMERE,11,Letti,,,,,Array,,,
10487,22446077,88,104876,"web letto matrimoniale slim l185x220h88 16 grigio scuro",POLVEND3,FELIZ,"DALE' F.LLI SRL",DALE01,"DALE' F.LLI SRL",DALE01,680.33.00,294,680.33.00,680.33.00,22,,Riferimento,1,,0,0,0,0,0,0,0,,0,0,,3000-12-31T00:00:00,2023-04-18T12:00:49.967,3,CAMERE,11,Letti,,,,,Array,,,
10488,22446299,88,104883,"web letto 1p1/2 c/contenitore l150x225h118 28 blu",POLVEND3,ADONE,"DALE' F.LLI SRL",DALE01,"DALE' F.LLI SRL",DALE01,844.26.00,396,844.26.00,844.26.00,22,,Riferimento,1,,0,0,0,0,0,0,0,,0,0,,3000-12-31T00:00:00,2023-04-18T12:00:49.967,3,CAMERE,11,Letti,,,,,Array,,,
10489,22446329,88,104890,"web letto singolo c/cont l130x225h118 01 beige",POLVEND3,ADONE,"DALE' F.LLI SRL",DALE01,"DALE' F.LLI SRL",DALE01,713.11.00,334,713.11.00,713.11.00,22,,Riferimento,1,,0,0,0,0,0,0,0,,0,0,,3000-12-31T00:00:00,2023-04-18T12:00:49.98,3,CAMERE,11,Letti,,,,,Array,,,
10490,22446350,88,104906,"web letto singolo c/cont l130x225h118 28 blu",POLVEND3,ADONE,"DALE' F.LLI SRL",DALE01,"DALE' F.LLI SRL",DALE01,713.11.00,334,713.11.00,713.11.00,22,,Riferimento,1,,0,0,0,0,0,0,0,,0,0,,3000-12-31T00:00:00,2023-04-18T12:00:49.98,3,CAMERE,11,Letti,,,,,Array,,,
10491,22446442,88,104913,"web letto matrimoniale c/contenitore l180x220h105 17 bianco",POLVEND3,GREY,"DALE' F.LLI SRL",DALE01,"DALE' F.LLI SRL",DALE01,975.41.00,459,975.41.00,975.41.00,22,,Riferimento,1,,0,0,0,0,0,0,0,,0,0,,3000-12-31T00:00:00,2023-04-18T12:00:49.98,3,CAMERE,11,Letti,,,,,Array,,,
10492,22446527,88,104920,"web letto 1p1/2 c/contenitore l140x220 h105 11 verde",POLVEND3,GREY,"DALE' F.LLI SRL",DALE01,"DALE' F.LLI SRL",DALE01,861.06.00,399,861.06.00,861.06.00,22,,Riferimento,1,,0,0,0,0,0,0,0,,0,0,,3000-12-31T00:00:00,2023-04-18T12:00:49.997,3,CAMERE,11,Letti,,,,,Array,,,
10493,22446534,88,104937,"web letto 1p1/2 c/contenitore l140x220 h105 16 blu",POLVEND3,GREY,"DALE' F.LLI SRL",DALE01,"DALE' F.LLI SRL",DALE01,861.06.00,399,861.06.00,861.06.00,22,,Riferimento,1,,0,0,0,0,0,0,0,,0,0,,3000-12-31T00:00:00,2023-04-18T12:00:49.997,3,CAMERE,11,Letti,,,,,Array,,,
10494,22446565,88,104944,"web letto singolo c/contenitore l100x220h105 17 bianco",POLVEND3,GREY,"DALE' F.LLI SRL",DALE01,"DALE' F.LLI SRL",DALE01,737.7,346,737.7,737.7,22,,Riferimento,1,,0,0,0,0,0,0,0,,0,0,,3000-12-31T00:00:00,2023-04-18T12:00:50.013,3,CAMERE,11,Letti,,,,,Array,,,
10495,22446626,88,104951,"web letto matrimoniale c/contenitore l190x215h105 01 beige",POLVEND3,INEMURY,"DALE' F.LLI SRL",DALE01,"DALE' F.LLI SRL",DALE01,688.52.00,312,688.52.00,688.52.00,22,,Riferimento,1,,0,0,0,0,0,0,0,,0,0,,3000-12-31T00:00:00,2023-04-18T12:00:50.013,3,CAMERE,11,Letti,,,,,Array,,,
10496,22446671,88,104968,"web letto matrimoniale c/contenitore l190x215h105 24 grigio scuro",POLVEND3,INEMURY,"DALE' F.LLI SRL",DALE01,"DALE' F.LLI SRL",DALE01,688.52.00,312,688.52.00,688.52.00,22,,Riferimento,1,,0,0,0,0,0,0,0,,0,0,,3000-12-31T00:00:00,2023-04-18T12:00:50.013,3,CAMERE,11,Letti,,,,,Array,,,
10515,22438041,88,105156,"web divano 2p pen sx 200x168x79h tes polaris 05 tortora",POLVEND3,BRENT,"DALE' F.LLI SRL",DALE01,"DALE' F.LLI SRL",DALE01,975.41.00,466,975.41.00,975.41.00,22,,Riferimento,1,,0,0,0,0,0,0,0,,0,0,,3000-12-31T00:00:00,2023-04-18T12:00:51.823,2,"DIVANI E POLTRONE",13,"Divani modulari",,,,,Array,,,
10516,22438102,88,105163,"web divano 2p pen sx 200x168x79h tes polaris 22 nero",POLVEND3,BRENT,"DALE' F.LLI SRL",DALE01,"DALE' F.LLI SRL",DALE01,975.41.00,466,975.41.00,975.41.00,22,,Riferimento,1,,0,0,0,0,0,0,0,,0,0,,3000-12-31T00:00:00,2023-04-18T12:00:51.823,2,"DIVANI E POLTRONE",13,"Divani modulari",,,,,Array,,,
10517,22438119,88,105170,"web divano 3p pen dx 220x168x79h tes polaris 05 tortora",POLVEND3,BRENT,"DALE' F.LLI SRL",DALE01,"DALE' F.LLI SRL",DALE01,1004.1,477,1004.1,1004.1,22,,Riferimento,1,,0,0,0,0,0,0,0,,0,0,,3000-12-31T00:00:00,2023-04-18T12:00:51.84,2,"DIVANI E POLTRONE",13,"Divani modulari",,,,,Array,,,
10518,22438300,88,105187,"web divano 3p 240x92x79h tes polaris 11 verde",POLVEND3,BRENT,"DALE' F.LLI SRL",DALE01,"DALE' F.LLI SRL",DALE01,861.06.00,408,861.06.00,861.06.00,22,,Riferimento,1,,0,0,0,0,0,0,0,,0,0,,3000-12-31T00:00:00,2023-04-18T12:00:51.84,2,"DIVANI E POLTRONE",12,Divani,,,,,Array,,,
10519,22438416,88,105194,"web divano 3p 220x92x79h tes vougue 11 verde",POLVEND3,ONE,"DALE' F.LLI SRL",DALE01,"DALE' F.LLI SRL",DALE01,688.52.00,326,688.52.00,688.52.00,22,,Riferimento,1,,0,0,0,0,0,0,0,,0,0,,3000-12-31T00:00:00,2023-04-18T12:00:51.857,2,"DIVANI E POLTRONE",12,Divani,,,,,Array,,,
10520,22438461,88,105200,"web divano 3p 220x92x79h tes vougue 3 beige",POLVEND3,ONE,"DALE' F.LLI SRL",DALE01,"DALE' F.LLI SRL",DALE01,688.52.00,326,688.52.00,688.52.00,22,,Riferimento,1,,0,0,0,0,0,0,0,,0,0,,3000-12-31T00:00:00,2023-04-18T12:00:51.857,2,"DIVANI E POLTRONE",12,Divani,,,,,Array,,,
10521,22438591,88,105217,"web divano 3p pen dx 340x168x79h tes vougue 14 grigio chiaro",POLVEND3,ONE,"DALE' F.LLI SRL",DALE01,"DALE' F.LLI SRL",DALE01,1131.15.00,546,1131.15.00,1131.15.00,22,,Riferimento,1,,0,0,0,0,0,0,0,,0,0,,3000-12-31T00:00:00,2023-04-18T12:00:51.857,2,"DIVANI E POLTRONE",13,"Divani modulari",,,,,Array,,,
10522,22438676,88,105224,"web divano 3p maxi 360x92x79h tes vougue 16 grigio scuro",POLVEND3,ONE,"DALE' F.LLI SRL",DALE01,"DALE' F.LLI SRL",DALE01,1000,480,1000,1000,22,,Riferimento,1,,0,0,0,0,0,0,0,,0,0,,3000-12-31T00:00:00,2023-04-18T12:00:51.873,2,"DIVANI E POLTRONE",12,Divani,,,,,Array,,,
10523,22438706,88,105231,"web divano 3p maxi 360x92x79h tes vougue 06 marrone",POLVEND3,ONE,"DALE' F.LLI SRL",DALE01,"DALE' F.LLI SRL",DALE01,1000,480,1000,1000,22,,Riferimento,1,,0,0,0,0,0,0,0,,0,0,,3000-12-31T00:00:00,2023-04-18T12:00:51.873,2,"DIVANI E POLTRONE",12,Divani,,,,,Array,,,
10524,22438720,88,105248,"web divano 3p maxi 300x92x79h tes vougue 11 verde",POLVEND3,ONE,"DALE' F.LLI SRL",DALE01,"DALE' F.LLI SRL",DALE01,934.43.00,448,934.43.00,934.43.00,22,,Riferimento,1,,0,0,0,0,0,0,0,,0,0,,3000-12-31T00:00:00,2023-04-18T12:00:51.873,2,"DIVANI E POLTRONE",12,Divani,,,,,Array,,,
10525,22438874,88,105255,"web divano 3p pen dx 240x168x79h tes vougue 06 marrone",POLVEND3,ONE,"DALE' F.LLI SRL",DALE01,"DALE' F.LLI SRL",DALE01,852.46.00,414,852.46.00,852.46.00,22,,Riferimento,1,,0,0,0,0,0,0,0,,0,0,,3000-12-31T00:00:00,2023-04-18T12:00:51.887,2,"DIVANI E POLTRONE",13,"Divani modulari",,,,,Array,,,
10526,22438904,88,105262,"web divano 3p pen dx 240x168x79h tes vougue 13 petrolio",POLVEND3,ONE,"DALE' F.LLI SRL",DALE01,"DALE' F.LLI SRL",DALE01,852.46.00,414,852.46.00,852.46.00,22,,Riferimento,1,,0,0,0,0,0,0,0,,0,0,,3000-12-31T00:00:00,2023-04-18T12:00:51.887,2,"DIVANI E POLTRONE",13,"Divani modulari",,,,,Array,,,
10527,22439048,88,105279,"web divano 2p pen sx 220x168x79h tes vougue 09 ocra",POLVEND3,ONE,"DALE' F.LLI SRL",DALE01,"DALE' F.LLI SRL",DALE01,836.07.00,403,836.07.00,836.07.00,22,,Riferimento,1,,0,0,0,0,0,0,0,,0,0,,3000-12-31T00:00:00,2023-04-18T12:00:51.903,2,"DIVANI E POLTRONE",13,"Divani modulari",,,,,Array,,,
10528,22439178,88,105286,"web divano 3p pen sx 240x168x79h tes vougue 17 nero",POLVEND3,ONE,"DALE' F.LLI SRL",DALE01,"DALE' F.LLI SRL",DALE01,852.46.00,414,852.46.00,852.46.00,22,,Riferimento,1,,0,0,0,0,0,0,0,,0,0,,3000-12-31T00:00:00,2023-04-18T12:00:51.903,2,"DIVANI E POLTRONE",13,"Divani modulari",,,,,Array,,,
10529,22439314,88,105293,"web divano 3p pen sx 300x168x79h tes vougue 14 grigio chiaro",POLVEND3,ONE,"DALE' F.LLI SRL",DALE01,"DALE' F.LLI SRL",DALE01,1082.37.00,525,1082.37.00,1082.37.00,22,,Riferimento,1,,0,0,0,0,0,0,0,,0,0,,3000-12-31T00:00:00,2023-04-18T12:00:51.903,2,"DIVANI E POLTRONE",13,"Divani modulari",,,,,Array,,,
10530,22443748,88,105309,"web divano letto 2p (mat.140) 200x95h85 22 petrolio",POLVEND3,IVO,"DALE' F.LLI SRL",DALE01,"DALE' F.LLI SRL",DALE01,902.04.00,430,902.04.00,902.04.00,22,,Riferimento,1,,0,0,0,0,0,0,0,,0,0,,3000-12-31T00:00:00,2023-04-18T12:00:51.903,2,"DIVANI E POLTRONE",14,"Divani letto",,,,,Array,,,
10531,22443762,88,105316,"web divano letto 2p (mat.140) 200x95h85 27 grigio",POLVEND3,IVO,"DALE' F.LLI SRL",DALE01,"DALE' F.LLI SRL",DALE01,902.04.00,430,902.04.00,902.04.00,22,,Riferimento,1,,0,0,0,0,0,0,0,,0,0,,3000-12-31T00:00:00,2023-04-18T12:00:51.92,2,"DIVANI E POLTRONE",14,"Divani letto",,,,,Array,,,
10532,22443816,88,105323,"web divano letto 3p (mat.160) 220x95h85 13 rosso",POLVEND3,IVO,"DALE' F.LLI SRL",DALE01,"DALE' F.LLI SRL",DALE01,902.04.00,440,902.04.00,902.04.00,22,,Riferimento,1,,0,0,0,0,0,0,0,,0,0,,3000-12-31T00:00:00,2023-04-18T12:00:51.92,2,"DIVANI E POLTRONE",14,"Divani letto",,,,,Array,,,
10533,22443892,88,105330,"web divano letto 1p1/2 (mat.120) 160x95 h85 11 verde",POLVEND3,SLEEM,"DALE' F.LLI SRL",DALE01,"DALE' F.LLI SRL",DALE01,877.05.00,420,877.05.00,877.05.00,22,,Riferimento,1,,0,0,0,0,0,0,0,,0,0,,3000-12-31T00:00:00,2023-04-18T12:00:51.933,2,"DIVANI E POLTRONE",14,"Divani letto",,,,,Array,,,
10534,22443991,88,105347,"web divano letto 2p (mat.140) 180x95h85 14 grig chiar",POLVEND3,SLEEM,"DALE' F.LLI SRL",DALE01,"DALE' F.LLI SRL",DALE01,902.04.00,430,902.04.00,902.04.00,22,,Riferimento,1,,0,0,0,0,0,0,0,,0,0,,3000-12-31T00:00:00,2023-04-18T12:00:51.933,2,"DIVANI E POLTRONE",14,"Divani letto",,,,,Array,,,
10535,22444042,88,105354,"web divano letto 3p (mat.160) 200x95 h85 09 giallo",POLVEND3,SLEEM,"DALE' F.LLI SRL",DALE01,"DALE' F.LLI SRL",DALE01,902.04.00,440,902.04.00,902.04.00,22,,Riferimento,1,,0,0,0,0,0,0,0,,0,0,,3000-12-31T00:00:00,2023-04-18T12:00:51.933,2,"DIVANI E POLTRONE",14,"Divani letto",,,,,Array,,,
10536,22444233,88,105361,"web divano letto 2p (mat.140) 186x95h85 14 grig chiar",POLVEND3,FREUD,"DALE' F.LLI SRL",DALE01,"DALE' F.LLI SRL",DALE01,1000,480,1000,1000,22,,Riferimento,1,,0,0,0,0,0,0,0,,0,0,,3000-12-31T00:00:00,2023-04-18T12:00:51.95,2,"DIVANI E POLTRONE",14,"Divani letto",,,,,Array,,,
10537,22444370,88,105378,"web divano letto 1p1/2 (mat.120) 180x95h85 11 verde",POLVEND3,PIPER,"DALE' F.LLI SRL",DALE01,"DALE' F.LLI SRL",DALE01,926.23.00,445,926.23.00,926.23.00,22,,Riferimento,1,,0,0,0,0,0,0,0,,0,0,,3000-12-31T00:00:00,2023-04-18T12:00:51.95,2,"DIVANI E POLTRONE",14,"Divani letto",,,,,Array,,,
10538,22444509,88,105385,"web divano letto 3p (mat.160) 220x95h85 03 beige",POLVEND3,PIPER,"DALE' F.LLI SRL",DALE01,"DALE' F.LLI SRL",DALE01,975.41.00,465,975.41.00,975.41.00,22,,Riferimento,1,,0,0,0,0,0,0,0,,0,0,,3000-12-31T00:00:00,2023-04-18T12:00:51.95,2,"DIVANI E POLTRONE",14,"Divani letto",,,,,Array,,,
10539,22444523,88,105392,"web divano letto 3p (mat.160) 220x95h85 09 giallo",POLVEND3,PIPER,"DALE' F.LLI SRL",DALE01,"DALE' F.LLI SRL",DALE01,975.41.00,465,975.41.00,975.41.00,22,,Riferimento,1,,0,0,0,0,0,0,0,,0,0,,3000-12-31T00:00:00,2023-04-18T12:00:51.967,2,"DIVANI E POLTRONE",14,"Divani letto",,,,,Array,,,
10540,22444622,88,105408,"web letto matrimoniale c/contenitore l190x215h108 14 grigio",POLVEND3,ABBEY,"DALE' F.LLI SRL",DALE01,"DALE' F.LLI SRL",DALE01,676.23.00,318,676.23.00,676.23.00,22,,Riferimento,1,,0,0,0,0,0,0,0,,0,0,,3000-12-31T00:00:00,2023-04-18T12:00:51.967,3,CAMERE,11,Letti,,,,,Array,,,
10541,22444783,88,105415,"web slim letto king size l210x235 h118 10 verde",POLVEND3,ELODIE,"DALE' F.LLI SRL",DALE01,"DALE' F.LLI SRL",DALE01,869.25.00,401,869.25.00,869.25.00,22,,Riferimento,1,,0,0,0,0,0,0,0,,0,0,,3000-12-31T00:00:00,2023-04-18T12:00:51.967,3,CAMERE,11,Letti,,,,,Array,,,
10542,22444974,88,105422,"web slim letto singolo l110x225 h118 28 blu",POLVEND3,ELODIE,"DALE' F.LLI SRL",DALE01,"DALE' F.LLI SRL",DALE01,574.17.00,268,574.17.00,574.17.00,22,,Riferimento,1,,0,0,0,0,0,0,0,,0,0,,3000-12-31T00:00:00,2023-04-18T12:00:51.98,3,CAMERE,11,Letti,,,,,Array,,,
10543,22445018,88,105439,"web letto king size c/contenitore telaio l205x230h82 08 tortor",POLVEND3,PARK,"DALE' F.LLI SRL",DALE01,"DALE' F.LLI SRL",DALE01,1033.19.00,485,1033.19.00,1033.19.00,22,,Riferimento,1,,0,0,0,0,0,0,0,,0,0,,3000-12-31T00:00:00,2023-04-18T12:00:51.98,3,CAMERE,11,Letti,,,,,Array,,,
10544,22445032,88,105446,"web letto king size c/contenitore telaio l205x230h82 28 blu",POLVEND3,PARK,"DALE' F.LLI SRL",DALE01,"DALE' F.LLI SRL",DALE01,1033.19.00,485,1033.19.00,1033.19.00,22,,Riferimento,1,,0,0,0,0,0,0,0,,0,0,,3000-12-31T00:00:00,2023-04-18T12:00:51.997,3,CAMERE,11,Letti,,,,,Array,,,
10545,22445131,88,105453,"web letto 1p1/2 c/cont dop.telaio l145x220h82 08 tortor",POLVEND3,PARK,"DALE' F.LLI SRL",DALE01,"DALE' F.LLI SRL",DALE01,795.08.00,375,795.08.00,795.08.00,22,,Riferimento,1,,0,0,0,0,0,0,0,,0,0,,3000-12-31T00:00:00,2023-04-18T12:00:51.997,3,CAMERE,11,Letti,,,,,Array,,,
10546,22445223,88,105460,"web letto singolo c/cont dop.telaio l105x220h82 21 grigio",POLVEND3,PARK,"DALE' F.LLI SRL",DALE01,"DALE' F.LLI SRL",DALE01,688.52.00,324,688.52.00,688.52.00,22,,Riferimento,1,,0,0,0,0,0,0,0,,0,0,,3000-12-31T00:00:00,2023-04-18T12:00:52.013,3,CAMERE,11,Letti,,,,,Array,,,
10547,22445254,88,105477,"web tes.alta l.to kingsize l205x230h110 08 tortora",POLVEND3,PARK-AIR,"DALE' F.LLI SRL",DALE01,"DALE' F.LLI SRL",DALE01,1082.37.00,507,1082.37.00,1082.37.00,22,,Riferimento,1,,0,0,0,0,0,0,0,,0,0,,3000-12-31T00:00:00,2023-04-18T12:00:52.027,3,CAMERE,11,Letti,,,,,Array,,,
10548,22445469,88,105484,"web tes.alta l.singolo c/contenitore l105x220h110 21 grigio",POLVEND3,PARK-AIR,"DALE' F.LLI SRL",DALE01,"DALE' F.LLI SRL",DALE01,688.52.00,324,688.52.00,688.52.00,22,,Riferimento,1,,0,0,0,0,0,0,0,,0,0,,3000-12-31T00:00:00,2023-04-18T12:00:52.027,3,CAMERE,11,Letti,,,,,Array,,,
10549,22445551,88,105491,"web letto francese c/contenitore l155x205h105 06 marrone",POLVEND3,DREAM,"DALE' F.LLI SRL",DALE01,"DALE' F.LLI SRL",DALE01,451.22.00,247,451.22.00,451.22.00,22,,Riferimento,1,,0,0,0,0,0,0,0,,0,0,,3000-12-31T00:00:00,2023-04-18T12:00:52.043,3,CAMERE,11,Letti,,,,,Array,,,
10551,22445728,88,105514,"web slim letto king size l200x230h110 01 perla",POLVEND3,ROGER,"DALE' F.LLI SRL",DALE01,"DALE' F.LLI SRL",DALE01,795.08.00,374,795.08.00,795.08.00,22,,Riferimento,1,,0,0,0,0,0,0,0,,0,0,,3000-12-31T00:00:00,2023-04-18T12:00:52.06,3,CAMERE,11,Letti,,,,,Array,,,
10552,22445766,88,105521,"web slim letto king size l200x230h110 17 grigio",POLVEND3,ROGER,"DALE' F.LLI SRL",DALE01,"DALE' F.LLI SRL",DALE01,795.08.00,374,795.08.00,795.08.00,22,,Riferimento,1,,0,0,0,0,0,0,0,,0,0,,3000-12-31T00:00:00,2023-04-18T12:00:52.073,3,CAMERE,11,Letti,,,,,Array,,,
10553,22445780,88,105538,"slim letto matrimoniale l180x220h110 01 perla",POLVEND3,ROGER,"DALE' F.LLI SRL",DALE01,"DALE' F.LLI SRL",DALE01,697.12.00,329,697.12.00,697.12.00,22,,Riferimento,1,,0,0,0,0,0,0,0,,0,0,,3000-12-31T00:00:00,2023-04-18T12:00:52.073,3,CAMERE,11,Letti,,,,,Array,,,
10554,22445834,88,105545,"slim letto matrimoniale l180x220h110 19 grigio scuro",POLVEND3,ROGER,"DALE' F.LLI SRL",DALE01,"DALE' F.LLI SRL",DALE01,697.12.00,329,697.12.00,697.12.00,22,,Riferimento,1,,0,0,0,0,0,0,0,,0,0,,3000-12-31T00:00:00,2023-04-18T12:00:52.09,3,CAMERE,11,Letti,,,,,Array,,,
10555,22445995,88,105552,"web letto king size slim l205x230h88 13 petrolio",POLVEND3,FELIZ,"DALE' F.LLI SRL",DALE01,"DALE' F.LLI SRL",DALE01,779.09.00,336,779.09.00,779.09.00,22,,Riferimento,1,,0,0,0,0,0,0,0,,0,0,,3000-12-31T00:00:00,2023-04-18T12:00:52.107,3,CAMERE,11,Letti,,,,,Array,,,
10556,22446008,88,105569,"web letto king size slim l205x230h88 14 grigio",POLVEND3,FELIZ,"DALE' F.LLI SRL",DALE01,"DALE' F.LLI SRL",DALE01,779.09.00,336,779.09.00,779.09.00,22,,Riferimento,1,,0,0,0,0,0,0,0,,0,0,,3000-12-31T00:00:00,2023-04-18T12:00:52.107,3,CAMERE,11,Letti,,,,,Array,,,
10557,22446091,88,105576,"web letto 1p1/2 slim l145x220h88 06 marrone",POLVEND3,FELIZ,"DALE' F.LLI SRL",DALE01,"DALE' F.LLI SRL",DALE01,606.56.00,252,606.56.00,606.56.00,22,,Riferimento,1,,0,0,0,0,0,0,0,,0,0,,3000-12-31T00:00:00,2023-04-18T12:00:52.123,3,CAMERE,11,Letti,,,,,Array,,,
10558,22446114,88,105583,"web letto 1p1/2 slim l145x220h88 13 petrolio",POLVEND3,FELIZ,"DALE' F.LLI SRL",DALE01,"DALE' F.LLI SRL",DALE01,606.56.00,252,606.56.00,606.56.00,22,,Riferimento,1,,0,0,0,0,0,0,0,,0,0,,3000-12-31T00:00:00,2023-04-18T12:00:52.123,3,CAMERE,11,Letti,,,,,Array,,,
10559,22446206,88,105590,"web letto matrimoniale c/contenitore l190x225x118h 01 beige",POLVEND3,ADONE,"DALE' F.LLI SRL",DALE01,"DALE' F.LLI SRL",DALE01,975.41.00,457,975.41.00,975.41.00,22,,Riferimento,1,,0,0,0,0,0,0,0,,0,0,,3000-12-31T00:00:00,2023-04-18T12:00:52.137,3,CAMERE,11,Letti,,,,,Array,,,
10560,22446237,88,105606,"web letto matrimoniale c/contenitore l190x225x118h 28 blu",POLVEND3,ADONE,"DALE' F.LLI SRL",DALE01,"DALE' F.LLI SRL",DALE01,975.41.00,457,975.41.00,975.41.00,22,,Riferimento,1,,0,0,0,0,0,0,0,,0,0,,3000-12-31T00:00:00,2023-04-18T12:00:53.73,3,CAMERE,11,Letti,,,,,Array,,,
10561,22446244,88,105613,"web letto matrimoniale c/contenitore l190x225x118h 21 grigio",POLVEND3,ADONE,"DALE' F.LLI SRL",DALE01,"DALE' F.LLI SRL",DALE01,975.41.00,457,975.41.00,975.41.00,22,,Riferimento,1,,0,0,0,0,0,0,0,,0,0,,3000-12-31T00:00:00,2023-04-18T12:00:53.747,3,CAMERE,11,Letti,,,,,Array,,,
10562,22446374,88,105620,"web letto singolo c/cont l130x225h118 24 grigio scuro",POLVEND3,ADONE,"DALE' F.LLI SRL",DALE01,"DALE' F.LLI SRL",DALE01,713.11.00,334,713.11.00,713.11.00,22,,Riferimento,1,,0,0,0,0,0,0,0,,0,0,,3000-12-31T00:00:00,2023-04-18T12:00:53.763,3,CAMERE,11,Letti,,,,,Array,,,
10563,22446466,88,105637,"web letto matrimoniale c/contenitore l180x220h105 11 verde",POLVEND3,GREY,"DALE' F.LLI SRL",DALE01,"DALE' F.LLI SRL",DALE01,975.41.00,459,975.41.00,975.41.00,22,,Riferimento,1,,0,0,0,0,0,0,0,,0,0,,3000-12-31T00:00:00,2023-04-18T12:00:53.777,3,CAMERE,11,Letti,,,,,Array,,,
10583,22437976,88,105835,"web divano 2p pen dx 200x168x79h tes polaris 05 tortora",POLVEND3,BRENT,"DALE' F.LLI SRL",DALE01,"DALE' F.LLI SRL",DALE01,975.41.00,466,975.41.00,975.41.00,22,,Riferimento,1,,0,0,0,0,0,0,0,,0,0,,3000-12-31T00:00:00,2023-04-18T12:00:53.933,2,"DIVANI E POLTRONE",13,"Divani modulari",,,,,Array,,,
10584,22438010,88,105842,"web divano 2p pen dx 200x168x79h tes polaris 19 grigio scuro",POLVEND3,BRENT,"DALE' F.LLI SRL",DALE01,"DALE' F.LLI SRL",DALE01,975.41.00,466,975.41.00,975.41.00,22,,Riferimento,1,,0,0,0,0,0,0,0,,0,0,,3000-12-31T00:00:00,2023-04-18T12:00:53.933,2,"DIVANI E POLTRONE",13,"Divani modulari",,,,,Array,,,
10585,22438058,88,105859,"web divano 2p pen sx 200x168x79h tes polaris 016 blu",POLVEND3,BRENT,"DALE' F.LLI SRL",DALE01,"DALE' F.LLI SRL",DALE01,975.41.00,466,975.41.00,975.41.00,22,,Riferimento,1,,0,0,0,0,0,0,0,,0,0,,3000-12-31T00:00:00,2023-04-18T12:00:53.933,2,"DIVANI E POLTRONE",13,"Divani modulari",,,,,Array,,,
10586,22438195,88,105866,"web divano 3p pen sx 220x168x79h tes polaris 016 blu",POLVEND3,BRENT,"DALE' F.LLI SRL",DALE01,"DALE' F.LLI SRL",DALE01,1004.1,477,1004.1,1004.1,22,,Riferimento,1,,0,0,0,0,0,0,0,,0,0,,3000-12-31T00:00:00,2023-04-18T12:00:53.933,2,"DIVANI E POLTRONE",13,"Divani modulari",,,,,Array,,,
10587,22438256,88,105873,"web divano 3p 240x92x79h tes polaris 05 tortora",POLVEND3,BRENT,"DALE' F.LLI SRL",DALE01,"DALE' F.LLI SRL",DALE01,861.06.00,408,861.06.00,861.06.00,22,,Riferimento,1,,0,0,0,0,0,0,0,,0,0,,3000-12-31T00:00:00,2023-04-18T12:00:53.95,2,"DIVANI E POLTRONE",12,Divani,,,,,Array,,,
10588,22438263,88,105880,"web divano 3p 240x92x79h tes polaris 016 blu",POLVEND3,BRENT,"DALE' F.LLI SRL",DALE01,"DALE' F.LLI SRL",DALE01,861.06.00,408,861.06.00,861.06.00,22,,Riferimento,1,,0,0,0,0,0,0,0,,0,0,,3000-12-31T00:00:00,2023-04-18T12:00:53.95,2,"DIVANI E POLTRONE",12,Divani,,,,,Array,,,
10589,22438270,88,105897,"web divano 3p 240x92x79h tes polaris 17 grigio chiaro",POLVEND3,BRENT,"DALE' F.LLI SRL",DALE01,"DALE' F.LLI SRL",DALE01,861.06.00,408,861.06.00,861.06.00,22,,Riferimento,1,,0,0,0,0,0,0,0,,0,0,,3000-12-31T00:00:00,2023-04-18T12:00:53.95,2,"DIVANI E POLTRONE",12,Divani,,,,,Array,,,
10590,22438348,88,105903,"web divano 2p 200x92x79h tes polaris 17 grigio chiaro",POLVEND3,BRENT,"DALE' F.LLI SRL",DALE01,"DALE' F.LLI SRL",DALE01,803.28.00,386,803.28.00,803.28.00,22,,Riferimento,1,,0,0,0,0,0,0,0,,0,0,,3000-12-31T00:00:00,2023-04-18T12:00:53.95,2,"DIVANI E POLTRONE",12,Divani,,,,,Array,,,
10591,22438362,88,105910,"web divano 2p 200x92x79h tes polaris 19 grigio scuro",POLVEND3,BRENT,"DALE' F.LLI SRL",DALE01,"DALE' F.LLI SRL",DALE01,803.28.00,386,803.28.00,803.28.00,22,,Riferimento,1,,0,0,0,0,0,0,0,,0,0,,3000-12-31T00:00:00,2023-04-18T12:00:53.967,2,"DIVANI E POLTRONE",12,Divani,,,,,Array,,,
10592,22438508,88,105927,"web divano 3p 260x92x79h tes vougue 13 petrolio",POLVEND3,ONE,"DALE' F.LLI SRL",DALE01,"DALE' F.LLI SRL",DALE01,721.31.00,348,721.31.00,721.31.00,22,,Riferimento,1,,0,0,0,0,0,0,0,,0,0,,3000-12-31T00:00:00,2023-04-18T12:00:53.967,2,"DIVANI E POLTRONE",12,Divani,,,,,Array,,,
10593,22438539,88,105934,"web divano 3p 260x92x79h tes vougue 17 nero",POLVEND3,ONE,"DALE' F.LLI SRL",DALE01,"DALE' F.LLI SRL",DALE01,721.31.00,348,721.31.00,721.31.00,22,,Riferimento,1,,0,0,0,0,0,0,0,,0,0,,3000-12-31T00:00:00,2023-04-18T12:00:53.967,2,"DIVANI E POLTRONE",12,Divani,,,,,Array,,,
10594,22438621,88,105941,"web divano 3p pen dx 340x168x79h tes vougue 3 beige",POLVEND3,ONE,"DALE' F.LLI SRL",DALE01,"DALE' F.LLI SRL",DALE01,1131.15.00,546,1131.15.00,1131.15.00,22,,Riferimento,1,,0,0,0,0,0,0,0,,0,0,,3000-12-31T00:00:00,2023-04-18T12:00:53.98,2,"DIVANI E POLTRONE",13,"Divani modulari",,,,,Array,,,
10595,22438836,88,105958,"web divano 2p pen dx 220x168x79h tes vougue 14 grigio chiaro",POLVEND3,ONE,"DALE' F.LLI SRL",DALE01,"DALE' F.LLI SRL",DALE01,836.07.00,403,836.07.00,836.07.00,22,,Riferimento,1,,0,0,0,0,0,0,0,,0,0,,3000-12-31T00:00:00,2023-04-18T12:00:53.98,2,"DIVANI E POLTRONE",13,"Divani modulari",,,,,Array,,,
10596,22438843,88,105965,"web divano 2p pen dx 220x168x79h tes vougue 16 grigio scuro",POLVEND3,ONE,"DALE' F.LLI SRL",DALE01,"DALE' F.LLI SRL",DALE01,836.07.00,403,836.07.00,836.07.00,22,,Riferimento,1,,0,0,0,0,0,0,0,,0,0,,3000-12-31T00:00:00,2023-04-18T12:00:53.98,2,"DIVANI E POLTRONE",13,"Divani modulari",,,,,Array,,,
10597,22438935,88,105972,"web divano 3p pen dx 240x168x79h tes vougue 17 nero",POLVEND3,ONE,"DALE' F.LLI SRL",DALE01,"DALE' F.LLI SRL",DALE01,852.46.00,414,852.46.00,852.46.00,22,,Riferimento,1,,0,0,0,0,0,0,0,,0,0,,3000-12-31T00:00:00,2023-04-18T12:00:53.997,2,"DIVANI E POLTRONE",13,"Divani modulari",,,,,Array,,,
10598,22438980,88,105989,"web divano 3p pen dx 300x168x79h tes vougue 13 petrolio",POLVEND3,ONE,"DALE' F.LLI SRL",DALE01,"DALE' F.LLI SRL",DALE01,1082.37.00,525,1082.37.00,1082.37.00,22,,Riferimento,1,,0,0,0,0,0,0,0,,0,0,,3000-12-31T00:00:00,2023-04-18T12:00:53.997,2,"DIVANI E POLTRONE",13,"Divani modulari",,,,,Array,,,
10599,22439055,88,105996,"web divano 2p pen sx 220x168x79h tes vougue 11 verde",POLVEND3,ONE,"DALE' F.LLI SRL",DALE01,"DALE' F.LLI SRL",DALE01,836.07.00,403,836.07.00,836.07.00,22,,Riferimento,1,,0,0,0,0,0,0,0,,0,0,,3000-12-31T00:00:00,2023-04-18T12:00:54.013,2,"DIVANI E POLTRONE",13,"Divani modulari",,,,,Array,,,
10600,22439154,88,106009,"web divano 3p pen sx 240x168x79h tes vougue 14 grigio chiaro",POLVEND3,ONE,"DALE' F.LLI SRL",DALE01,"DALE' F.LLI SRL",DALE01,852.46.00,414,852.46.00,852.46.00,22,,Riferimento,1,,0,0,0,0,0,0,0,,0,0,,3000-12-31T00:00:00,2023-04-18T12:00:54.013,2,"DIVANI E POLTRONE",13,"Divani modulari",,,,,Array,,,
10601,22439161,88,106016,"web divano 3p pen sx 240x168x79h tes vougue 16 grigio scuro",POLVEND3,ONE,"DALE' F.LLI SRL",DALE01,"DALE' F.LLI SRL",DALE01,852.46.00,414,852.46.00,852.46.00,22,,Riferimento,1,,0,0,0,0,0,0,0,,0,0,,3000-12-31T00:00:00,2023-04-18T12:00:54.013,2,"DIVANI E POLTRONE",13,"Divani modulari",,,,,Array,,,
10602,22443700,88,106023,"web divano letto 2p (mat.140) 200x95h85 03 beige",POLVEND3,IVO,"DALE' F.LLI SRL",DALE01,"DALE' F.LLI SRL",DALE01,902.04.00,430,902.04.00,902.04.00,22,,Riferimento,1,,0,0,0,0,0,0,0,,0,0,,3000-12-31T00:00:00,2023-04-18T12:00:54.027,2,"DIVANI E POLTRONE",14,"Divani letto",,,,,Array,,,
10603,22443731,88,106030,"web divano letto 2p (mat.140) 200x95h85 13 rosso",POLVEND3,IVO,"DALE' F.LLI SRL",DALE01,"DALE' F.LLI SRL",DALE01,902.04.00,430,902.04.00,902.04.00,22,,Riferimento,1,,0,0,0,0,0,0,0,,0,0,,3000-12-31T00:00:00,2023-04-18T12:00:54.027,2,"DIVANI E POLTRONE",14,"Divani letto",,,,,Array,,,
10604,22443847,88,106047,"web divano letto 3p (mat.160) 220x95h85 27 grigio",POLVEND3,IVO,"DALE' F.LLI SRL",DALE01,"DALE' F.LLI SRL",DALE01,902.04.00,440,902.04.00,902.04.00,22,,Riferimento,1,,0,0,0,0,0,0,0,,0,0,,3000-12-31T00:00:00,2023-04-18T12:00:54.027,2,"DIVANI E POLTRONE",14,"Divani letto",,,,,Array,,,
10605,22443977,88,106054,"web divano letto 2p (mat.140) 180x95h85 11 verde",POLVEND3,SLEEM,"DALE' F.LLI SRL",DALE01,"DALE' F.LLI SRL",DALE01,902.04.00,430,902.04.00,902.04.00,22,,Riferimento,1,,0,0,0,0,0,0,0,,0,0,,3000-12-31T00:00:00,2023-04-18T12:00:54.043,2,"DIVANI E POLTRONE",14,"Divani letto",,,,,Array,,,
10606,22444035,88,106061,"web divano letto 3p (mat.160) 200x95 h85 06 marrone",POLVEND3,SLEEM,"DALE' F.LLI SRL",DALE01,"DALE' F.LLI SRL",DALE01,902.04.00,440,902.04.00,902.04.00,22,,Riferimento,1,,0,0,0,0,0,0,0,,0,0,,3000-12-31T00:00:00,2023-04-18T12:00:54.043,2,"DIVANI E POLTRONE",14,"Divani letto",,,,,Array,,,
10607,22444127,88,106078,"web divano letto 1p1/2 (mat.120) 166x95h85 09 giallo",POLVEND3,FREUD,"DALE' F.LLI SRL",DALE01,"DALE' F.LLI SRL",DALE01,984.01.00,470,984.01.00,984.01.00,22,,Riferimento,1,,0,0,0,0,0,0,0,,0,0,,3000-12-31T00:00:00,2023-04-18T12:00:54.043,2,"DIVANI E POLTRONE",14,"Divani letto",,,,,Array,,,
10608,22444493,88,106085,"web divano letto 2p (mat.140) 200x95h85 17 nero",POLVEND3,PIPER,"DALE' F.LLI SRL",DALE01,"DALE' F.LLI SRL",DALE01,951.22.00,455,951.22.00,951.22.00,22,,Riferimento,1,,0,0,0,0,0,0,0,,0,0,,3000-12-31T00:00:00,2023-04-18T12:00:54.06,2,"DIVANI E POLTRONE",14,"Divani letto",,,,,Array,,,
10609,22444516,88,106092,"web divano letto 3p (mat.160) 220x95h85 06 marrone",POLVEND3,PIPER,"DALE' F.LLI SRL",DALE01,"DALE' F.LLI SRL",DALE01,975.41.00,465,975.41.00,975.41.00,22,,Riferimento,1,,0,0,0,0,0,0,0,,0,0,,3000-12-31T00:00:00,2023-04-18T12:00:54.06,2,"DIVANI E POLTRONE",14,"Divani letto",,,,,Array,,,
10610,22444677,88,106108,"web letto 1p1/2 c/contenitore l150x215 h108 13 blu",POLVEND3,ABBEY,"DALE' F.LLI SRL",DALE01,"DALE' F.LLI SRL",DALE01,615.15.00,287,615.15.00,615.15.00,22,,Riferimento,1,,0,0,0,0,0,0,0,,0,0,,3000-12-31T00:00:00,2023-04-18T12:00:55.653,3,CAMERE,11,Letti,,,,,Array,,,
10611,22444691,88,106115,"web letto 1p1/2 c/contenitore l150x215 h108 16 grigio scuro",POLVEND3,ABBEY,"DALE' F.LLI SRL",DALE01,"DALE' F.LLI SRL",DALE01,615.15.00,287,615.15.00,615.15.00,22,,Riferimento,1,,0,0,0,0,0,0,0,,0,0,,3000-12-31T00:00:00,2023-04-18T12:00:55.67,3,CAMERE,11,Letti,,,,,Array,,,
10612,22444714,88,106122,"web letto singolo c/contenitore l110x215h108 06 marrone",POLVEND3,ABBEY,"DALE' F.LLI SRL",DALE01,"DALE' F.LLI SRL",DALE01,541.38.00,252,541.38.00,541.38.00,22,,Riferimento,1,,0,0,0,0,0,0,0,,0,0,,3000-12-31T00:00:00,2023-04-18T12:00:55.67,3,CAMERE,11,Letti,,,,,Array,,,
10613,22444745,88,106139,"web letto singolo c/contenitore l110x215h108 14 grigio",POLVEND3,ABBEY,"DALE' F.LLI SRL",DALE01,"DALE' F.LLI SRL",DALE01,541.38.00,252,541.38.00,541.38.00,22,,Riferimento,1,,0,0,0,0,0,0,0,,0,0,,3000-12-31T00:00:00,2023-04-18T12:00:55.687,3,CAMERE,11,Letti,,,,,Array,,,
10614,22444813,88,106146,"web slim letto king size l210x235 h118 24 grigio scuro",POLVEND3,ELODIE,"DALE' F.LLI SRL",DALE01,"DALE' F.LLI SRL",DALE01,869.25.00,401,869.25.00,869.25.00,22,,Riferimento,1,,0,0,0,0,0,0,0,,0,0,,3000-12-31T00:00:00,2023-04-18T12:00:55.687,3,CAMERE,11,Letti,,,,,Array,,,
10615,22445056,88,106153,"web letto king size c/contenitore telaio l205x230h82 24 gri sc",POLVEND3,PARK,"DALE' F.LLI SRL",DALE01,"DALE' F.LLI SRL",DALE01,1033.19.00,485,1033.19.00,1033.19.00,22,,Riferimento,1,,0,0,0,0,0,0,0,,0,0,,3000-12-31T00:00:00,2023-04-18T12:00:55.7,3,CAMERE,11,Letti,,,,,Array,,,
10616,22445070,88,106160,"web letto matr c/contenitore telaio l185x220h82 08 tortora",POLVEND3,PARK,"DALE' F.LLI SRL",DALE01,"DALE' F.LLI SRL",DALE01,877.05.00,413,877.05.00,877.05.00,22,,Riferimento,1,,0,0,0,0,0,0,0,,0,0,,3000-12-31T00:00:00,2023-04-18T12:00:55.7,3,CAMERE,11,Letti,,,,,Array,,,
10617,22445100,88,106177,"web letto matr c/contenitore telaio l185x220h82 21 grigio",POLVEND3,PARK,"DALE' F.LLI SRL",DALE01,"DALE' F.LLI SRL",DALE01,877.05.00,413,877.05.00,877.05.00,22,,Riferimento,1,,0,0,0,0,0,0,0,,0,0,,3000-12-31T00:00:00,2023-04-18T12:00:55.717,3,CAMERE,11,Letti,,,,,Array,,,
10618,22445155,88,106184,"web letto 1p1/2 c/cont dop.telaio l145x220h82 28 blu",POLVEND3,PARK,"DALE' F.LLI SRL",DALE01,"DALE' F.LLI SRL",DALE01,795.08.00,375,795.08.00,795.08.00,22,,Riferimento,1,,0,0,0,0,0,0,0,,0,0,,3000-12-31T00:00:00,2023-04-18T12:00:55.717,3,CAMERE,11,Letti,,,,,Array,,,
10619,22445162,88,106191,"web letto 1p1/2 c/cont dop.telaio l145x220h82 21 grigio",POLVEND3,PARK,"DALE' F.LLI SRL",DALE01,"DALE' F.LLI SRL",DALE01,795.08.00,375,795.08.00,795.08.00,22,,Riferimento,1,,0,0,0,0,0,0,0,,0,0,,3000-12-31T00:00:00,2023-04-18T12:00:55.733,3,CAMERE,11,Letti,,,,,Array,,,
10620,22445193,88,106207,"web letto singolo c/cont dop.telaio l105x220h82 08 tortora",POLVEND3,PARK,"DALE' F.LLI SRL",DALE01,"DALE' F.LLI SRL",DALE01,688.52.00,324,688.52.00,688.52.00,22,,Riferimento,1,,0,0,0,0,0,0,0,,0,0,,3000-12-31T00:00:00,2023-04-18T12:00:55.747,3,CAMERE,11,Letti,,,,,Array,,,
10621,22445278,88,106214,"web tes.alta l.to kingsize l205x230h110 28 blu",POLVEND3,PARK-AIR,"DALE' F.LLI SRL",DALE01,"DALE' F.LLI SRL",DALE01,1082.37.00,507,1082.37.00,1082.37.00,22,,Riferimento,1,,0,0,0,0,0,0,0,,0,0,,3000-12-31T00:00:00,2023-04-18T12:00:55.747,3,CAMERE,11,Letti,,,,,Array,,,
10622,22445292,88,106221,"web tes.alta l.to kingsize l205x230h110 24 grigi sc",POLVEND3,PARK-AIR,"DALE' F.LLI SRL",DALE01,"DALE' F.LLI SRL",DALE01,1082.37.00,507,1082.37.00,1082.37.00,22,,Riferimento,1,,0,0,0,0,0,0,0,,0,0,,3000-12-31T00:00:00,2023-04-18T12:00:55.763,3,CAMERE,11,Letti,,,,,Array,,,
10623,22445315,88,106238,"web tes.alta l.mat.c/contenitore tel l185x220h110 08 tort",POLVEND3,PARK-AIR,"DALE' F.LLI SRL",DALE01,"DALE' F.LLI SRL",DALE01,902.04.00,423,902.04.00,902.04.00,22,,Riferimento,1,,0,0,0,0,0,0,0,,0,0,,3000-12-31T00:00:00,2023-04-18T12:00:55.78,3,CAMERE,11,Letti,,,,,Array,,,
10624,22445360,88,106245,"web tes.alta l.1p1/2 c/contenitore l145x220h110 01 beige",POLVEND3,PARK-AIR,"DALE' F.LLI SRL",DALE01,"DALE' F.LLI SRL",DALE01,811.48.00,383,811.48.00,811.48.00,22,,Riferimento,1,,0,0,0,0,0,0,0,,0,0,,3000-12-31T00:00:00,2023-04-18T12:00:55.78,3,CAMERE,11,Letti,,,,,Array,,,
10625,22445421,88,106252,"web tes.alta l.singolo c/contenitore l105x220h110 01 beige",POLVEND3,PARK-AIR,"DALE' F.LLI SRL",DALE01,"DALE' F.LLI SRL",DALE01,688.52.00,324,688.52.00,688.52.00,22,,Riferimento,1,,0,0,0,0,0,0,0,,0,0,,3000-12-31T00:00:00,2023-04-18T12:00:55.793,3,CAMERE,11,Letti,,,,,Array,,,
10626,22445520,88,106269,"web letto matrimoniale c/contenitore l175x205h105 14 grigio",POLVEND3,DREAM,"DALE' F.LLI SRL",DALE01,"DALE' F.LLI SRL",DALE01,484.01.00,268,484.01.00,484.01.00,22,,Riferimento,1,,0,0,0,0,0,0,0,,0,0,,3000-12-31T00:00:00,2023-04-18T12:00:55.81,3,CAMERE,11,Letti,,,,,Array,,,
10627,22445612,88,106276,"web letto 1p1/2 c/contenitore l135x205h105 06 marrone",POLVEND3,DREAM,"DALE' F.LLI SRL",DALE01,"DALE' F.LLI SRL",DALE01,430.33.00,252,430.33.00,430.33.00,22,,Riferimento,1,,0,0,0,0,0,0,0,,0,0,,3000-12-31T00:00:00,2023-04-18T12:00:55.81,3,CAMERE,11,Letti,,,,,Array,,,
10628,22445803,88,106283,"slim letto matrimoniale l180x220h110 10 verde",POLVEND3,ROGER,"DALE' F.LLI SRL",DALE01,"DALE' F.LLI SRL",DALE01,697.12.00,329,697.12.00,697.12.00,22,,Riferimento,1,,0,0,0,0,0,0,0,,0,0,,3000-12-31T00:00:00,2023-04-18T12:00:55.827,3,CAMERE,11,Letti,,,,,Array,,,
10629,22445933,88,106290,"web slim letto singolo l100x220h110 11 blu",POLVEND3,ROGER,"DALE' F.LLI SRL",DALE01,"DALE' F.LLI SRL",DALE01,549.18.00,257,549.18.00,549.18.00,22,,Riferimento,1,,0,0,0,0,0,0,0,,0,0,,3000-12-31T00:00:00,2023-04-18T12:00:55.827,3,CAMERE,11,Letti,,,,,Array,,,
10630,22445971,88,106306,"web letto king size slim l205x230h88 03 beige",POLVEND3,FELIZ,"DALE' F.LLI SRL",DALE01,"DALE' F.LLI SRL",DALE01,779.09.00,336,779.09.00,779.09.00,22,,Riferimento,1,,0,0,0,0,0,0,0,,0,0,,3000-12-31T00:00:00,2023-04-18T12:00:55.84,3,CAMERE,11,Letti,,,,,Array,,,
10631,22446015,88,106313,"web letto king size slim l205x230h88 16 grigio scuro",POLVEND3,FELIZ,"DALE' F.LLI SRL",DALE01,"DALE' F.LLI SRL",DALE01,779.09.00,336,779.09.00,779.09.00,22,,Riferimento,1,,0,0,0,0,0,0,0,,0,0,,3000-12-31T00:00:00,2023-04-18T12:00:55.857,3,CAMERE,11,Letti,,,,,Array,,,
10632,22446190,88,106320,"web letto singolo slim l105x220h88 14 grigio scuro",POLVEND3,FELIZ,"DALE' F.LLI SRL",DALE01,"DALE' F.LLI SRL",DALE01,508.2,221,508.2,508.2,22,,Riferimento,1,,0,0,0,0,0,0,0,,0,0,,3000-12-31T00:00:00,2023-04-18T12:00:55.857,3,CAMERE,11,Letti,,,,,Array,,,
10633,22446275,88,106337,"web letto 1p1/2 c/contenitore l150x225h118 08 tortora",POLVEND3,ADONE,"DALE' F.LLI SRL",DALE01,"DALE' F.LLI SRL",DALE01,844.26.00,396,844.26.00,844.26.00,22,,Riferimento,1,,0,0,0,0,0,0,0,,0,0,,3000-12-31T00:00:00,2023-04-18T12:00:55.873,3,CAMERE,11,Letti,,,,,Array,,,
10634,22446312,88,106344,"web letto 1p1/2 c/contenitore l150x225h118 24 grigio scuro",POLVEND3,ADONE,"DALE' F.LLI SRL",DALE01,"DALE' F.LLI SRL",DALE01,844.26.00,396,844.26.00,844.26.00,22,,Riferimento,1,,0,0,0,0,0,0,0,,0,0,,3000-12-31T00:00:00,2023-04-18T12:00:55.873,3,CAMERE,11,Letti,,,,,Array,,,
10635,22446411,88,106351,"web letto king size c/contenitore l200x230h105 16 blu",POLVEND3,GREY,"DALE' F.LLI SRL",DALE01,"DALE' F.LLI SRL",DALE01,1115.15.00,524,1115.15.00,1115.15.00,22,,Riferimento,1,,0,0,0,0,0,0,0,,0,0,,3000-12-31T00:00:00,2023-04-18T12:00:55.887,3,CAMERE,11,Letti,,,,,Array,,,
10636,22446428,88,106368,"web letto king size c/contenitore l200x230h105 19 grigio",POLVEND3,GREY,"DALE' F.LLI SRL",DALE01,"DALE' F.LLI SRL",DALE01,1115.15.00,524,1115.15.00,1115.15.00,22,,Riferimento,1,,0,0,0,0,0,0,0,,0,0,,3000-12-31T00:00:00,2023-04-18T12:00:55.903,3,CAMERE,11,Letti,,,,,Array,,,
10637,22446435,88,106375,"web letto king size c/contenitore l200x230h105 22 nero",POLVEND3,GREY,"DALE' F.LLI SRL",DALE01,"DALE' F.LLI SRL",DALE01,1115.15.00,524,1115.15.00,1115.15.00,22,,Riferimento,1,,0,0,0,0,0,0,0,,0,0,,3000-12-31T00:00:00,2023-04-18T12:00:55.903,3,CAMERE,11,Letti,,,,,Array,,,
10638,22446459,88,106382,"web letto matrimoniale c/contenitore l180x220h105 05 tortora",POLVEND3,GREY,"DALE' F.LLI SRL",DALE01,"DALE' F.LLI SRL",DALE01,975.41.00,459,975.41.00,975.41.00,22,,Riferimento,1,,0,0,0,0,0,0,0,,0,0,,3000-12-31T00:00:00,2023-04-18T12:00:55.92,3,CAMERE,11,Letti,,,,,Array,,,
10639,22446473,88,106399,"web letto matrimoniale c/contenitore l180x220h105 16 blu",POLVEND3,GREY,"DALE' F.LLI SRL",DALE01,"DALE' F.LLI SRL",DALE01,975.41.00,459,975.41.00,975.41.00,22,,Riferimento,1,,0,0,0,0,0,0,0,,0,0,,3000-12-31T00:00:00,2023-04-18T12:00:55.937,3,CAMERE,11,Letti,,,,,Array,,,
10640,22446572,88,106405,"web letto singolo c/contenitore l100x220h105 05 tortora",POLVEND3,GREY,"DALE' F.LLI SRL",DALE01,"DALE' F.LLI SRL",DALE01,737.7,346,737.7,737.7,22,,Riferimento,1,,0,0,0,0,0,0,0,,0,0,,3000-12-31T00:00:00,2023-04-18T12:00:55.937,3,CAMERE,11,Letti,,,,,Array,,,
10641,22446602,88,106412,"web letto singolo c/contenitore l100x220h105 19 grigio",POLVEND3,GREY,"DALE' F.LLI SRL",DALE01,"DALE' F.LLI SRL",DALE01,737.7,346,737.7,737.7,22,,Riferimento,1,,0,0,0,0,0,0,0,,0,0,,3000-12-31T00:00:00,2023-04-18T12:00:55.95,3,CAMERE,11,Letti,,,,,Array,,,
10642,22446657,88,106429,"web letto matrimoniale c/contenitore l190x215h105 28 blu",POLVEND3,INEMURY,"DALE' F.LLI SRL",DALE01,"DALE' F.LLI SRL",DALE01,688.52.00,312,688.52.00,688.52.00,22,,Riferimento,1,,0,0,0,0,0,0,0,,0,0,,3000-12-31T00:00:00,2023-04-18T12:00:55.95,3,CAMERE,11,Letti,,,,,Array,,,
10643,22446664,88,106436,"web letto matrimoniale c/contenitore l190x215h105 21 grigio",POLVEND3,INEMURY,"DALE' F.LLI SRL",DALE01,"DALE' F.LLI SRL",DALE01,688.52.00,312,688.52.00,688.52.00,22,,Riferimento,1,,0,0,0,0,0,0,0,,0,0,,3000-12-31T00:00:00,2023-04-18T12:00:55.967,3,CAMERE,11,Letti,,,,,Array,,,
10651,22437990,88,106511,"web divano 2p pen dx 200x168x79h tes polaris 17 grigio chiaro",POLVEND3,BRENT,"DALE' F.LLI SRL",DALE01,"DALE' F.LLI SRL",DALE01,975.41.00,466,975.41.00,975.41.00,22,,Riferimento,1,,0,0,0,0,0,0,0,,0,0,,3000-12-31T00:00:00,2023-04-18T12:00:56.043,2,"DIVANI E POLTRONE",13,"Divani modulari",,,,,Array,,,
10652,22438065,88,106528,"web divano 2p pen sx 200x168x79h tes polaris 17 grigio chiaro",POLVEND3,BRENT,"DALE' F.LLI SRL",DALE01,"DALE' F.LLI SRL",DALE01,975.41.00,466,975.41.00,975.41.00,22,,Riferimento,1,,0,0,0,0,0,0,0,,0,0,,3000-12-31T00:00:00,2023-04-18T12:00:56.043,2,"DIVANI E POLTRONE",13,"Divani modulari",,,,,Array,,,
10653,22438072,88,106535,"web divano 2p pen sx 200x168x79h tes polaris 08 arancio",POLVEND3,BRENT,"DALE' F.LLI SRL",DALE01,"DALE' F.LLI SRL",DALE01,975.41.00,466,975.41.00,975.41.00,22,,Riferimento,1,,0,0,0,0,0,0,0,,0,0,,3000-12-31T00:00:00,2023-04-18T12:00:56.06,2,"DIVANI E POLTRONE",13,"Divani modulari",,,,,Array,,,
10654,22438249,88,106542,"web divano 3p pen sx 220x168x79h tes polaris 22 nero",POLVEND3,BRENT,"DALE' F.LLI SRL",DALE01,"DALE' F.LLI SRL",DALE01,1004.1,477,1004.1,1004.1,22,,Riferimento,1,,0,0,0,0,0,0,0,,0,0,,3000-12-31T00:00:00,2023-04-18T12:00:56.06,2,"DIVANI E POLTRONE",13,"Divani modulari",,,,,Array,,,
10655,22438317,88,106559,"web divano 3p 240x92x79h tes polaris 22 nero",POLVEND3,BRENT,"DALE' F.LLI SRL",DALE01,"DALE' F.LLI SRL",DALE01,861.06.00,408,861.06.00,861.06.00,22,,Riferimento,1,,0,0,0,0,0,0,0,,0,0,,3000-12-31T00:00:00,2023-04-18T12:00:56.077,2,"DIVANI E POLTRONE",12,Divani,,,,,Array,,,
10656,22438447,88,106566,"web divano 3p 220x92x79h tes vougue 16 grigio scuro",POLVEND3,ONE,"DALE' F.LLI SRL",DALE01,"DALE' F.LLI SRL",DALE01,688.52.00,326,688.52.00,688.52.00,22,,Riferimento,1,,0,0,0,0,0,0,0,,0,0,,3000-12-31T00:00:00,2023-04-18T12:00:56.077,2,"DIVANI E POLTRONE",12,Divani,,,,,Array,,,
10657,22438478,88,106573,"web divano 3p 260x92x79h tes vougue 06 marrone",POLVEND3,ONE,"DALE' F.LLI SRL",DALE01,"DALE' F.LLI SRL",DALE01,721.31.00,348,721.31.00,721.31.00,22,,Riferimento,1,,0,0,0,0,0,0,0,,0,0,,3000-12-31T00:00:00,2023-04-18T12:00:56.09,2,"DIVANI E POLTRONE",12,Divani,,,,,Array,,,
10658,22438553,88,106580,"web divano 3p pen dx 340x168x79h tes vougue 06 marrone",POLVEND3,ONE,"DALE' F.LLI SRL",DALE01,"DALE' F.LLI SRL",DALE01,1131.15.00,546,1131.15.00,1131.15.00,22,,Riferimento,1,,0,0,0,0,0,0,0,,0,0,,3000-12-31T00:00:00,2023-04-18T12:00:56.107,2,"DIVANI E POLTRONE",13,"Divani modulari",,,,,Array,,,
10659,22438645,88,106597,"web divano 3p maxi 360x92x79h tes vougue 11 verde",POLVEND3,ONE,"DALE' F.LLI SRL",DALE01,"DALE' F.LLI SRL",DALE01,1000,480,1000,1000,22,,Riferimento,1,,0,0,0,0,0,0,0,,0,0,,3000-12-31T00:00:00,2023-04-18T12:00:56.107,2,"DIVANI E POLTRONE",12,Divani,,,,,Array,,,
10660,22438683,88,106603,"web divano 3p maxi 360x92x79h tes vougue 17 nero",POLVEND3,ONE,"DALE' F.LLI SRL",DALE01,"DALE' F.LLI SRL",DALE01,1000,480,1000,1000,22,,Riferimento,1,,0,0,0,0,0,0,0,,0,0,,3000-12-31T00:00:00,2023-04-18T12:00:57.733,2,"DIVANI E POLTRONE",12,Divani,,,,,Array,,,
10662,22438911,88,106627,"web divano 3p pen dx 240x168x79h tes vougue 14 grigio chiaro",POLVEND3,ONE,"DALE' F.LLI SRL",DALE01,"DALE' F.LLI SRL",DALE01,852.46.00,414,852.46.00,852.46.00,22,,Riferimento,1,,0,0,0,0,0,0,0,,0,0,,3000-12-31T00:00:00,2023-04-18T12:00:57.763,2,"DIVANI E POLTRONE",13,"Divani modulari",,,,,Array,,,
10663,22438966,88,106634,"web divano 3p pen dx 300x168x79h tes vougue 09 ocra",POLVEND3,ONE,"DALE' F.LLI SRL",DALE01,"DALE' F.LLI SRL",DALE01,1082.37.00,525,1082.37.00,1082.37.00,22,,Riferimento,1,,0,0,0,0,0,0,0,,0,0,,3000-12-31T00:00:00,2023-04-18T12:00:57.78,2,"DIVANI E POLTRONE",13,"Divani modulari",,,,,Array,,,
10664,22439000,88,106641,"web divano 3p pen dx 300x168x79h tes vougue 16 grigio scuro",POLVEND3,ONE,"DALE' F.LLI SRL",DALE01,"DALE' F.LLI SRL",DALE01,1082.37.00,525,1082.37.00,1082.37.00,22,,Riferimento,1,,0,0,0,0,0,0,0,,0,0,,3000-12-31T00:00:00,2023-04-18T12:00:57.78,2,"DIVANI E POLTRONE",13,"Divani modulari",,,,,Array,,,
10665,22439123,88,106658,"web divano 3p pen sx 240x168x79h tes vougue 09 ocra",POLVEND3,ONE,"DALE' F.LLI SRL",DALE01,"DALE' F.LLI SRL",DALE01,852.46.00,414,852.46.00,852.46.00,22,,Riferimento,1,,0,0,0,0,0,0,0,,0,0,,3000-12-31T00:00:00,2023-04-18T12:00:57.793,2,"DIVANI E POLTRONE",13,"Divani modulari",,,,,Array,,,
10666,22439130,88,106665,"web divano 3p pen sx 240x168x79h tes vougue 11 verde",POLVEND3,ONE,"DALE' F.LLI SRL",DALE01,"DALE' F.LLI SRL",DALE01,852.46.00,414,852.46.00,852.46.00,22,,Riferimento,1,,0,0,0,0,0,0,0,,0,0,,3000-12-31T00:00:00,2023-04-18T12:00:57.793,2,"DIVANI E POLTRONE",13,"Divani modulari",,,,,Array,,,
10667,22439192,88,106672,"web divano 3p pen sx 340x168x79h tes vougue 06 marrone",POLVEND3,ONE,"DALE' F.LLI SRL",DALE01,"DALE' F.LLI SRL",DALE01,1131.15.00,546,1131.15.00,1131.15.00,22,,Riferimento,1,,0,0,0,0,0,0,0,,0,0,,3000-12-31T00:00:00,2023-04-18T12:00:57.793,2,"DIVANI E POLTRONE",13,"Divani modulari",,,,,Array,,,
10668,22439239,88,106689,"web divano 3p pen sx 340x168x79h tes vougue 14 grigio chiaro",POLVEND3,ONE,"DALE' F.LLI SRL",DALE01,"DALE' F.LLI SRL",DALE01,1131.15.00,546,1131.15.00,1131.15.00,22,,Riferimento,1,,0,0,0,0,0,0,0,,0,0,,3000-12-31T00:00:00,2023-04-18T12:00:57.81,2,"DIVANI E POLTRONE",13,"Divani modulari",,,,,Array,,,
10669,22439260,88,106696,"web divano 3p pen sx 340x168x79h tes vougue 3 beige",POLVEND3,ONE,"DALE' F.LLI SRL",DALE01,"DALE' F.LLI SRL",DALE01,1131.15.00,546,1131.15.00,1131.15.00,22,,Riferimento,1,,0,0,0,0,0,0,0,,0,0,,3000-12-31T00:00:00,2023-04-18T12:00:57.81,2,"DIVANI E POLTRONE",13,"Divani modulari",,,,,Array,,,
10670,22439338,88,106702,"web divano 3p pen sx 300x168x79h tes vougue 17 nero",POLVEND3,ONE,"DALE' F.LLI SRL",DALE01,"DALE' F.LLI SRL",DALE01,1082.37.00,525,1082.37.00,1082.37.00,22,,Riferimento,1,,0,0,0,0,0,0,0,,0,0,,3000-12-31T00:00:00,2023-04-18T12:00:57.81,2,"DIVANI E POLTRONE",13,"Divani modulari",,,,,Array,,,
10671,22443588,88,106719,"web poltrona letto (mat.70) 130x95h85 22 petrolio",POLVEND3,IVO,"DALE' F.LLI SRL",DALE01,"DALE' F.LLI SRL",DALE01,811.48.00,390,811.48.00,811.48.00,22,,Riferimento,1,,0,0,0,0,0,0,0,,0,0,,3000-12-31T00:00:00,2023-04-18T12:00:57.827,2,"DIVANI E POLTRONE",11,Poltrone,,,,,Array,,,
10672,22443632,88,106726,"web divano let 1p1/2 (mat.120) 180x95h85 04 tortora",POLVEND3,IVO,"DALE' F.LLI SRL",DALE01,"DALE' F.LLI SRL",DALE01,877.05.00,420,877.05.00,877.05.00,22,,Riferimento,1,,0,0,0,0,0,0,0,,0,0,,3000-12-31T00:00:00,2023-04-18T12:00:57.827,2,"DIVANI E POLTRONE",14,"Divani letto",,,,,Array,,,
10673,22443779,88,106733,"web divano letto 2p (mat.140) 200x95h85 29 nero",POLVEND3,IVO,"DALE' F.LLI SRL",DALE01,"DALE' F.LLI SRL",DALE01,902.04.00,430,902.04.00,902.04.00,22,,Riferimento,1,,0,0,0,0,0,0,0,,0,0,,3000-12-31T00:00:00,2023-04-18T12:00:57.827,2,"DIVANI E POLTRONE",14,"Divani letto",,,,,Array,,,
10674,22443854,88,106740,"web divano letto 3p (mat.160) 220x95h85 29 nero",POLVEND3,IVO,"DALE' F.LLI SRL",DALE01,"DALE' F.LLI SRL",DALE01,902.04.00,440,902.04.00,902.04.00,22,,Riferimento,1,,0,0,0,0,0,0,0,,0,0,,3000-12-31T00:00:00,2023-04-18T12:00:57.84,2,"DIVANI E POLTRONE",14,"Divani letto",,,,,Array,,,
10675,22443878,88,106757,"web divano letto 1p1/2 (mat.120) 160x95 h85 06 marrone",POLVEND3,SLEEM,"DALE' F.LLI SRL",DALE01,"DALE' F.LLI SRL",DALE01,877.05.00,420,877.05.00,877.05.00,22,,Riferimento,1,,0,0,0,0,0,0,0,,0,0,,3000-12-31T00:00:00,2023-04-18T12:00:57.84,2,"DIVANI E POLTRONE",14,"Divani letto",,,,,Array,,,
10676,22443946,88,106764,"web divano letto 2p (mat.140) 180x95h85 03 beige",POLVEND3,SLEEM,"DALE' F.LLI SRL",DALE01,"DALE' F.LLI SRL",DALE01,902.04.00,430,902.04.00,902.04.00,22,,Riferimento,1,,0,0,0,0,0,0,0,,0,0,,3000-12-31T00:00:00,2023-04-18T12:00:57.84,2,"DIVANI E POLTRONE",14,"Divani letto",,,,,Array,,,
10677,22444028,88,106771,"web divano letto 3p (mat.160) 200x95 h85 03 beige",POLVEND3,SLEEM,"DALE' F.LLI SRL",DALE01,"DALE' F.LLI SRL",DALE01,902.04.00,440,902.04.00,902.04.00,22,,Riferimento,1,,0,0,0,0,0,0,0,,0,0,,3000-12-31T00:00:00,2023-04-18T12:00:57.857,2,"DIVANI E POLTRONE",14,"Divani letto",,,,,Array,,,
10678,22444073,88,106788,"web divano letto 3p (mat.160) 200x95 h85 14 grig chiar",POLVEND3,SLEEM,"DALE' F.LLI SRL",DALE01,"DALE' F.LLI SRL",DALE01,902.04.00,440,902.04.00,902.04.00,22,,Riferimento,1,,0,0,0,0,0,0,0,,0,0,,3000-12-31T00:00:00,2023-04-18T12:00:57.857,2,"DIVANI E POLTRONE",14,"Divani letto",,,,,Array,,,
10679,22444165,88,106795,"web divano letto 1p1/2 (mat.120) 166x95h85 16 grig scuro",POLVEND3,FREUD,"DALE' F.LLI SRL",DALE01,"DALE' F.LLI SRL",DALE01,984.01.00,470,984.01.00,984.01.00,22,,Riferimento,1,,0,0,0,0,0,0,0,,0,0,,3000-12-31T00:00:00,2023-04-18T12:00:57.873,2,"DIVANI E POLTRONE",14,"Divani letto",,,,,Array,,,
10680,22444257,88,106801,"web divano letto 2p (mat.140) 186x95h85 17 nero",POLVEND3,FREUD,"DALE' F.LLI SRL",DALE01,"DALE' F.LLI SRL",DALE01,1000,480,1000,1000,22,,Riferimento,1,,0,0,0,0,0,0,0,,0,0,,3000-12-31T00:00:00,2023-04-18T12:00:57.873,2,"DIVANI E POLTRONE",14,"Divani letto",,,,,Array,,,
10681,22444332,88,106818,"web divano letto 3p (mat.160) 206x95h85 17 nero",POLVEND3,FREUD,"DALE' F.LLI SRL",DALE01,"DALE' F.LLI SRL",DALE01,1024.59.00,490,1024.59.00,1024.59.00,22,,Riferimento,1,,0,0,0,0,0,0,0,,0,0,,3000-12-31T00:00:00,2023-04-18T12:00:57.89,2,"DIVANI E POLTRONE",14,"Divani letto",,,,,Array,,,
10682,22444363,88,106825,"web divano letto 1p1/2 (mat.120) 180x95h85 09 giallo",POLVEND3,PIPER,"DALE' F.LLI SRL",DALE01,"DALE' F.LLI SRL",DALE01,926.23.00,445,926.23.00,926.23.00,22,,Riferimento,1,,0,0,0,0,0,0,0,,0,0,,3000-12-31T00:00:00,2023-04-18T12:00:57.89,2,"DIVANI E POLTRONE",14,"Divani letto",,,,,Array,,,
10683,22444394,88,106832,"web divano letto 1p1/2 (mat.120) 180x95h85 14 grig chiar",POLVEND3,PIPER,"DALE' F.LLI SRL",DALE01,"DALE' F.LLI SRL",DALE01,926.23.00,445,926.23.00,926.23.00,22,,Riferimento,1,,0,0,0,0,0,0,0,,0,0,,3000-12-31T00:00:00,2023-04-18T12:00:57.903,2,"DIVANI E POLTRONE",14,"Divani letto",,,,,Array,,,
10684,22444400,88,106849,"web divano letto 1p1/2 (mat.120) 180x95h85 16 grig scuro",POLVEND3,PIPER,"DALE' F.LLI SRL",DALE01,"DALE' F.LLI SRL",DALE01,926.23.00,445,926.23.00,926.23.00,22,,Riferimento,1,,0,0,0,0,0,0,0,,0,0,,3000-12-31T00:00:00,2023-04-18T12:00:57.903,2,"DIVANI E POLTRONE",14,"Divani letto",,,,,Array,,,
10685,22444417,88,106856,"web divano letto 1p1/2 (mat.120) 180x95h85 17 nero",POLVEND3,PIPER,"DALE' F.LLI SRL",DALE01,"DALE' F.LLI SRL",DALE01,926.23.00,445,926.23.00,926.23.00,22,,Riferimento,1,,0,0,0,0,0,0,0,,0,0,,3000-12-31T00:00:00,2023-04-18T12:00:57.903,2,"DIVANI E POLTRONE",14,"Divani letto",,,,,Array,,,
10686,22444431,88,106863,"web divano letto 2p (mat.140) 200x95h85 06 marrone",POLVEND3,PIPER,"DALE' F.LLI SRL",DALE01,"DALE' F.LLI SRL",DALE01,951.22.00,455,951.22.00,951.22.00,22,,Riferimento,1,,0,0,0,0,0,0,0,,0,0,,3000-12-31T00:00:00,2023-04-18T12:00:57.92,2,"DIVANI E POLTRONE",14,"Divani letto",,,,,Array,,,
10687,22444448,88,106870,"web divano letto 2p (mat.140) 200x95h85 09 giallo",POLVEND3,PIPER,"DALE' F.LLI SRL",DALE01,"DALE' F.LLI SRL",DALE01,951.22.00,455,951.22.00,951.22.00,22,,Riferimento,1,,0,0,0,0,0,0,0,,0,0,,3000-12-31T00:00:00,2023-04-18T12:00:57.92,2,"DIVANI E POLTRONE",14,"Divani letto",,,,,Array,,,
10688,22444547,88,106887,"web divano letto 3p (mat.160) 220x95h85 13 petrolio",POLVEND3,PIPER,"DALE' F.LLI SRL",DALE01,"DALE' F.LLI SRL",DALE01,975.41.00,465,975.41.00,975.41.00,22,,Riferimento,1,,0,0,0,0,0,0,0,,0,0,,3000-12-31T00:00:00,2023-04-18T12:00:57.92,2,"DIVANI E POLTRONE",14,"Divani letto",,,,,Array,,,
10689,22444554,88,106894,"web divano letto 3p (mat.160) 220x95h85 14 grig chiar",POLVEND3,PIPER,"DALE' F.LLI SRL",DALE01,"DALE' F.LLI SRL",DALE01,975.41.00,465,975.41.00,975.41.00,22,,Riferimento,1,,0,0,0,0,0,0,0,,0,0,,3000-12-31T00:00:00,2023-04-18T12:00:57.937,2,"DIVANI E POLTRONE",14,"Divani letto",,,,,Array,,,
10690,22444653,88,106900,"web letto 1p1/2 c/contenitore l150x215 h108 06 marrone",POLVEND3,ABBEY,"DALE' F.LLI SRL",DALE01,"DALE' F.LLI SRL",DALE01,615.15.00,287,615.15.00,615.15.00,22,,Riferimento,1,,0,0,0,0,0,0,0,,0,0,,3000-12-31T00:00:00,2023-04-18T12:00:57.937,3,CAMERE,11,Letti,,,,,Array,,,
10691,22444660,88,106917,"web letto 1p1/2 c/contenitore l150x215 h108 11 verde",POLVEND3,ABBEY,"DALE' F.LLI SRL",DALE01,"DALE' F.LLI SRL",DALE01,615.15.00,287,615.15.00,615.15.00,22,,Riferimento,1,,0,0,0,0,0,0,0,,0,0,,3000-12-31T00:00:00,2023-04-18T12:00:57.937,3,CAMERE,11,Letti,,,,,Array,,,
10692,22444738,88,106924,"web letto singolo c/contenitore l110x215h108 13 blu",POLVEND3,ABBEY,"DALE' F.LLI SRL",DALE01,"DALE' F.LLI SRL",DALE01,541.38.00,252,541.38.00,541.38.00,22,,Riferimento,1,,0,0,0,0,0,0,0,,0,0,,3000-12-31T00:00:00,2023-04-18T12:00:57.95,3,CAMERE,11,Letti,,,,,Array,,,
10693,22444875,88,106931,"web slim letto matrimoniale l190x225 h118 24 grigio scuro",POLVEND3,ELODIE,"DALE' F.LLI SRL",DALE01,"DALE' F.LLI SRL",DALE01,770.49.00,357,770.49.00,770.49.00,22,,Riferimento,1,,0,0,0,0,0,0,0,,0,0,,3000-12-31T00:00:00,2023-04-18T12:00:57.95,3,CAMERE,11,Letti,,,,,Array,,,
10694,22444943,88,106948,"web slim letto singolo l110x225 h118 01 beige",POLVEND3,ELODIE,"DALE' F.LLI SRL",DALE01,"DALE' F.LLI SRL",DALE01,574.17.00,268,574.17.00,574.17.00,22,,Riferimento,1,,0,0,0,0,0,0,0,,0,0,,3000-12-31T00:00:00,2023-04-18T12:00:57.967,3,CAMERE,11,Letti,,,,,Array,,,
10695,22445087,88,106955,"web letto matr c/contenitore telaio l185x220h82 10 verde",POLVEND3,PARK,"DALE' F.LLI SRL",DALE01,"DALE' F.LLI SRL",DALE01,877.05.00,413,877.05.00,877.05.00,22,,Riferimento,1,,0,0,0,0,0,0,0,,0,0,,3000-12-31T00:00:00,2023-04-18T12:00:57.967,3,CAMERE,11,Letti,,,,,Array,,,
10696,22445117,88,106962,"web letto matr c/contenitore telaio l185x220h82 24 grigio scur",POLVEND3,PARK,"DALE' F.LLI SRL",DALE01,"DALE' F.LLI SRL",DALE01,877.05.00,413,877.05.00,877.05.00,22,,Riferimento,1,,0,0,0,0,0,0,0,,0,0,,3000-12-31T00:00:00,2023-04-18T12:00:57.967,3,CAMERE,11,Letti,,,,,Array,,,
10697,22445124,88,106979,"web letto 1p1/2 c/cont dop.telaio l145x220h82 01 beige",POLVEND3,PARK,"DALE' F.LLI SRL",DALE01,"DALE' F.LLI SRL",DALE01,795.08.00,375,795.08.00,795.08.00,22,,Riferimento,1,,0,0,0,0,0,0,0,,0,0,,3000-12-31T00:00:00,2023-04-18T12:00:57.983,3,CAMERE,11,Letti,,,,,Array,,,
10698,22445148,88,106986,"web letto 1p1/2 c/cont dop.telaio l145x220h82 10 verde",POLVEND3,PARK,"DALE' F.LLI SRL",DALE01,"DALE' F.LLI SRL",DALE01,795.08.00,375,795.08.00,795.08.00,22,,Riferimento,1,,0,0,0,0,0,0,0,,0,0,,3000-12-31T00:00:00,2023-04-18T12:00:57.983,3,CAMERE,11,Letti,,,,,Array,,,
10699,22445186,88,106993,"web letto singolo c/cont dop.telaio l105x220h82 01 beige",POLVEND3,PARK,"DALE' F.LLI SRL",DALE01,"DALE' F.LLI SRL",DALE01,688.52.00,324,688.52.00,688.52.00,22,,Riferimento,1,,0,0,0,0,0,0,0,,0,0,,3000-12-31T00:00:00,2023-04-18T12:00:57.983,3,CAMERE,11,Letti,,,,,Array,,,
10700,22445339,88,107006,"web tes.alta l.mat.c/contenitore tel l185x220h110 28 blu",POLVEND3,PARK-AIR,"DALE' F.LLI SRL",DALE01,"DALE' F.LLI SRL",DALE01,902.04.00,423,902.04.00,902.04.00,22,,Riferimento,1,,0,0,0,0,0,0,0,,0,0,,3000-12-31T00:00:00,2023-04-18T12:00:57.997,3,CAMERE,11,Letti,,,,,Array,,,
10701,22445353,88,107013,"web tes.alt l.mat.c/cot.tel l185x220h110 24 gri sc",POLVEND3,PARK-AIR,"DALE' F.LLI SRL",DALE01,"DALE' F.LLI SRL",DALE01,902.04.00,423,902.04.00,902.04.00,22,,Riferimento,1,,0,0,0,0,0,0,0,,0,0,,3000-12-31T00:00:00,2023-04-18T12:00:57.997,3,CAMERE,11,Letti,,,,,Array,,,
10702,22445414,88,107020,"web tes.alta l.1p1/2 c/contenitore l145x220h110 24 gri sc",POLVEND3,PARK-AIR,"DALE' F.LLI SRL",DALE01,"DALE' F.LLI SRL",DALE01,811.48.00,383,811.48.00,811.48.00,22,,Riferimento,1,,0,0,0,0,0,0,0,,0,0,,3000-12-31T00:00:00,2023-04-18T12:00:58.013,3,CAMERE,11,Letti,,,,,Array,,,
10703,22445483,88,107037,"web letto matrimoniale c/contenitore l175x205h105 03 beige",POLVEND3,DREAM,"DALE' F.LLI SRL",DALE01,"DALE' F.LLI SRL",DALE01,484.01.00,268,484.01.00,484.01.00,22,,Riferimento,1,,0,0,0,0,0,0,0,,0,0,,3000-12-31T00:00:00,2023-04-18T12:00:58.013,3,CAMERE,11,Letti,,,,,Array,,,
10704,22445582,88,107044,"web letto francese c/contenitore l155x205h105 14 grigio",POLVEND3,DREAM,"DALE' F.LLI SRL",DALE01,"DALE' F.LLI SRL",DALE01,451.22.00,247,451.22.00,451.22.00,22,,Riferimento,1,,0,0,0,0,0,0,0,,0,0,,3000-12-31T00:00:00,2023-04-18T12:00:58.013,3,CAMERE,11,Letti,,,,,Array,,,
10705,22445889,88,107051,"web slim letto 1p1/2 l140x220h110 17 grigio",POLVEND3,ROGER,"DALE' F.LLI SRL",DALE01,"DALE' F.LLI SRL",DALE01,631.15.00,296,631.15.00,631.15.00,22,,Riferimento,1,,0,0,0,0,0,0,0,,0,0,,3000-12-31T00:00:00,2023-04-18T12:00:58.03,3,CAMERE,11,Letti,,,,,Array,,,
10706,22445896,88,107068,"web slim letto 1p1/2 l140x220h110 19 grigio scuro",POLVEND3,ROGER,"DALE' F.LLI SRL",DALE01,"DALE' F.LLI SRL",DALE01,631.15.00,296,631.15.00,631.15.00,22,,Riferimento,1,,0,0,0,0,0,0,0,,0,0,,3000-12-31T00:00:00,2023-04-18T12:00:58.03,3,CAMERE,11,Letti,,,,,Array,,,
10707,22446060,88,107075,"web letto matrimoniale slim l185x220h88 14 grigio",POLVEND3,FELIZ,"DALE' F.LLI SRL",DALE01,"DALE' F.LLI SRL",DALE01,680.33.00,294,680.33.00,680.33.00,22,,Riferimento,1,,0,0,0,0,0,0,0,,0,0,,3000-12-31T00:00:00,2023-04-18T12:00:58.03,3,CAMERE,11,Letti,,,,,Array,,,
10708,22446084,88,107082,"web letto 1p1/2 slim l145x220h88 03 beige",POLVEND3,FELIZ,"DALE' F.LLI SRL",DALE01,"DALE' F.LLI SRL",DALE01,606.56.00,252,606.56.00,606.56.00,22,,Riferimento,1,,0,0,0,0,0,0,0,,0,0,,3000-12-31T00:00:00,2023-04-18T12:00:58.043,3,CAMERE,11,Letti,,,,,Array,,,
10709,22446107,88,107099,"web letto 1p1/2 slim l145x220h88 11 verde",POLVEND3,FELIZ,"DALE' F.LLI SRL",DALE01,"DALE' F.LLI SRL",DALE01,606.56.00,252,606.56.00,606.56.00,22,,Riferimento,1,,0,0,0,0,0,0,0,,0,0,,3000-12-31T00:00:00,2023-04-18T12:00:58.043,3,CAMERE,11,Letti,,,,,Array,,,
10710,22446145,88,107105,"web letto singolo slim l105x220h88 03 beige",POLVEND3,FELIZ,"DALE' F.LLI SRL",DALE01,"DALE' F.LLI SRL",DALE01,508.2,221,508.2,508.2,22,,Riferimento,1,,0,0,0,0,0,0,0,,0,0,,3000-12-31T00:00:00,2023-04-18T12:00:59.653,3,CAMERE,11,Letti,,,,,Array,,,
10711,22446282,88,107112,"web letto 1p1/2 c/contenitore l150x225h118 10 verde",POLVEND3,ADONE,"DALE' F.LLI SRL",DALE01,"DALE' F.LLI SRL",DALE01,844.26.00,396,844.26.00,844.26.00,22,,Riferimento,1,,0,0,0,0,0,0,0,,0,0,,3000-12-31T00:00:00,2023-04-18T12:00:59.67,3,CAMERE,11,Letti,,,,,Array,,,
10712,22446336,88,107129,"web letto singolo c/cont l130x225h118 08 tortora",POLVEND3,ADONE,"DALE' F.LLI SRL",DALE01,"DALE' F.LLI SRL",DALE01,713.11.00,334,713.11.00,713.11.00,22,,Riferimento,1,,0,0,0,0,0,0,0,,0,0,,3000-12-31T00:00:00,2023-04-18T12:00:59.687,3,CAMERE,11,Letti,,,,,Array,,,
10713,22446343,88,107136,"web letto singolo c/cont l130x225h118 10 verde",POLVEND3,ADONE,"DALE' F.LLI SRL",DALE01,"DALE' F.LLI SRL",DALE01,713.11.00,334,713.11.00,713.11.00,22,,Riferimento,1,,0,0,0,0,0,0,0,,0,0,,3000-12-31T00:00:00,2023-04-18T12:00:59.717,3,CAMERE,11,Letti,,,,,Array,,,
10714,22446497,88,107143,"web letto matrimoniale c/contenitore l180x220h105 22 nero",POLVEND3,GREY,"DALE' F.LLI SRL",DALE01,"DALE' F.LLI SRL",DALE01,975.41.00,459,975.41.00,975.41.00,22,,Riferimento,1,,0,0,0,0,0,0,0,,0,0,,3000-12-31T00:00:00,2023-04-18T12:00:59.717,3,CAMERE,11,Letti,,,,,Array,,,
10715,22446510,88,107150,"web letto 1p1/2 c/contenitore l140x220 h105 05 tortora",POLVEND3,GREY,"DALE' F.LLI SRL",DALE01,"DALE' F.LLI SRL",DALE01,861.06.00,399,861.06.00,861.06.00,22,,Riferimento,1,,0,0,0,0,0,0,0,,0,0,,3000-12-31T00:00:00,2023-04-18T12:00:59.733,3,CAMERE,11,Letti,,,,,Array,,,
10716,22446596,88,107167,"web letto singolo c/contenitore l100x220h105 16 blu",POLVEND3,GREY,"DALE' F.LLI SRL",DALE01,"DALE' F.LLI SRL",DALE01,737.7,346,737.7,737.7,22,,Riferimento,1,,0,0,0,0,0,0,0,,0,0,,3000-12-31T00:00:00,2023-04-18T12:00:59.747,3,CAMERE,11,Letti,,,,,Array,,,
10732,22437983,88,107327,"web divano 2p pen dx 200x168x79h tes polaris 016 blu",POLVEND3,BRENT,"DALE' F.LLI SRL",DALE01,"DALE' F.LLI SRL",DALE01,975.41.00,466,975.41.00,975.41.00,22,,Riferimento,1,,0,0,0,0,0,0,0,,0,0,,3000-12-31T00:00:00,2023-04-18T12:00:59.89,2,"DIVANI E POLTRONE",13,"Divani modulari",,,,,Array,,,
10733,22438034,88,107334,"web divano 2p pen dx 200x168x79h tes polaris 22 nero",POLVEND3,BRENT,"DALE' F.LLI SRL",DALE01,"DALE' F.LLI SRL",DALE01,975.41.00,466,975.41.00,975.41.00,22,,Riferimento,1,,0,0,0,0,0,0,0,,0,0,,3000-12-31T00:00:00,2023-04-18T12:00:59.903,2,"DIVANI E POLTRONE",13,"Divani modulari",,,,,Array,,,
10734,22438188,88,107341,"web divano 3p pen sx 220x168x79h tes polaris 05 tortora",POLVEND3,BRENT,"DALE' F.LLI SRL",DALE01,"DALE' F.LLI SRL",DALE01,1004.1,477,1004.1,1004.1,22,,Riferimento,1,,0,0,0,0,0,0,0,,0,0,,3000-12-31T00:00:00,2023-04-18T12:00:59.903,2,"DIVANI E POLTRONE",13,"Divani modulari",,,,,Array,,,
10735,22438294,88,107358,"web divano 3p 240x92x79h tes polaris 19 grigio scuro",POLVEND3,BRENT,"DALE' F.LLI SRL",DALE01,"DALE' F.LLI SRL",DALE01,861.06.00,408,861.06.00,861.06.00,22,,Riferimento,1,,0,0,0,0,0,0,0,,0,0,,3000-12-31T00:00:00,2023-04-18T12:00:59.92,2,"DIVANI E POLTRONE",12,Divani,,,,,Array,,,
10736,22438409,88,107365,"web divano 3p 220x92x79h tes vougue 09 ocra",POLVEND3,ONE,"DALE' F.LLI SRL",DALE01,"DALE' F.LLI SRL",DALE01,688.52.00,326,688.52.00,688.52.00,22,,Riferimento,1,,0,0,0,0,0,0,0,,0,0,,3000-12-31T00:00:00,2023-04-18T12:00:59.92,2,"DIVANI E POLTRONE",12,Divani,,,,,Array,,,
10737,22438515,88,107372,"web divano 3p 260x92x79h tes vougue 14 grigio chiaro",POLVEND3,ONE,"DALE' F.LLI SRL",DALE01,"DALE' F.LLI SRL",DALE01,721.31.00,348,721.31.00,721.31.00,22,,Riferimento,1,,0,0,0,0,0,0,0,,0,0,,3000-12-31T00:00:00,2023-04-18T12:00:59.937,2,"DIVANI E POLTRONE",12,Divani,,,,,Array,,,
10738,22438560,88,107389,"web divano 3p pen dx 340x168x79h tes vougue 09 ocra",POLVEND3,ONE,"DALE' F.LLI SRL",DALE01,"DALE' F.LLI SRL",DALE01,1131.15.00,546,1131.15.00,1131.15.00,22,,Riferimento,1,,0,0,0,0,0,0,0,,0,0,,3000-12-31T00:00:00,2023-04-18T12:00:59.937,2,"DIVANI E POLTRONE",13,"Divani modulari",,,,,Array,,,
10739,22438744,88,107396,"web divano 3p maxi 300x92x79h tes vougue 14 grigio chiaro",POLVEND3,ONE,"DALE' F.LLI SRL",DALE01,"DALE' F.LLI SRL",DALE01,934.43.00,448,934.43.00,934.43.00,22,,Riferimento,1,,0,0,0,0,0,0,0,,0,0,,3000-12-31T00:00:00,2023-04-18T12:00:59.95,2,"DIVANI E POLTRONE",12,Divani,,,,,Array,,,
10740,22438768,88,107402,"web divano 3p maxi 300x92x79h tes vougue 17 nero",POLVEND3,ONE,"DALE' F.LLI SRL",DALE01,"DALE' F.LLI SRL",DALE01,934.43.00,448,934.43.00,934.43.00,22,,Riferimento,1,,0,0,0,0,0,0,0,,0,0,,3000-12-31T00:00:00,2023-04-18T12:00:59.967,2,"DIVANI E POLTRONE",12,Divani,,,,,Array,,,
10741,22438805,88,107419,"web divano 2p pen dx 220x168x79h tes vougue 09 ocra",POLVEND3,ONE,"DALE' F.LLI SRL",DALE01,"DALE' F.LLI SRL",DALE01,836.07.00,403,836.07.00,836.07.00,22,,Riferimento,1,,0,0,0,0,0,0,0,,0,0,,3000-12-31T00:00:00,2023-04-18T12:00:59.967,2,"DIVANI E POLTRONE",13,"Divani modulari",,,,,Array,,,
10742,22438812,88,107426,"web divano 2p pen dx 220x168x79h tes vougue 11 verde",POLVEND3,ONE,"DALE' F.LLI SRL",DALE01,"DALE' F.LLI SRL",DALE01,836.07.00,403,836.07.00,836.07.00,22,,Riferimento,1,,0,0,0,0,0,0,0,,0,0,,3000-12-31T00:00:00,2023-04-18T12:00:59.983,2,"DIVANI E POLTRONE",13,"Divani modulari",,,,,Array,,,
10743,22439062,88,107433,"web divano 2p pen sx 220x168x79h tes vougue 13 petrolio",POLVEND3,ONE,"DALE' F.LLI SRL",DALE01,"DALE' F.LLI SRL",DALE01,836.07.00,403,836.07.00,836.07.00,22,,Riferimento,1,,0,0,0,0,0,0,0,,0,0,,3000-12-31T00:00:00,2023-04-18T12:00:59.983,2,"DIVANI E POLTRONE",13,"Divani modulari",,,,,Array,,,
10744,22439086,88,107440,"web divano 2p pen sx 220x168x79h tes vougue 16 grigio scuro",POLVEND3,ONE,"DALE' F.LLI SRL",DALE01,"DALE' F.LLI SRL",DALE01,836.07.00,403,836.07.00,836.07.00,22,,Riferimento,1,,0,0,0,0,0,0,0,,0,0,,3000-12-31T00:00:00,2023-04-18T12:00:59.997,2,"DIVANI E POLTRONE",13,"Divani modulari",,,,,Array,,,
10745,22439093,88,107457,"web divano 2p pen sx 220x168x79h tes vougue 17 nero",POLVEND3,ONE,"DALE' F.LLI SRL",DALE01,"DALE' F.LLI SRL",DALE01,836.07.00,403,836.07.00,836.07.00,22,,Riferimento,1,,0,0,0,0,0,0,0,,0,0,,3000-12-31T00:00:00,2023-04-18T12:00:59.997,2,"DIVANI E POLTRONE",13,"Divani modulari",,,,,Array,,,
10746,22439291,88,107464,"web divano 3p pen sx 300x168x79h tes vougue 11 verde",POLVEND3,ONE,"DALE' F.LLI SRL",DALE01,"DALE' F.LLI SRL",DALE01,1082.37.00,525,1082.37.00,1082.37.00,22,,Riferimento,1,,0,0,0,0,0,0,0,,0,0,,3000-12-31T00:00:00,2023-04-18T12:01:00.013,2,"DIVANI E POLTRONE",13,"Divani modulari",,,,,Array,,,
10747,22439345,88,107471,"web divano 3p pen sx 300x168x79h tes vougue 3 beige",POLVEND3,ONE,"DALE' F.LLI SRL",DALE01,"DALE' F.LLI SRL",DALE01,1082.37.00,525,1082.37.00,1082.37.00,22,,Riferimento,1,,0,0,0,0,0,0,0,,0,0,,3000-12-31T00:00:00,2023-04-18T12:01:00.03,2,"DIVANI E POLTRONE",13,"Divani modulari",,,,,Array,,,
10748,22443557,88,107488,"web poltrona letto (mat.70) 130x95h85 04 tortora",POLVEND3,IVO,"DALE' F.LLI SRL",DALE01,"DALE' F.LLI SRL",DALE01,811.48.00,390,811.48.00,811.48.00,22,,Riferimento,1,,0,0,0,0,0,0,0,,0,0,,3000-12-31T00:00:00,2023-04-18T12:01:00.03,2,"DIVANI E POLTRONE",11,Poltrone,,,,,Array,,,
10749,22443595,88,107495,"web poltrona letto (mat.70) 130x95h85 25 bianco",POLVEND3,IVO,"DALE' F.LLI SRL",DALE01,"DALE' F.LLI SRL",DALE01,811.48.00,390,811.48.00,811.48.00,22,,Riferimento,1,,0,0,0,0,0,0,0,,0,0,,3000-12-31T00:00:00,2023-04-18T12:01:00.03,2,"DIVANI E POLTRONE",11,Poltrone,,,,,Array,,,
10750,22444011,88,107501,"web divano letto 2p (mat.140) 180x95h85 17 nero",POLVEND3,SLEEM,"DALE' F.LLI SRL",DALE01,"DALE' F.LLI SRL",DALE01,902.04.00,430,902.04.00,902.04.00,22,,Riferimento,1,,0,0,0,0,0,0,0,,0,0,,3000-12-31T00:00:00,2023-04-18T12:01:00.03,2,"DIVANI E POLTRONE",14,"Divani letto",,,,,Array,,,
10751,22444080,88,107518,"web divano letto 3p (mat.160) 200x95 h85 16 grig scuro",POLVEND3,SLEEM,"DALE' F.LLI SRL",DALE01,"DALE' F.LLI SRL",DALE01,902.04.00,440,902.04.00,902.04.00,22,,Riferimento,1,,0,0,0,0,0,0,0,,0,0,,3000-12-31T00:00:00,2023-04-18T12:01:00.043,2,"DIVANI E POLTRONE",14,"Divani letto",,,,,Array,,,
10752,22444271,88,107525,"web divano letto 3p (mat.160) 206x95h85 06 marrone",POLVEND3,FREUD,"DALE' F.LLI SRL",DALE01,"DALE' F.LLI SRL",DALE01,1024.59.00,490,1024.59.00,1024.59.00,22,,Riferimento,1,,0,0,0,0,0,0,0,,0,0,,3000-12-31T00:00:00,2023-04-18T12:01:00.043,2,"DIVANI E POLTRONE",14,"Divani letto",,,,,Array,,,
10753,22444349,88,107532,"web divano letto 1p1/2 (mat.120) 180x95h85 03 beige",POLVEND3,PIPER,"DALE' F.LLI SRL",DALE01,"DALE' F.LLI SRL",DALE01,926.23.00,445,926.23.00,926.23.00,22,,Riferimento,1,,0,0,0,0,0,0,0,,0,0,,3000-12-31T00:00:00,2023-04-18T12:01:00.043,2,"DIVANI E POLTRONE",14,"Divani letto",,,,,Array,,,
10754,22444561,88,107549,"web divano letto 3p (mat.160) 220x95h85 16 grig scuro",POLVEND3,PIPER,"DALE' F.LLI SRL",DALE01,"DALE' F.LLI SRL",DALE01,975.41.00,465,975.41.00,975.41.00,22,,Riferimento,1,,0,0,0,0,0,0,0,,0,0,,3000-12-31T00:00:00,2023-04-18T12:01:00.06,2,"DIVANI E POLTRONE",14,"Divani letto",,,,,Array,,,
10755,22444592,88,107556,"web letto matrimoniale c/contenitore l190x215h108 06 marrone",POLVEND3,ABBEY,"DALE' F.LLI SRL",DALE01,"DALE' F.LLI SRL",DALE01,676.23.00,318,676.23.00,676.23.00,22,,Riferimento,1,,0,0,0,0,0,0,0,,0,0,,3000-12-31T00:00:00,2023-04-18T12:01:00.06,3,CAMERE,11,Letti,,,,,Array,,,
10756,22444790,88,107563,"web slim letto king size l210x235 h118 28 blu",POLVEND3,ELODIE,"DALE' F.LLI SRL",DALE01,"DALE' F.LLI SRL",DALE01,869.25.00,401,869.25.00,869.25.00,22,,Riferimento,1,,0,0,0,0,0,0,0,,0,0,,3000-12-31T00:00:00,2023-04-18T12:01:00.06,3,CAMERE,11,Letti,,,,,Array,,,
10757,22444820,88,107570,"web slim letto matrimoniale l190x225 h118 01 beige",POLVEND3,ELODIE,"DALE' F.LLI SRL",DALE01,"DALE' F.LLI SRL",DALE01,770.49.00,357,770.49.00,770.49.00,22,,Riferimento,1,,0,0,0,0,0,0,0,,0,0,,3000-12-31T00:00:00,2023-04-18T12:01:00.077,3,CAMERE,11,Letti,,,,,Array,,,
10758,22444844,88,107587,"web slim letto matrimoniale l190x225 h118 10 verde",POLVEND3,ELODIE,"DALE' F.LLI SRL",DALE01,"DALE' F.LLI SRL",DALE01,770.49.00,357,770.49.00,770.49.00,22,,Riferimento,1,,0,0,0,0,0,0,0,,0,0,,3000-12-31T00:00:00,2023-04-18T12:01:00.077,3,CAMERE,11,Letti,,,,,Array,,,
10759,22444851,88,107594,"web slim letto matrimoniale l190x225 h118 28 blu",POLVEND3,ELODIE,"DALE' F.LLI SRL",DALE01,"DALE' F.LLI SRL",DALE01,770.49.00,357,770.49.00,770.49.00,22,,Riferimento,1,,0,0,0,0,0,0,0,,0,0,,3000-12-31T00:00:00,2023-04-18T12:01:00.077,3,CAMERE,11,Letti,,,,,Array,,,
10760,22444868,88,107600,"web slim letto matrimoniale l190x225 h118 21 grigio",POLVEND3,ELODIE,"DALE' F.LLI SRL",DALE01,"DALE' F.LLI SRL",DALE01,770.49.00,357,770.49.00,770.49.00,22,,Riferimento,1,,0,0,0,0,0,0,0,,0,0,,3000-12-31T00:00:00,2023-04-18T12:01:01.64,3,CAMERE,11,Letti,,,,,Array,,,
10761,22444882,88,107617,"web slim letto 1p1/2 l150x225 h118 01 beige",POLVEND3,ELODIE,"DALE' F.LLI SRL",DALE01,"DALE' F.LLI SRL",DALE01,688.52.00,318,688.52.00,688.52.00,22,,Riferimento,1,,0,0,0,0,0,0,0,,0,0,,3000-12-31T00:00:00,2023-04-18T12:01:01.653,3,CAMERE,11,Letti,,,,,Array,,,
10762,22444899,88,107624,"web slim letto 1p1/2 l150x225 h118 08 tortora",POLVEND3,ELODIE,"DALE' F.LLI SRL",DALE01,"DALE' F.LLI SRL",DALE01,688.52.00,318,688.52.00,688.52.00,22,,Riferimento,1,,0,0,0,0,0,0,0,,0,0,,3000-12-31T00:00:00,2023-04-18T12:01:01.67,3,CAMERE,11,Letti,,,,,Array,,,
10763,22444936,88,107631,"web slim letto 1p1/2 l150x225 h118 24 grigio scuro",POLVEND3,ELODIE,"DALE' F.LLI SRL",DALE01,"DALE' F.LLI SRL",DALE01,688.52.00,318,688.52.00,688.52.00,22,,Riferimento,1,,0,0,0,0,0,0,0,,0,0,,3000-12-31T00:00:00,2023-04-18T12:01:01.67,3,CAMERE,11,Letti,,,,,Array,,,
10764,22445001,88,107648,"web letto king size c/contenitore telaio l205x230 h82 01 beige",POLVEND3,PARK,"DALE' F.LLI SRL",DALE01,"DALE' F.LLI SRL",DALE01,1033.19.00,485,1033.19.00,1033.19.00,22,,Riferimento,1,,0,0,0,0,0,0,0,,0,0,,3000-12-31T00:00:00,2023-04-18T12:01:01.687,3,CAMERE,11,Letti,,,,,Array,,,
10765,22445179,88,107655,"web letto 1p1/2 c/cont dop.telaio l145x220h82 24 gri sc",POLVEND3,PARK,"DALE' F.LLI SRL",DALE01,"DALE' F.LLI SRL",DALE01,795.08.00,375,795.08.00,795.08.00,22,,Riferimento,1,,0,0,0,0,0,0,0,,0,0,,3000-12-31T00:00:00,2023-04-18T12:01:01.687,3,CAMERE,11,Letti,,,,,Array,,,
10766,22445209,88,107662,"web letto singolo c/cont dop.telaio l105x220h82 10 verde",POLVEND3,PARK,"DALE' F.LLI SRL",DALE01,"DALE' F.LLI SRL",DALE01,688.52.00,324,688.52.00,688.52.00,22,,Riferimento,1,,0,0,0,0,0,0,0,,0,0,,3000-12-31T00:00:00,2023-04-18T12:01:01.687,3,CAMERE,11,Letti,,,,,Array,,,
10767,22445261,88,107679,"web tes.alta l.to kingsize l205x230h110 10 verde",POLVEND3,PARK-AIR,"DALE' F.LLI SRL",DALE01,"DALE' F.LLI SRL",DALE01,1082.37.00,507,1082.37.00,1082.37.00,22,,Riferimento,1,,0,0,0,0,0,0,0,,0,0,,3000-12-31T00:00:00,2023-04-18T12:01:01.7,3,CAMERE,11,Letti,,,,,Array,,,
10768,22445407,88,107686,"web tes.alta l.1p1/2 c/contenitore l145x220h110 21 grigi",POLVEND3,PARK-AIR,"DALE' F.LLI SRL",DALE01,"DALE' F.LLI SRL",DALE01,811.48.00,383,811.48.00,811.48.00,22,,Riferimento,1,,0,0,0,0,0,0,0,,0,0,,3000-12-31T00:00:00,2023-04-18T12:01:01.7,3,CAMERE,11,Letti,,,,,Array,,,
10769,22445575,88,107693,"web letto francese c/contenitore l155x205h105 13 blu",POLVEND3,DREAM,"DALE' F.LLI SRL",DALE01,"DALE' F.LLI SRL",DALE01,451.22.00,247,451.22.00,451.22.00,22,,Riferimento,1,,0,0,0,0,0,0,0,,0,0,,3000-12-31T00:00:00,2023-04-18T12:01:01.7,3,CAMERE,11,Letti,,,,,Array,,,
10770,22445773,88,107709,"web slim letto king size l200x230h110 19 grigio scuro",POLVEND3,ROGER,"DALE' F.LLI SRL",DALE01,"DALE' F.LLI SRL",DALE01,795.08.00,374,795.08.00,795.08.00,22,,Riferimento,1,,0,0,0,0,0,0,0,,0,0,,3000-12-31T00:00:00,2023-04-18T12:01:01.717,3,CAMERE,11,Letti,,,,,Array,,,
10771,22445957,88,107716,"web slim letto singolo l100x220h110 19 grigio scuro",POLVEND3,ROGER,"DALE' F.LLI SRL",DALE01,"DALE' F.LLI SRL",DALE01,549.18.00,257,549.18.00,549.18.00,22,,Riferimento,1,,0,0,0,0,0,0,0,,0,0,,3000-12-31T00:00:00,2023-04-18T12:01:01.717,3,CAMERE,11,Letti,,,,,Array,,,
10772,22445964,88,107723,"web letto king size slim l205x230h88 03 beige",POLVEND3,FELIZ,"DALE' F.LLI SRL",DALE01,"DALE' F.LLI SRL",DALE01,779.09.00,336,779.09.00,779.09.00,22,,Riferimento,1,,0,0,0,0,0,0,0,,0,0,,3000-12-31T00:00:00,2023-04-18T12:01:01.717,3,CAMERE,11,Letti,,,,,Array,,,
10773,22446176,88,107730,"web letto singolo slim l105x220h88 13 petrolio",POLVEND3,FELIZ,"DALE' F.LLI SRL",DALE01,"DALE' F.LLI SRL",DALE01,508.2,221,508.2,508.2,22,,Riferimento,1,,0,0,0,0,0,0,0,,0,0,,3000-12-31T00:00:00,2023-04-18T12:01:01.733,3,CAMERE,11,Letti,,,,,Array,,,
10774,22446305,88,107747,"web letto 1p1/2 c/contenitore l150x225h118 21 grigio",POLVEND3,ADONE,"DALE' F.LLI SRL",DALE01,"DALE' F.LLI SRL",DALE01,844.26.00,396,844.26.00,844.26.00,22,,Riferimento,1,,0,0,0,0,0,0,0,,0,0,,3000-12-31T00:00:00,2023-04-18T12:01:01.733,3,CAMERE,11,Letti,,,,,Array,,,
10775,22446367,88,107754,"web letto singolo c/cont l130x225h118 21 grigio",POLVEND3,ADONE,"DALE' F.LLI SRL",DALE01,"DALE' F.LLI SRL",DALE01,713.11.00,334,713.11.00,713.11.00,22,,Riferimento,1,,0,0,0,0,0,0,0,,0,0,,3000-12-31T00:00:00,2023-04-18T12:01:01.733,3,CAMERE,11,Letti,,,,,Array,,,
10776,22446398,88,107761,"web letto king size c/contenitore l200x230h105 05 tortora",POLVEND3,GREY,"DALE' F.LLI SRL",DALE01,"DALE' F.LLI SRL",DALE01,1115.15.00,524,1115.15.00,1115.15.00,22,,Riferimento,1,,0,0,0,0,0,0,0,,0,0,,3000-12-31T00:00:00,2023-04-18T12:01:01.747,3,CAMERE,11,Letti,,,,,Array,,,
10777,22446503,88,107778,"web letto 1p1/2 c/contenitore l140x220 h105 17 bianco",POLVEND3,GREY,"DALE' F.LLI SRL",DALE01,"DALE' F.LLI SRL",DALE01,861.06.00,399,861.06.00,861.06.00,22,,Riferimento,1,,0,0,0,0,0,0,0,,0,0,,3000-12-31T00:00:00,2023-04-18T12:01:01.747,3,CAMERE,11,Letti,,,,,Array,,,
10778,22446541,88,107785,"web letto 1p1/2 c/contenitore l140x220 h105 19 grigio",POLVEND3,GREY,"DALE' F.LLI SRL",DALE01,"DALE' F.LLI SRL",DALE01,861.06.00,399,861.06.00,861.06.00,22,,Riferimento,1,,0,0,0,0,0,0,0,,0,0,,3000-12-31T00:00:00,2023-04-18T12:01:01.763,3,CAMERE,11,Letti,,,,,Array,,,
10779,22446558,88,107792,"web letto 1p1/2 c/contenitore l140x220 h105 22 nero",POLVEND3,GREY,"DALE' F.LLI SRL",DALE01,"DALE' F.LLI SRL",DALE01,861.06.00,399,861.06.00,861.06.00,22,,Riferimento,1,,0,0,0,0,0,0,0,,0,0,,3000-12-31T00:00:00,2023-04-18T12:01:01.763,3,CAMERE,11,Letti,,,,,Array,,,
10780,22446633,88,107808,"web letto matrimoniale c/contenitore l190x215h105 08 tortora",POLVEND3,INEMURY,"DALE' F.LLI SRL",DALE01,"DALE' F.LLI SRL",DALE01,688.52.00,312,688.52.00,688.52.00,22,,Riferimento,1,,0,0,0,0,0,0,0,,0,0,,3000-12-31T00:00:00,2023-04-18T12:01:01.763,3,CAMERE,11,Letti,,,,,Array,,,
10784,20914462,0,107846,"materasso matrimoniale in memory foam 160x190xh21 (arrotolato)",POLVEND2,SARGAS,"DALE' F.LLI SRL",DALE01,"DALE' F.LLI SRL",DALE01,348.36.00,170,348.36.00,348.36.00,22,,Stock,1,,0,0,0,0,0,0,0,,0,0,,3000-12-31T00:00:00,2023-04-18T12:01:01.797,3,CAMERE,12,Materassi,,,,,Array,,,
10792,20914455,0,107921,"materasso 1 piazza 1/2 in memory foam 120x190xh21 (arrotolato)",POLVEND2,SARGAS,"DALE' F.LLI SRL",DALE01,"DALE' F.LLI SRL",DALE01,287.29.00,128,287.29.00,287.29.00,22,,Stock,1,,0,0,0,0,0,0,0,,0,0,,3000-12-31T00:00:00,2023-04-18T12:01:01.843,3,CAMERE,12,Materassi,,,,,Array,,,
10867,22002761,88,108676,"materasso matrimoniale 160x190 h23 ortop.molle non sfoder",POLVEND3,ARSENE,"DALE' F.LLI SRL",DALE01,"DALE' F.LLI SRL",DALE01,344.26.00,164,344.26.00,344.26.00,22,,Riferimento,1,,0,0,0,0,0,0,0,,0,0,,3000-12-31T00:00:00,2023-04-18T12:01:05.937,3,CAMERE,12,Materassi,,,,,Array,,,
10869,22002815,88,108690,"materasso 1 piazza 1/2 120x190 h23 ortop.molle memory h2 non sfoder",POLVEND3,ARSENE-PLUS,"DALE' F.LLI SRL",DALE01,"DALE' F.LLI SRL",DALE01,279.09.00,147,279.09.00,279.09.00,22,,Riferimento,1,,0,0,0,0,0,0,0,,0,0,,3000-12-31T00:00:00,2023-04-18T12:01:05.953,3,CAMERE,12,Materassi,,,,,Array,,,
10870,22002877,88,108706,"materasso 1 piazza 1/2 120x190 h 30 superort.memory h5/minimol.insac.",POLVEND3,BAKER,"DALE' F.LLI SRL",DALE01,"DALE' F.LLI SRL",DALE01,615.15.00,309,615.15.00,615.15.00,22,,Riferimento,1,,0,0,0,0,0,0,0,,0,0,,3000-12-31T00:00:00,2023-04-18T12:01:05.97,3,CAMERE,12,Materassi,,,,,Array,,,
10943,20914493,88,109437,"materasso matrimoniale in memory+gel 160x190xh27 (arrotolato)",POLVEND3,RIGEL,"DALE' F.LLI SRL",DALE01,"DALE' F.LLI SRL",DALE01,352.46.00,192,352.46.00,352.46.00,22,,Riferimento,1,,0,0,0,0,0,0,0,,0,0,,3000-12-31T00:00:00,2023-04-18T12:01:08.173,3,CAMERE,12,Materassi,,,,,Array,,,
11004,22002808,88,110044,"materasso singolo 80x190 h23 ortop.molle memory h2 non sfoder",POLVEND3,ARSENE-PLUS,"DALE' F.LLI SRL",DALE01,"DALE' F.LLI SRL",DALE01,197.12.00,98,197.12.00,197.12.00,22,,Riferimento,1,,0,0,0,0,0,0,0,,0,0,,3000-12-31T00:00:00,2023-04-18T12:01:10.343,3,CAMERE,12,Materassi,,,,,Array,,,
11100,21504457,88,111003,"rete 160x190 ortopedic a c/doghe larghe",POLVEND3,LARGE,"DALE' F.LLI SRL",DALE01,"DALE' F.LLI SRL",DALE01,122.13.00,73,122.13.00,122.13.00,22,,Riferimento,1,,0,0,0,0,0,0,0,,0,0,,3000-12-31T00:00:00,2023-04-18T12:01:14.22,3,CAMERE,18,Reti,,,,,Array,,,
11151,22002945,88,111515,"materasso matrimoniale 160x190 h27 molle insacchettate sfoderabile",POLVEND3,MORGAN,"DALE' F.LLI SRL",DALE01,"DALE' F.LLI SRL",DALE01,737.7,382,737.7,737.7,22,,Riferimento,1,,0,0,0,0,0,0,0,,0,0,,3000-12-31T00:00:00,2023-04-18T12:01:16.283,3,CAMERE,12,Materassi,,,,,Array,,,
11245,21678370,88,112451,"materasso singolo in memory foam 80x190xh21 (arrotolato)",POLVEND3,SARGAS,"DALE' F.LLI SRL",DALE01,"DALE' F.LLI SRL",DALE01,237.7,85,237.7,237.7,22,,Riferimento,1,,0,0,0,0,0,0,0,,0,0,,3000-12-31T00:00:00,2023-04-18T12:01:20.22,3,CAMERE,12,Materassi,,,,,Array,,,
11296,22002754,88,112963,"materasso 1 piazza 1/2 120x190 h23 ortop.molle non sfoder",POLVEND3,ARSENE,"DALE' F.LLI SRL",DALE01,"DALE' F.LLI SRL",DALE01,262.3,123,262.3,262.3,22,,Riferimento,1,,0,0,0,0,0,0,0,,0,0,,3000-12-31T00:00:00,2023-04-18T12:01:22.16,3,CAMERE,12,Materassi,,,,,Array,,,
11297,22002860,88,112970,"materasso singolo 80x190 h30 superort.memory h5/minimol.insac.",POLVEND3,BAKER,"DALE' F.LLI SRL",DALE01,"DALE' F.LLI SRL",DALE01,426.23.00,206,426.23.00,426.23.00,22,,Riferimento,1,,0,0,0,0,0,0,0,,0,0,,3000-12-31T00:00:00,2023-04-18T12:01:22.173,3,CAMERE,12,Materassi,,,,,Array,,,
11299,22002921,88,112994,"materasso singolo 80x190 h27 molle insacchettate sfoderabile",POLVEND3,MORGAN,"DALE' F.LLI SRL",DALE01,"DALE' F.LLI SRL",DALE01,393.44.00,191,393.44.00,393.44.00,22,,Riferimento,1,,0,0,0,0,0,0,0,,0,0,,3000-12-31T00:00:00,2023-04-18T12:01:22.19,3,CAMERE,12,Materassi,,,,,Array,,,
11389,20914479,88,113892,"materasso singolo in memory+gel 80x190xh27 (arrotolato)",POLVEND3,RIGEL,"DALE' F.LLI SRL",DALE01,"DALE' F.LLI SRL",DALE01,172.13.00,96,172.13.00,172.13.00,22,,Riferimento,1,,0,0,0,0,0,0,0,,0,0,,3000-12-31T00:00:00,2023-04-18T12:01:26.003,3,CAMERE,12,Materassi,,,,,Array,,,
11390,20914486,88,113908,"materasso 1 piazza 1/2 in memory+gel 120x190xh27 (arrotolato)",POLVEND3,RIGEL,"DALE' F.LLI SRL",DALE01,"DALE' F.LLI SRL",DALE01,262.3,144,262.3,262.3,22,,Riferimento,1,,0,0,0,0,0,0,0,,0,0,,3000-12-31T00:00:00,2023-04-18T12:01:26.02,3,CAMERE,12,Materassi,,,,,Array,,,
11444,22002822,88,114448,"materasso matrimoniale 160x190 h23 ortop.molle memory h2 non sfoder",POLVEND3,ARSENE-PLUS,"DALE' F.LLI SRL",DALE01,"DALE' F.LLI SRL",DALE01,389.34.00,196,389.34.00,389.34.00,22,,Riferimento,1,,0,0,0,0,0,0,0,,0,0,,3000-12-31T00:00:00,2023-04-18T12:01:28.053,3,CAMERE,12,Materassi,,,,,Array,,,
11447,22002938,88,114479,"materasso 1 piazza 1/2 120x190 h27 molle insacchettate sfoderabile",POLVEND3,MORGAN,"DALE' F.LLI SRL",DALE01,"DALE' F.LLI SRL",DALE01,565.57.00,287,565.57.00,565.57.00,22,,Riferimento,1,,0,0,0,0,0,0,0,,0,0,,3000-12-31T00:00:00,2023-04-18T12:01:28.087,3,CAMERE,12,Materassi,,,,,Array,,,
11526,21504464,88,115261,"rete 80x190 7doghe larghe",POLVEND3,LARGE,"DALE' F.LLI SRL",DALE01,"DALE' F.LLI SRL",DALE01,73.35.00,42,73.35.00,73.35.00,22,,Riferimento,1,,0,0,0,0,0,0,0,,0,0,,3000-12-31T00:00:00,2023-04-18T12:01:31.913,3,CAMERE,18,Reti,,,,,Array,,,
11565,22002884,88,115650,"materasso matrimoniale 160x190 h30 superort.memory h5/minimol.insac.",POLVEND3,BAKER,"DALE' F.LLI SRL",DALE01,"DALE' F.LLI SRL",DALE01,779.09.00,412,779.09.00,779.09.00,22,,Riferimento,1,,0,0,0,0,0,0,0,,0,0,,3000-12-31T00:00:00,2023-04-18T12:01:33.9,3,CAMERE,12,Materassi,,,,,Array,,,
11858,21504471,88,118583,"rete 120x190 7doghe larghe",POLVEND3,LARGE,"DALE' F.LLI SRL",DALE01,"DALE' F.LLI SRL",DALE01,89.34.00,56,89.34.00,89.34.00,22,,Riferimento,1,,0,0,0,0,0,0,0,,0,0,,3000-12-31T00:00:00,2023-04-18T12:01:43.643,3,CAMERE,18,Reti,,,,,Array,,,
11860,21678349,88,118606,"materasso singolo super ortopedico 80x190xh26",POLVEND3,AVIOR,"DALE' F.LLI SRL",DALE01,"DALE' F.LLI SRL",DALE01,221.31.00,104,221.31.00,221.31.00,22,,Riferimento,1,,0,0,0,0,0,0,0,,0,0,,3000-12-31T00:00:00,2023-04-18T12:01:45.27,3,CAMERE,12,Materassi,,,,,Array,,,
11910,22002747,88,119108,"materasso singolo 80x190 h23 ortop.molle non sfoder",POLVEND3,ARSENE,"DALE' F.LLI SRL",DALE01,"DALE' F.LLI SRL",DALE01,164.33.00,82,164.33.00,164.33.00,22,,Riferimento,1,,0,0,0,0,0,0,0,,0,0,,3000-12-31T00:00:00,2023-04-18T12:01:47.253,3,CAMERE,12,Materassi,,,,,Array,,,
12015,20914554,0,120159,"materasso matrimoniale super ortopedico 160x190xh26",POLVEND2,AVIOR,"DALE' F.LLI SRL",DALE01,"DALE' F.LLI SRL",DALE01,426.23.00,208,426.23.00,426.23.00,22,,Stock,1,,0,0,0,0,0,0,0,,0,0,,3000-12-31T00:00:00,2023-04-18T12:01:51.137,3,CAMERE,12,Materassi,,,,,Array,,,
12023,31100915,88,120234,"rete 80x190 ortopedica c/doghe faggio/nero",POLVEND3,REGINA,"DALE' F.LLI SRL",DALE01,"DALE' F.LLI SRL",DALE01,56.56.00,36,56.56.00,56.56.00,22,,Riferimento,1,,0,0,0,0,0,0,0,,0,0,,3000-12-31T00:00:00,2023-04-18T12:01:51.213,3,CAMERE,18,Reti,,,"UTILE & UTILE",,Array,,,
12027,31101318,88,120272,"rete 180x200 ortopedica c/doghe",POLVEND3,REGINA,"DALE' F.LLI SRL",DALE01,"DALE' F.LLI SRL",DALE01,106.14.00,67,106.14.00,106.14.00,22,,Riferimento,1,,0,0,0,0,0,0,0,,0,0,,3000-12-31T00:00:00,2023-04-18T12:01:51.243,3,CAMERE,18,Reti,,,"UTILE & UTILE",,Array,,,
12030,31101714,88,120302,"rete 120x190 ortopedica c/doghe faggio/nero",POLVEND3,REGINA,"DALE' F.LLI SRL",DALE01,"DALE' F.LLI SRL",DALE01,81.15.00,52,81.15.00,81.15.00,22,,Riferimento,1,,0,0,0,0,0,0,0,,0,0,,3000-12-31T00:00:00,2023-04-18T12:01:51.26,3,CAMERE,18,Reti,,,"UTILE & UTILE",,Array,,,
12032,50221929,88,120326,"rete 160x190 ortopedica c/doghe faggio/nero",POLVEND3,REGINA,"DALE' F.LLI SRL",DALE01,"DALE' F.LLI SRL",DALE01,102.46.00,65,102.46.00,102.46.00,22,,Riferimento,1,,0,0,0,0,0,0,0,,0,0,,3000-12-31T00:00:00,2023-04-18T12:01:51.277,3,CAMERE,18,Reti,,,"UTILE & UTILE",,Array,,,
12574,22442444,88,125741,"divano 2p sx/rec.dx 286x172h70 piede nero g052 nero",POLVEND3,MAYA,"DESIGNWERK AG",DESI17,"DESIGNWERK AG",DESI17,2195.9,1080,2195.9,2195.9,22,,Riferimento,1,,0,0,0,0,0,0,0,,0,0,,3000-12-31T00:00:00,2023-04-18T12:46:25.407,2,"DIVANI E POLTRONE",13,"Divani modulari",,,ICON,,Array,,,
12575,22442499,88,125758,"divano 2p sx/rec.dx 286x172h70 piede nero g057 bianco",POLVEND3,MAYA,"DESIGNWERK AG",DESI17,"DESIGNWERK AG",DESI17,2195.9,1080,2195.9,2195.9,22,,Riferimento,1,,0,0,0,0,0,0,0,,0,0,,3000-12-31T00:00:00,2023-04-18T12:46:25.423,2,"DIVANI E POLTRONE",13,"Divani modulari",,,ICON,,Array,,,
12576,22442468,88,125765,"divano 2p sx/rec.dx 286x172h70 piede nero g059 marrone",POLVEND3,MAYA,"DESIGNWERK AG",DESI17,"DESIGNWERK AG",DESI17,2195.9,1080,2195.9,2195.9,22,,Riferimento,1,,0,0,0,0,0,0,0,,0,0,,3000-12-31T00:00:00,2023-04-18T12:46:25.44,2,"DIVANI E POLTRONE",13,"Divani modulari",,,ICON,,Array,,,
12577,22442475,88,125772,"divano 2p sx/rec.dx 286x172h70 piede nero g063 petrolio",POLVEND3,MAYA,"DESIGNWERK AG",DESI17,"DESIGNWERK AG",DESI17,2195.9,1080,2195.9,2195.9,22,,Riferimento,1,,0,0,0,0,0,0,0,,0,0,,3000-12-31T00:00:00,2023-04-18T12:46:25.44,2,"DIVANI E POLTRONE",13,"Divani modulari",,,ICON,,Array,,,
12578,22442482,88,125789,"divano 2p sx/rec.dx 286x172h70 piede nero g069 grig ch.",POLVEND3,MAYA,"DESIGNWERK AG",DESI17,"DESIGNWERK AG",DESI17,2195.9,1080,2195.9,2195.9,22,,Riferimento,1,,0,0,0,0,0,0,0,,0,0,,3000-12-31T00:00:00,2023-04-18T12:46:25.453,2,"DIVANI E POLTRONE",13,"Divani modulari",,,ICON,,Array,,,
12579,22442451,88,125796,"divano 2p sx/rec.dx 286x172h70 piede nero g070 grigio",POLVEND3,MAYA,"DESIGNWERK AG",DESI17,"DESIGNWERK AG",DESI17,2195.9,1080,2195.9,2195.9,22,,Riferimento,1,,0,0,0,0,0,0,0,,0,0,,3000-12-31T00:00:00,2023-04-18T12:46:25.453,2,"DIVANI E POLTRONE",13,"Divani modulari",,,ICON,,Array,,,
12580,22442031,88,125802,"divano 2,5p 232x100h85 piede nero cucit cont.beige v007",POLVEND3,BROOKLYN,"DESIGNWERK AG",DESI17,"DESIGNWERK AG",DESI17,1286.07.00,631,1286.07.00,1286.07.00,22,,Riferimento,1,,0,0,0,0,0,0,0,,0,0,,3000-12-31T00:00:00,2023-04-18T12:46:25.47,2,"DIVANI E POLTRONE",12,Divani,,,BASIC,,Array,,,
12581,22442079,88,125819,"divano 2,5p 232x100h85 piede nero cucit cont.giallo v013",POLVEND3,BROOKLYN,"DESIGNWERK AG",DESI17,"DESIGNWERK AG",DESI17,1286.07.00,631,1286.07.00,1286.07.00,22,,Riferimento,1,,0,0,0,0,0,0,0,,0,0,,3000-12-31T00:00:00,2023-04-18T12:46:25.487,2,"DIVANI E POLTRONE",12,Divani,,,BASIC,,Array,,,
12582,22442055,88,125826,"divano 2,5p 232x100h85 piede nero cucit cont.grigio v011",POLVEND3,BROOKLYN,"DESIGNWERK AG",DESI17,"DESIGNWERK AG",DESI17,1286.07.00,631,1286.07.00,1286.07.00,22,,Riferimento,1,,0,0,0,0,0,0,0,,0,0,,3000-12-31T00:00:00,2023-04-18T12:46:25.487,2,"DIVANI E POLTRONE",12,Divani,,,BASIC,,Array,,,
12583,22442024,88,125833,"divano 2,5p 232x100h85 piede nero cucit cont.marron v003",POLVEND3,BROOKLYN,"DESIGNWERK AG",DESI17,"DESIGNWERK AG",DESI17,1286.07.00,631,1286.07.00,1286.07.00,22,,Riferimento,1,,0,0,0,0,0,0,0,,0,0,,3000-12-31T00:00:00,2023-04-18T12:46:25.5,2,"DIVANI E POLTRONE",12,Divani,,,BASIC,,Array,,,
12584,22442062,88,125840,"divano 2,5p 232x100h85 piede nero cucit cont.nero v012",POLVEND3,BROOKLYN,"DESIGNWERK AG",DESI17,"DESIGNWERK AG",DESI17,1286.07.00,631,1286.07.00,1286.07.00,22,,Riferimento,1,,0,0,0,0,0,0,0,,0,0,,3000-12-31T00:00:00,2023-04-18T12:46:25.5,2,"DIVANI E POLTRONE",12,Divani,,,BASIC,,Array,,,
12585,22442048,88,125857,"divano 2,5p 232x100h85 piede nero cucit cont.tortor v009",POLVEND3,BROOKLYN,"DESIGNWERK AG",DESI17,"DESIGNWERK AG",DESI17,1286.07.00,631,1286.07.00,1286.07.00,22,,Riferimento,1,,0,0,0,0,0,0,0,,0,0,,3000-12-31T00:00:00,2023-04-18T12:46:25.517,2,"DIVANI E POLTRONE",12,Divani,,,BASIC,,Array,,,
12586,22442154,88,125864,"divano 2,5p/recdx 324x162h85 piede nero cucit cont.beige v007",POLVEND3,BROOKLYN,"DESIGNWERK AG",DESI17,"DESIGNWERK AG",DESI17,2081.15.00,1023,2081.15.00,2081.15.00,22,,Riferimento,1,,0,0,0,0,0,0,0,,0,0,,3000-12-31T00:00:00,2023-04-18T12:46:25.517,2,"DIVANI E POLTRONE",13,"Divani modulari",,,BASIC,,Array,,,
12587,22442192,88,125871,"divano 2,5p/recdx 324x162h85 piede nero cucit cont.giallo v013",POLVEND3,BROOKLYN,"DESIGNWERK AG",DESI17,"DESIGNWERK AG",DESI17,2081.15.00,1023,2081.15.00,2081.15.00,22,,Riferimento,1,,0,0,0,0,0,0,0,,0,0,,3000-12-31T00:00:00,2023-04-18T12:46:25.533,2,"DIVANI E POLTRONE",13,"Divani modulari",,,BASIC,,Array,,,
12588,22442178,88,125888,"divano 2,5p/recdx 324x162h85 piede nero cucit cont.grigio v011",POLVEND3,BROOKLYN,"DESIGNWERK AG",DESI17,"DESIGNWERK AG",DESI17,2081.15.00,1023,2081.15.00,2081.15.00,22,,Riferimento,1,,0,0,0,0,0,0,0,,0,0,,3000-12-31T00:00:00,2023-04-18T12:46:25.533,2,"DIVANI E POLTRONE",13,"Divani modulari",,,BASIC,,Array,,,
12589,22442147,88,125895,"divano 2,5p/recdx 324x162h85 piede nero cucit cont.marrone v003",POLVEND3,BROOKLYN,"DESIGNWERK AG",DESI17,"DESIGNWERK AG",DESI17,2081.15.00,1023,2081.15.00,2081.15.00,22,,Riferimento,1,,0,0,0,0,0,0,0,,0,0,,3000-12-31T00:00:00,2023-04-18T12:46:25.533,2,"DIVANI E POLTRONE",13,"Divani modulari",,,BASIC,,Array,,,
12590,22442185,88,125901,"divano 2,5p/recdx 324x162h85 piede nero cucit cont.nero v012",POLVEND3,BROOKLYN,"DESIGNWERK AG",DESI17,"DESIGNWERK AG",DESI17,2081.15.00,1023,2081.15.00,2081.15.00,22,,Riferimento,1,,0,0,0,0,0,0,0,,0,0,,3000-12-31T00:00:00,2023-04-18T12:46:25.547,2,"DIVANI E POLTRONE",13,"Divani modulari",,,BASIC,,Array,,,
12591,22442161,88,125918,"divano 2,5p/recdx 324x162h85 piede nero cucit cont.tortora v009",POLVEND3,BROOKLYN,"DESIGNWERK AG",DESI17,"DESIGNWERK AG",DESI17,2081.15.00,1023,2081.15.00,2081.15.00,22,,Riferimento,1,,0,0,0,0,0,0,0,,0,0,,3000-12-31T00:00:00,2023-04-18T12:46:25.547,2,"DIVANI E POLTRONE",13,"Divani modulari",,,BASIC,,Array,,,
12592,22442628,88,125925,"divano 2p dx/elt70 rec.sx 356x172h70 piede nero g052 nero",POLVEND3,MAYA,"DESIGNWERK AG",DESI17,"DESIGNWERK AG",DESI17,2950,1453,2950,2950,22,,Riferimento,1,,0,0,0,0,0,0,0,,0,0,,3000-12-31T00:00:00,2023-04-18T12:46:25.547,2,"DIVANI E POLTRONE",13,"Divani modulari",,,ICON,,Array,,,
12593,22442673,88,125932,"divano 2p dx/elt70 rec.sx 356x172h70 piede nero g057 bianco",POLVEND3,MAYA,"DESIGNWERK AG",DESI17,"DESIGNWERK AG",DESI17,2950,1453,2950,2950,22,,Riferimento,1,,0,0,0,0,0,0,0,,0,0,,3000-12-31T00:00:00,2023-04-18T12:46:25.563,2,"DIVANI E POLTRONE",13,"Divani modulari",,,ICON,,Array,,,
12594,22442642,88,125949,"divano 2p dx/elt70 rec.sx 356x172h70 piede nero g059 marrone",POLVEND3,MAYA,"DESIGNWERK AG",DESI17,"DESIGNWERK AG",DESI17,2950,1453,2950,2950,22,,Riferimento,1,,0,0,0,0,0,0,0,,0,0,,3000-12-31T00:00:00,2023-04-18T12:46:25.563,2,"DIVANI E POLTRONE",13,"Divani modulari",,,ICON,,Array,,,
12595,22442659,88,125956,"divano 2p dx/elt70 rec.sx 356x172h70 piede nero g063 petrolio",POLVEND3,MAYA,"DESIGNWERK AG",DESI17,"DESIGNWERK AG",DESI17,2950,1453,2950,2950,22,,Riferimento,1,,0,0,0,0,0,0,0,,0,0,,3000-12-31T00:00:00,2023-04-18T12:46:25.563,2,"DIVANI E POLTRONE",13,"Divani modulari",,,ICON,,Array,,,
12596,22442666,88,125963,"divano 2p dx/elt70 rec.sx 356x172h70 piede nero g069 grig ch.",POLVEND3,MAYA,"DESIGNWERK AG",DESI17,"DESIGNWERK AG",DESI17,2950,1453,2950,2950,22,,Riferimento,1,,0,0,0,0,0,0,0,,0,0,,3000-12-31T00:00:00,2023-04-18T12:46:25.58,2,"DIVANI E POLTRONE",13,"Divani modulari",,,ICON,,Array,,,
12597,22442635,88,125970,"divano 2p dx/elt70 rec.sx 356x172h70 piede nero g070 grigio",POLVEND3,MAYA,"DESIGNWERK AG",DESI17,"DESIGNWERK AG",DESI17,2950,1453,2950,2950,22,,Riferimento,1,,0,0,0,0,0,0,0,,0,0,,3000-12-31T00:00:00,2023-04-18T12:46:25.58,2,"DIVANI E POLTRONE",13,"Divani modulari",,,ICON,,Array,,,
12598,22442505,88,125987,"divano 2p dx/rec.sx 286x172h70 piede nero g052 nero",POLVEND3,MAYA,"DESIGNWERK AG",DESI17,"DESIGNWERK AG",DESI17,2195.9,1080,2195.9,2195.9,22,,Riferimento,1,,0,0,0,0,0,0,0,,0,0,,3000-12-31T00:00:00,2023-04-18T12:46:25.58,2,"DIVANI E POLTRONE",13,"Divani modulari",,,ICON,,Array,,,
12599,22442550,88,125994,"divano 2p dx/rec.sx 286x172h70 piede nero g057 bianco",POLVEND3,MAYA,"DESIGNWERK AG",DESI17,"DESIGNWERK AG",DESI17,2195.9,1080,2195.9,2195.9,22,,Riferimento,1,,0,0,0,0,0,0,0,,0,0,,3000-12-31T00:00:00,2023-04-18T12:46:27.453,2,"DIVANI E POLTRONE",13,"Divani modulari",,,ICON,,Array,,,
12600,22442529,88,126007,"divano 2p dx/rec.sx 286x172h70 piede nero g059 marrone",POLVEND3,MAYA,"DESIGNWERK AG",DESI17,"DESIGNWERK AG",DESI17,2195.9,1080,2195.9,2195.9,22,,Riferimento,1,,0,0,0,0,0,0,0,,0,0,,3000-12-31T00:00:00,2023-04-18T12:46:27.47,2,"DIVANI E POLTRONE",13,"Divani modulari",,,ICON,,Array,,,
12601,22442536,88,126014,"divano 2p dx/rec.sx 286x172h70 piede nero g063 petrolio",POLVEND3,MAYA,"DESIGNWERK AG",DESI17,"DESIGNWERK AG",DESI17,2195.9,1080,2195.9,2195.9,22,,Riferimento,1,,0,0,0,0,0,0,0,,0,0,,3000-12-31T00:00:00,2023-04-18T12:46:27.487,2,"DIVANI E POLTRONE",13,"Divani modulari",,,ICON,,Array,,,
12602,22442543,88,126021,"divano 2p dx/rec.sx 286x172h70 piede nero g069 grig ch.",POLVEND3,MAYA,"DESIGNWERK AG",DESI17,"DESIGNWERK AG",DESI17,2195.9,1080,2195.9,2195.9,22,,Riferimento,1,,0,0,0,0,0,0,0,,0,0,,3000-12-31T00:00:00,2023-04-18T12:46:27.5,2,"DIVANI E POLTRONE",13,"Divani modulari",,,ICON,,Array,,,
12603,22442512,88,126038,"divano 2p dx/rec.sx 286x172h70 piede nero g070 grigio",POLVEND3,MAYA,"DESIGNWERK AG",DESI17,"DESIGNWERK AG",DESI17,2195.9,1080,2195.9,2195.9,22,,Riferimento,1,,0,0,0,0,0,0,0,,0,0,,3000-12-31T00:00:00,2023-04-18T12:46:27.517,2,"DIVANI E POLTRONE",13,"Divani modulari",,,ICON,,Array,,,
12604,22442567,88,126045,"divano 2p sx/elt70 rec.dx 356x172h70 piede nero g052 nero",POLVEND3,MAYA,"DESIGNWERK AG",DESI17,"DESIGNWERK AG",DESI17,2950,1453,2950,2950,22,,Riferimento,1,,0,0,0,0,0,0,0,,0,0,,3000-12-31T00:00:00,2023-04-18T12:46:27.533,2,"DIVANI E POLTRONE",13,"Divani modulari",,,ICON,,Array,,,
12605,22442611,88,126052,"divano 2p sx/elt70 rec.dx 356x172h70 piede nero g057 bianco",POLVEND3,MAYA,"DESIGNWERK AG",DESI17,"DESIGNWERK AG",DESI17,2950,1453,2950,2950,22,,Riferimento,1,,0,0,0,0,0,0,0,,0,0,,3000-12-31T00:00:00,2023-04-18T12:46:27.547,2,"DIVANI E POLTRONE",13,"Divani modulari",,,ICON,,Array,,,
12606,22442581,88,126069,"divano 2p sx/elt70 rec.dx 356x172h70 piede nero g059 marrone",POLVEND3,MAYA,"DESIGNWERK AG",DESI17,"DESIGNWERK AG",DESI17,2950,1453,2950,2950,22,,Riferimento,1,,0,0,0,0,0,0,0,,0,0,,3000-12-31T00:00:00,2023-04-18T12:46:27.58,2,"DIVANI E POLTRONE",13,"Divani modulari",,,ICON,,Array,,,
12607,22442598,88,126076,"divano 2p sx/elt70 rec.dx 356x172h70 piede nero g063 petrolio",POLVEND3,MAYA,"DESIGNWERK AG",DESI17,"DESIGNWERK AG",DESI17,2950,1453,2950,2950,22,,Riferimento,1,,0,0,0,0,0,0,0,,0,0,,3000-12-31T00:00:00,2023-04-18T12:46:27.597,2,"DIVANI E POLTRONE",13,"Divani modulari",,,ICON,,Array,,,
12608,22442604,88,126083,"divano 2p sx/elt70 rec.dx 356x172h70 piede nero g069 grig ch.",POLVEND3,MAYA,"DESIGNWERK AG",DESI17,"DESIGNWERK AG",DESI17,2950,1453,2950,2950,22,,Riferimento,1,,0,0,0,0,0,0,0,,0,0,,3000-12-31T00:00:00,2023-04-18T12:46:27.61,2,"DIVANI E POLTRONE",13,"Divani modulari",,,ICON,,Array,,,
12609,22442574,88,126090,"divano 2p sx/elt70 rec.dx 356x172h70 piede nero g070 grigio",POLVEND3,MAYA,"DESIGNWERK AG",DESI17,"DESIGNWERK AG",DESI17,2950,1453,2950,2950,22,,Riferimento,1,,0,0,0,0,0,0,0,,0,0,,3000-12-31T00:00:00,2023-04-18T12:46:27.627,2,"DIVANI E POLTRONE",13,"Divani modulari",,,ICON,,Array,,,
12610,22442093,88,126106,"divano 3p 252x100h85 piede nero cucit cont.beige v007",POLVEND3,BROOKLYN,"DESIGNWERK AG",DESI17,"DESIGNWERK AG",DESI17,1385.25.00,686,1385.25.00,1385.25.00,22,,Riferimento,1,,0,0,0,0,0,0,0,,0,0,,3000-12-31T00:00:00,2023-04-18T12:46:27.643,2,"DIVANI E POLTRONE",12,Divani,,,BASIC,,Array,,,
12611,22442130,88,126113,"divano 3p 252x100h85 piede nero cucit cont.giallo v013",POLVEND3,BROOKLYN,"DESIGNWERK AG",DESI17,"DESIGNWERK AG",DESI17,1385.25.00,686,1385.25.00,1385.25.00,22,,Riferimento,1,,0,0,0,0,0,0,0,,0,0,,3000-12-31T00:00:00,2023-04-18T12:46:27.657,2,"DIVANI E POLTRONE",12,Divani,,,BASIC,,Array,,,
12612,22442116,88,126120,"divano 3p 252x100h85 piede nero cucit cont.grigio v011",POLVEND3,BROOKLYN,"DESIGNWERK AG",DESI17,"DESIGNWERK AG",DESI17,1385.25.00,686,1385.25.00,1385.25.00,22,,Riferimento,1,,0,0,0,0,0,0,0,,0,0,,3000-12-31T00:00:00,2023-04-18T12:46:27.673,2,"DIVANI E POLTRONE",12,Divani,,,BASIC,,Array,,,
12613,22442086,88,126137,"divano 3p 252x100h85 piede nero cucit cont.marrone v003",POLVEND3,BROOKLYN,"DESIGNWERK AG",DESI17,"DESIGNWERK AG",DESI17,1385.25.00,686,1385.25.00,1385.25.00,22,,Riferimento,1,,0,0,0,0,0,0,0,,0,0,,3000-12-31T00:00:00,2023-04-18T12:46:27.673,2,"DIVANI E POLTRONE",12,Divani,,,BASIC,,Array,,,
12614,22442123,88,126144,"divano 3p 252x100h85 piede nero cucit cont.nero v012",POLVEND3,BROOKLYN,"DESIGNWERK AG",DESI17,"DESIGNWERK AG",DESI17,1385.25.00,686,1385.25.00,1385.25.00,22,,Riferimento,1,,0,0,0,0,0,0,0,,0,0,,3000-12-31T00:00:00,2023-04-18T12:46:27.69,2,"DIVANI E POLTRONE",12,Divani,,,BASIC,,Array,,,
12615,22442109,88,126151,"divano 3p 252x100h85 piede nero cucit cont.tortora v009",POLVEND3,BROOKLYN,"DESIGNWERK AG",DESI17,"DESIGNWERK AG",DESI17,1385.25.00,686,1385.25.00,1385.25.00,22,,Riferimento,1,,0,0,0,0,0,0,0,,0,0,,3000-12-31T00:00:00,2023-04-18T12:46:27.703,2,"DIVANI E POLTRONE",12,Divani,,,BASIC,,Array,,,
12616,22442260,88,126168,"divano 3p/rec dx 344x162h85 piede nero cucit cont.v003 marrone",POLVEND3,BROOKLYN,"DESIGNWERK AG",DESI17,"DESIGNWERK AG",DESI17,2097.54.00,1062,2097.54.00,2097.54.00,22,,Riferimento,1,,0,0,0,0,0,0,0,,0,0,,3000-12-31T00:00:00,2023-04-18T12:46:27.72,2,"DIVANI E POLTRONE",13,"Divani modulari",,,BASIC,,Array,,,
12617,22442277,88,126175,"divano 3p/rec dx 344x162h85 piede nero cucit cont.v007 beige",POLVEND3,BROOKLYN,"DESIGNWERK AG",DESI17,"DESIGNWERK AG",DESI17,2097.54.00,1062,2097.54.00,2097.54.00,22,,Riferimento,1,,0,0,0,0,0,0,0,,0,0,,3000-12-31T00:00:00,2023-04-18T12:46:27.737,2,"DIVANI E POLTRONE",13,"Divani modulari",,,BASIC,,Array,,,
12618,22442284,88,126182,"divano 3p/rec dx 344x162h85 piede nero cucit cont.v009 tortora",POLVEND3,BROOKLYN,"DESIGNWERK AG",DESI17,"DESIGNWERK AG",DESI17,2097.54.00,1062,2097.54.00,2097.54.00,22,,Riferimento,1,,0,0,0,0,0,0,0,,0,0,,3000-12-31T00:00:00,2023-04-18T12:46:27.737,2,"DIVANI E POLTRONE",13,"Divani modulari",,,BASIC,,Array,,,
12619,22442291,88,126199,"divano 3p/rec dx 344x162h85 piede nero cucit cont.v011 grigio",POLVEND3,BROOKLYN,"DESIGNWERK AG",DESI17,"DESIGNWERK AG",DESI17,2097.54.00,1062,2097.54.00,2097.54.00,22,,Riferimento,1,,0,0,0,0,0,0,0,,0,0,,3000-12-31T00:00:00,2023-04-18T12:46:27.75,2,"DIVANI E POLTRONE",13,"Divani modulari",,,BASIC,,Array,,,
12620,22442307,88,126205,"divano 3p/rec dx 344x162h85 piede nero cucit cont.v012 nero",POLVEND3,BROOKLYN,"DESIGNWERK AG",DESI17,"DESIGNWERK AG",DESI17,2097.54.00,1062,2097.54.00,2097.54.00,22,,Riferimento,1,,0,0,0,0,0,0,0,,0,0,,3000-12-31T00:00:00,2023-04-18T12:46:27.75,2,"DIVANI E POLTRONE",13,"Divani modulari",,,BASIC,,Array,,,
12621,22442314,88,126212,"divano 3p/rec dx 344x162h85 piede nero cucit cont.v013 giallo",POLVEND3,BROOKLYN,"DESIGNWERK AG",DESI17,"DESIGNWERK AG",DESI17,2097.54.00,1062,2097.54.00,2097.54.00,22,,Riferimento,1,,0,0,0,0,0,0,0,,0,0,,3000-12-31T00:00:00,2023-04-18T12:46:27.767,2,"DIVANI E POLTRONE",13,"Divani modulari",,,BASIC,,Array,,,
12794,22442215,88,127943,"divrec/2,5psx 324x162h85 piede nero cucit cont.beige v007",POLVEND3,BROOKLYN,"DESIGNWERK AG",DESI17,"DESIGNWERK AG",DESI17,2081.15.00,1023,2081.15.00,2081.15.00,22,,Riferimento,1,,0,0,0,0,0,0,0,,0,0,,3000-12-31T00:00:00,2023-04-18T12:46:33.567,2,"DIVANI E POLTRONE",13,"Divani modulari",,,BASIC,,Array,,,
12795,22442253,88,127950,"divrec/2,5psx 324x162h85 piede nero cucit cont.giallo v013",POLVEND3,BROOKLYN,"DESIGNWERK AG",DESI17,"DESIGNWERK AG",DESI17,2081.15.00,1023,2081.15.00,2081.15.00,22,,Riferimento,1,,0,0,0,0,0,0,0,,0,0,,3000-12-31T00:00:00,2023-04-18T12:46:33.567,2,"DIVANI E POLTRONE",13,"Divani modulari",,,BASIC,,Array,,,
12796,22442239,88,127967,"divrec/2,5psx 324x162h85 piede nero cucit cont.grigio v011",POLVEND3,BROOKLYN,"DESIGNWERK AG",DESI17,"DESIGNWERK AG",DESI17,2081.15.00,1023,2081.15.00,2081.15.00,22,,Riferimento,1,,0,0,0,0,0,0,0,,0,0,,3000-12-31T00:00:00,2023-04-18T12:46:33.567,2,"DIVANI E POLTRONE",13,"Divani modulari",,,BASIC,,Array,,,
12797,22442208,88,127974,"divrec/2,5psx 324x162h85 piede nero cucit cont.marrone v003",POLVEND3,BROOKLYN,"DESIGNWERK AG",DESI17,"DESIGNWERK AG",DESI17,2081.15.00,1023,2081.15.00,2081.15.00,22,,Riferimento,1,,0,0,0,0,0,0,0,,0,0,,3000-12-31T00:00:00,2023-04-18T12:46:33.58,2,"DIVANI E POLTRONE",13,"Divani modulari",,,BASIC,,Array,,,
12798,22442246,88,127981,"divrec/2,5psx 324x162h85 piede nero cucit cont.nero v012",POLVEND3,BROOKLYN,"DESIGNWERK AG",DESI17,"DESIGNWERK AG",DESI17,2081.15.00,1023,2081.15.00,2081.15.00,22,,Riferimento,1,,0,0,0,0,0,0,0,,0,0,,3000-12-31T00:00:00,2023-04-18T12:46:33.58,2,"DIVANI E POLTRONE",13,"Divani modulari",,,BASIC,,Array,,,
12799,22442222,88,127998,"divrec/2,5psx 324x162h85 piede nero cucit cont.tortora v009",POLVEND3,BROOKLYN,"DESIGNWERK AG",DESI17,"DESIGNWERK AG",DESI17,2081.15.00,1023,2081.15.00,2081.15.00,22,,Riferimento,1,,0,0,0,0,0,0,0,,0,0,,3000-12-31T00:00:00,2023-04-18T12:46:35.143,2,"DIVANI E POLTRONE",13,"Divani modulari",,,BASIC,,Array,,,
12800,22442321,88,128001,"divrec/3p sx 344x162h85 piede nero cucit cont.v003 marrone",POLVEND3,BROOKLYN,"DESIGNWERK AG",DESI17,"DESIGNWERK AG",DESI17,2097.54.00,1062,2097.54.00,2097.54.00,22,,Riferimento,1,,0,0,0,0,0,0,0,,0,0,,3000-12-31T00:00:00,2023-04-18T12:46:35.16,2,"DIVANI E POLTRONE",13,"Divani modulari",,,BASIC,,Array,,,
12801,22442338,88,128018,"divrec/3p sx 344x162h85 piede nero cucit cont.v007 beige",POLVEND3,BROOKLYN,"DESIGNWERK AG",DESI17,"DESIGNWERK AG",DESI17,2097.54.00,1062,2097.54.00,2097.54.00,22,,Riferimento,1,,0,0,0,0,0,0,0,,0,0,,3000-12-31T00:00:00,2023-04-18T12:46:35.177,2,"DIVANI E POLTRONE",13,"Divani modulari",,,BASIC,,Array,,,
12802,22442345,88,128025,"divrec/3p sx 344x162h85 piede nero cucit cont.v009 tortora",POLVEND3,BROOKLYN,"DESIGNWERK AG",DESI17,"DESIGNWERK AG",DESI17,2097.54.00,1062,2097.54.00,2097.54.00,22,,Riferimento,1,,0,0,0,0,0,0,0,,0,0,,3000-12-31T00:00:00,2023-04-18T12:46:35.19,2,"DIVANI E POLTRONE",13,"Divani modulari",,,BASIC,,Array,,,
12803,22442352,88,128032,"divrec/3p sx 344x162h85 piede nero cucit cont.v011 grigio",POLVEND3,BROOKLYN,"DESIGNWERK AG",DESI17,"DESIGNWERK AG",DESI17,2097.54.00,1062,2097.54.00,2097.54.00,22,,Riferimento,1,,0,0,0,0,0,0,0,,0,0,,3000-12-31T00:00:00,2023-04-18T12:46:35.207,2,"DIVANI E POLTRONE",13,"Divani modulari",,,BASIC,,Array,,,
12804,22442369,88,128049,"divrec/3p sx 344x162h85 piede nero cucit cont.v012 nero",POLVEND3,BROOKLYN,"DESIGNWERK AG",DESI17,"DESIGNWERK AG",DESI17,2097.54.00,1062,2097.54.00,2097.54.00,22,,Riferimento,1,,0,0,0,0,0,0,0,,0,0,,3000-12-31T00:00:00,2023-04-18T12:46:35.223,2,"DIVANI E POLTRONE",13,"Divani modulari",,,BASIC,,Array,,,
12805,22442376,88,128056,"divrec/3p sx 344x162h85 piede nero cucit cont.v013 giallo",POLVEND3,BROOKLYN,"DESIGNWERK AG",DESI17,"DESIGNWERK AG",DESI17,2097.54.00,1062,2097.54.00,2097.54.00,22,,Riferimento,1,,0,0,0,0,0,0,0,,0,0,,3000-12-31T00:00:00,2023-04-18T12:46:35.237,2,"DIVANI E POLTRONE",13,"Divani modulari",,,BASIC,,Array,,,
12878,22442383,88,128780,"megadivano c/2reg schien.272x119h101 piede nro e051 verde",POLVEND3,MAYA,"DESIGNWERK AG",DESI17,"DESIGNWERK AG",DESI17,1901.22.00,932,1901.22.00,1901.22.00,22,,Riferimento,1,,0,0,0,0,0,0,0,,0,0,,3000-12-31T00:00:00,2023-04-18T12:46:37.55,2,"DIVANI E POLTRONE",12,Divani,,,ICON,,Array,,,
12879,22442390,88,128797,"megadivano c/2reg schien.272x119h101 piede nro e052 marrone",POLVEND3,MAYA,"DESIGNWERK AG",DESI17,"DESIGNWERK AG",DESI17,1901.22.00,932,1901.22.00,1901.22.00,22,,Riferimento,1,,0,0,0,0,0,0,0,,0,0,,3000-12-31T00:00:00,2023-04-18T12:46:37.567,2,"DIVANI E POLTRONE",12,Divani,,,ICON,,Array,,,
12880,22442406,88,128803,"megadivano c/2reg schien.272x119h101 piede nro e054 beige",POLVEND3,MAYA,"DESIGNWERK AG",DESI17,"DESIGNWERK AG",DESI17,1901.22.00,932,1901.22.00,1901.22.00,22,,Riferimento,1,,0,0,0,0,0,0,0,,0,0,,3000-12-31T00:00:00,2023-04-18T12:46:37.583,2,"DIVANI E POLTRONE",12,Divani,,,ICON,,Array,,,
12881,22442413,88,128810,"megadivano c/2reg schien.272x119h101 piede nro e056 bianco",POLVEND3,MAYA,"DESIGNWERK AG",DESI17,"DESIGNWERK AG",DESI17,1901.22.00,932,1901.22.00,1901.22.00,22,,Riferimento,1,,0,0,0,0,0,0,0,,0,0,,3000-12-31T00:00:00,2023-04-18T12:46:37.583,2,"DIVANI E POLTRONE",12,Divani,,,ICON,,Array,,,
12882,22442437,88,128827,"megadivano c/2reg schien.272x119h101 piede nro e057 grigio",POLVEND3,MAYA,"DESIGNWERK AG",DESI17,"DESIGNWERK AG",DESI17,1901.22.00,932,1901.22.00,1901.22.00,22,,Riferimento,1,,0,0,0,0,0,0,0,,0,0,,3000-12-31T00:00:00,2023-04-18T12:46:37.597,2,"DIVANI E POLTRONE",12,Divani,,,ICON,,Array,,,
12883,22442420,88,128834,"megadivano c/2reg schien.272x119h101 piede nro e058 nero",POLVEND3,MAYA,"DESIGNWERK AG",DESI17,"DESIGNWERK AG",DESI17,1901.22.00,932,1901.22.00,1901.22.00,22,,Riferimento,1,,0,0,0,0,0,0,0,,0,0,,3000-12-31T00:00:00,2023-04-18T12:46:37.597,2,"DIVANI E POLTRONE",12,Divani,,,ICON,,Array,,,
12930,22451989,88,129305,"x web d.dx, c.el sx c2el reg. e el.cent.70 e051 verde",POLVEND3,MAYA-L,"DESIGNWERK AG",DESI17,"DESIGNWERK AG",DESI17,2697.12.00,1340,2697.12.00,2697.12.00,22,,Riferimento,1,,0,0,0,0,0,0,0,,0,0,,3000-12-31T00:00:00,2023-04-18T12:46:39.41,2,"DIVANI E POLTRONE",13,"Divani modulari",,,BASIC,,Array,,,
12931,22451996,88,129312,"x web d.dx, c.el sx c2el reg. e el.cent.70 e052 marro",POLVEND3,MAYA-L,"DESIGNWERK AG",DESI17,"DESIGNWERK AG",DESI17,2697.12.00,1340,2697.12.00,2697.12.00,22,,Riferimento,1,,0,0,0,0,0,0,0,,0,0,,3000-12-31T00:00:00,2023-04-18T12:46:39.427,2,"DIVANI E POLTRONE",13,"Divani modulari",,,BASIC,,Array,,,
12932,22452009,88,129329,"x web d.dx, c.el sx c2el reg. e el.cent.70 e054 beige",POLVEND3,MAYA-L,"DESIGNWERK AG",DESI17,"DESIGNWERK AG",DESI17,2697.12.00,1340,2697.12.00,2697.12.00,22,,Riferimento,1,,0,0,0,0,0,0,0,,0,0,,3000-12-31T00:00:00,2023-04-18T12:46:39.427,2,"DIVANI E POLTRONE",13,"Divani modulari",,,BASIC,,Array,,,
12933,22452016,88,129336,"x web d.dx, c.el sx c2el reg. e el.cent.70 e056 bianc",POLVEND3,MAYA-L,"DESIGNWERK AG",DESI17,"DESIGNWERK AG",DESI17,2697.12.00,1340,2697.12.00,2697.12.00,22,,Riferimento,1,,0,0,0,0,0,0,0,,0,0,,3000-12-31T00:00:00,2023-04-18T12:46:39.443,2,"DIVANI E POLTRONE",13,"Divani modulari",,,BASIC,,Array,,,
12934,22452030,88,129343,"x web d.dx, c.el sx c2el reg. e el.cent.70 e057 grigi",POLVEND3,MAYA-L,"DESIGNWERK AG",DESI17,"DESIGNWERK AG",DESI17,2697.12.00,1340,2697.12.00,2697.12.00,22,,Riferimento,1,,0,0,0,0,0,0,0,,0,0,,3000-12-31T00:00:00,2023-04-18T12:46:39.443,2,"DIVANI E POLTRONE",13,"Divani modulari",,,BASIC,,Array,,,
12935,22452023,88,129350,"x web d.dx, c.el sx c2el reg. e el.cent.70 e058 nero",POLVEND3,MAYA-L,"DESIGNWERK AG",DESI17,"DESIGNWERK AG",DESI17,2697.12.00,1340,2697.12.00,2697.12.00,22,,Riferimento,1,,0,0,0,0,0,0,0,,0,0,,3000-12-31T00:00:00,2023-04-18T12:46:39.457,2,"DIVANI E POLTRONE",13,"Divani modulari",,,BASIC,,Array,,,
12936,22452108,88,129367,"x web d.dx, c.el sx c2el reg. e051 251x109x70h verde",POLVEND3,MAYA-L,"DESIGNWERK AG",DESI17,"DESIGNWERK AG",DESI17,2697.12.00,1340,2697.12.00,2697.12.00,22,,Riferimento,1,,0,0,0,0,0,0,0,,0,0,,3000-12-31T00:00:00,2023-04-18T12:46:39.457,2,"DIVANI E POLTRONE",13,"Divani modulari",,,BASIC,,Array,,,
12937,22452115,88,129374,"x web d.dx, c.el sx c2el reg. e052 251x109x70h marron",POLVEND3,MAYA-L,"DESIGNWERK AG",DESI17,"DESIGNWERK AG",DESI17,2697.12.00,1340,2697.12.00,2697.12.00,22,,Riferimento,1,,0,0,0,0,0,0,0,,0,0,,3000-12-31T00:00:00,2023-04-18T12:46:39.473,2,"DIVANI E POLTRONE",13,"Divani modulari",,,BASIC,,Array,,,
12938,22452122,88,129381,"x web d.dx, c.el sx c2el reg. e054 251x109x70h beige",POLVEND3,MAYA-L,"DESIGNWERK AG",DESI17,"DESIGNWERK AG",DESI17,2697.12.00,1340,2697.12.00,2697.12.00,22,,Riferimento,1,,0,0,0,0,0,0,0,,0,0,,3000-12-31T00:00:00,2023-04-18T12:46:39.473,2,"DIVANI E POLTRONE",13,"Divani modulari",,,BASIC,,Array,,,
12939,22452139,88,129398,"x web d.dx, c.el sx c2el reg. e056 251x109x70h bianco",POLVEND3,MAYA-L,"DESIGNWERK AG",DESI17,"DESIGNWERK AG",DESI17,2697.12.00,1340,2697.12.00,2697.12.00,22,,Riferimento,1,,0,0,0,0,0,0,0,,0,0,,3000-12-31T00:00:00,2023-04-18T12:46:39.49,2,"DIVANI E POLTRONE",13,"Divani modulari",,,BASIC,,Array,,,
12940,22452153,88,129404,"x web d.dx, c.el sx c2el reg. e057 251x109x70h grigio",POLVEND3,MAYA-L,"DESIGNWERK AG",DESI17,"DESIGNWERK AG",DESI17,2697.12.00,1340,2697.12.00,2697.12.00,22,,Riferimento,1,,0,0,0,0,0,0,0,,0,0,,3000-12-31T00:00:00,2023-04-18T12:46:39.49,2,"DIVANI E POLTRONE",13,"Divani modulari",,,BASIC,,Array,,,
12941,22452146,88,129411,"x web d.dx, c.el sx c2el reg. e058 251x109x70h nero",POLVEND3,MAYA-L,"DESIGNWERK AG",DESI17,"DESIGNWERK AG",DESI17,2697.12.00,1340,2697.12.00,2697.12.00,22,,Riferimento,1,,0,0,0,0,0,0,0,,0,0,,3000-12-31T00:00:00,2023-04-18T12:46:39.49,2,"DIVANI E POLTRONE",13,"Divani modulari",,,BASIC,,Array,,,
12942,22452160,88,129428,"x web d.sx, c.el dx c2el reg e051 251x109x70h verde",POLVEND3,MAYA-L,"DESIGNWERK AG",DESI17,"DESIGNWERK AG",DESI17,2697.12.00,1340,2697.12.00,2697.12.00,22,,Riferimento,1,,0,0,0,0,0,0,0,,0,0,,3000-12-31T00:00:00,2023-04-18T12:46:39.507,2,"DIVANI E POLTRONE",13,"Divani modulari",,,BASIC,,Array,,,
12943,22452177,88,129435,"x web d.sx, c.el dx c2el reg e052 251x109x70h marrone",POLVEND3,MAYA-L,"DESIGNWERK AG",DESI17,"DESIGNWERK AG",DESI17,2697.12.00,1340,2697.12.00,2697.12.00,22,,Riferimento,1,,0,0,0,0,0,0,0,,0,0,,3000-12-31T00:00:00,2023-04-18T12:46:39.507,2,"DIVANI E POLTRONE",13,"Divani modulari",,,BASIC,,Array,,,
12944,22452184,88,129442,"x web d.sx, c.el dx c2el reg e054 251x109x70h beige",POLVEND3,MAYA-L,"DESIGNWERK AG",DESI17,"DESIGNWERK AG",DESI17,2697.12.00,1340,2697.12.00,2697.12.00,22,,Riferimento,1,,0,0,0,0,0,0,0,,0,0,,3000-12-31T00:00:00,2023-04-18T12:46:39.507,2,"DIVANI E POLTRONE",13,"Divani modulari",,,BASIC,,Array,,,
12945,22452191,88,129459,"x web d.sx, c.el dx c2el reg e056 251x109x70h bianco",POLVEND3,MAYA-L,"DESIGNWERK AG",DESI17,"DESIGNWERK AG",DESI17,2697.12.00,1340,2697.12.00,2697.12.00,22,,Riferimento,1,,0,0,0,0,0,0,0,,0,0,,3000-12-31T00:00:00,2023-04-18T12:46:39.52,2,"DIVANI E POLTRONE",13,"Divani modulari",,,BASIC,,Array,,,
12946,22452214,88,129466,"x web d.sx, c.el dx c2el reg e057 251x109x70h grigio",POLVEND3,MAYA-L,"DESIGNWERK AG",DESI17,"DESIGNWERK AG",DESI17,2697.12.00,1340,2697.12.00,2697.12.00,22,,Riferimento,1,,0,0,0,0,0,0,0,,0,0,,3000-12-31T00:00:00,2023-04-18T12:46:39.52,2,"DIVANI E POLTRONE",13,"Divani modulari",,,BASIC,,Array,,,
12947,22452207,88,129473,"x web d.sx, c.el dx c2el reg e058 251x109x70h nero",POLVEND3,MAYA-L,"DESIGNWERK AG",DESI17,"DESIGNWERK AG",DESI17,2697.12.00,1340,2697.12.00,2697.12.00,22,,Riferimento,1,,0,0,0,0,0,0,0,,0,0,,3000-12-31T00:00:00,2023-04-18T12:46:39.52,2,"DIVANI E POLTRONE",13,"Divani modulari",,,BASIC,,Array,,,
12948,22452047,88,129480,"x web d.sx, c.el dx c2el reg. e el.cent.70 e051 verde",POLVEND3,MAYA-L,"DESIGNWERK AG",DESI17,"DESIGNWERK AG",DESI17,2697.12.00,1340,2697.12.00,2697.12.00,22,,Riferimento,1,,0,0,0,0,0,0,0,,0,0,,3000-12-31T00:00:00,2023-04-18T12:46:39.537,2,"DIVANI E POLTRONE",13,"Divani modulari",,,BASIC,,Array,,,
12949,22452054,88,129497,"x web d.sx, c.el dx c2el reg. e el.cent.70 e052 marrone",POLVEND3,MAYA-L,"DESIGNWERK AG",DESI17,"DESIGNWERK AG",DESI17,2697.12.00,1340,2697.12.00,2697.12.00,22,,Riferimento,1,,0,0,0,0,0,0,0,,0,0,,3000-12-31T00:00:00,2023-04-18T12:46:41.037,2,"DIVANI E POLTRONE",13,"Divani modulari",,,BASIC,,Array,,,
12950,22452061,88,129503,"x web d.sx, c.el dx c2el reg. e el.cent.70 e054 beige",POLVEND3,MAYA-L,"DESIGNWERK AG",DESI17,"DESIGNWERK AG",DESI17,2697.12.00,1340,2697.12.00,2697.12.00,22,,Riferimento,1,,0,0,0,0,0,0,0,,0,0,,3000-12-31T00:00:00,2023-04-18T12:46:41.053,2,"DIVANI E POLTRONE",13,"Divani modulari",,,BASIC,,Array,,,
12951,22452078,88,129510,"x web d.sx, c.el dx c2el reg. e el.cent.70 e056 bianco",POLVEND3,MAYA-L,"DESIGNWERK AG",DESI17,"DESIGNWERK AG",DESI17,2697.12.00,1340,2697.12.00,2697.12.00,22,,Riferimento,1,,0,0,0,0,0,0,0,,0,0,,3000-12-31T00:00:00,2023-04-18T12:46:41.067,2,"DIVANI E POLTRONE",13,"Divani modulari",,,BASIC,,Array,,,
12952,22452092,88,129527,"x web d.sx, c.el dx c2el reg. e el.cent.70 e057 grigio",POLVEND3,MAYA-L,"DESIGNWERK AG",DESI17,"DESIGNWERK AG",DESI17,2697.12.00,1340,2697.12.00,2697.12.00,22,,Riferimento,1,,0,0,0,0,0,0,0,,0,0,,3000-12-31T00:00:00,2023-04-18T12:46:41.067,2,"DIVANI E POLTRONE",13,"Divani modulari",,,BASIC,,Array,,,
12953,22452085,88,129534,"x web d.sx, c.el dx c2el reg. e el.cent.70 e058 nero",POLVEND3,MAYA-L,"DESIGNWERK AG",DESI17,"DESIGNWERK AG",DESI17,2697.12.00,1340,2697.12.00,2697.12.00,22,,Riferimento,1,,0,0,0,0,0,0,0,,0,0,,3000-12-31T00:00:00,2023-04-18T12:46:41.083,2,"DIVANI E POLTRONE",13,"Divani modulari",,,BASIC,,Array,,,
14330,22204233,88,143301,"divano 3 posti maxi laterale penisola maxi sx con bracciolo cm.204x317x93 h88 cat.a",POLVEND3,STICK,"FABBRI SALOTTI SRL",F.LL02,"FABBRI SALOTTI SRL",F.LL02,3254.1,1557.17.00,3254.1,3254.1,22,,Riferimento,1,,0,0,0,0,0,0,0,,0,0,,3000-12-31T00:00:00,2023-04-18T16:30:13.387,2,"DIVANI E POLTRONE",12,Divani,,,BASIC,,Array,,,
14331,22295293,88,143318,"divano maxi cm.300x151h88 tessuto beige plutone_03",POLVEND3,INFINITY,"FABBRI SALOTTI SRL",F.LL02,"FABBRI SALOTTI SRL",F.LL02,1795.08.00,906.5,1795.08.00,1795.08.00,22,,Riferimento,1,,0,0,0,0,0,0,0,,0,0,,3000-12-31T00:00:00,2023-04-18T16:30:13.4,2,"DIVANI E POLTRONE",12,Divani,,,BASIC,,Array,,,
14332,22295309,88,143325,"divano maxi cm.300x151h88 tessuto tortora plutone_08",POLVEND3,INFINITY,"FABBRI SALOTTI SRL",F.LL02,"FABBRI SALOTTI SRL",F.LL02,1795.08.00,906.5,1795.08.00,1795.08.00,22,,Riferimento,1,,0,0,0,0,0,0,0,,0,0,,3000-12-31T00:00:00,2023-04-18T16:30:13.4,2,"DIVANI E POLTRONE",12,Divani,,,BASIC,,Array,,,
14333,22295330,88,143332,"divano maxi cm.300x151h88 tessuto petrolio plutone_22",POLVEND3,INFINITY,"FABBRI SALOTTI SRL",F.LL02,"FABBRI SALOTTI SRL",F.LL02,1795.08.00,906.5,1795.08.00,1795.08.00,22,,Riferimento,1,,0,0,0,0,0,0,0,,0,0,,3000-12-31T00:00:00,2023-04-18T16:30:13.417,2,"DIVANI E POLTRONE",12,Divani,,,BASIC,,Array,,,
14334,22295347,88,143349,"divano maxi cm.300x151h88 tessuto bianco plutone_25",POLVEND3,INFINITY,"FABBRI SALOTTI SRL",F.LL02,"FABBRI SALOTTI SRL",F.LL02,1795.08.00,906.5,1795.08.00,1795.08.00,22,,Riferimento,1,,0,0,0,0,0,0,0,,0,0,,3000-12-31T00:00:00,2023-04-18T16:30:13.433,2,"DIVANI E POLTRONE",12,Divani,,,BASIC,,Array,,,
14335,22295354,88,143356,"divano maxi cm.300x151h88 tessuto grigio plutone_26",POLVEND3,INFINITY,"FABBRI SALOTTI SRL",F.LL02,"FABBRI SALOTTI SRL",F.LL02,1795.08.00,906.5,1795.08.00,1795.08.00,22,,Riferimento,1,,0,0,0,0,0,0,0,,0,0,,3000-12-31T00:00:00,2023-04-18T16:30:13.433,2,"DIVANI E POLTRONE",12,Divani,,,BASIC,,Array,,,
14565,22442963,88,145657,"divano 3p composizione l280x125 cat.vip 13 petrolio",POLVEND3,GALAXY,"GAMMA SALOTTI SRL",GAMM01,"GAMMA SALOTTI SRL",GAMM01,1385.25.00,732.04.00,1385.25.00,1385.25.00,22,,Riferimento,1,,0,0,0,0,0,0,0,,0,0,,3000-12-31T00:00:00,2023-04-18T16:56:59.54,2,"DIVANI E POLTRONE",12,Divani,,,BASIC,,Array,,,
14566,22442970,88,145664,"divano 3p composizione l280x125 cat.vip 22 acciaio",POLVEND3,GALAXY,"GAMMA SALOTTI SRL",GAMM01,"GAMMA SALOTTI SRL",GAMM01,1385.25.00,732.04.00,1385.25.00,1385.25.00,22,,Riferimento,1,,0,0,0,0,0,0,0,,0,0,,3000-12-31T00:00:00,2023-04-18T16:56:59.557,2,"DIVANI E POLTRONE",12,Divani,,,BASIC,,Array,,,
14567,22442987,88,145671,"divano 3p composizione l280x125 cat.vip 26 nero",POLVEND3,GALAXY,"GAMMA SALOTTI SRL",GAMM01,"GAMMA SALOTTI SRL",GAMM01,1385.25.00,732.04.00,1385.25.00,1385.25.00,22,,Riferimento,1,,0,0,0,0,0,0,0,,0,0,,3000-12-31T00:00:00,2023-04-18T16:56:59.573,2,"DIVANI E POLTRONE",12,Divani,,,BASIC,,Array,,,
14568,22442994,88,145688,"divano 3p composizione l280x125 cat.vip 01 bianco",POLVEND3,GALAXY,"GAMMA SALOTTI SRL",GAMM01,"GAMMA SALOTTI SRL",GAMM01,1385.25.00,732.04.00,1385.25.00,1385.25.00,22,,Riferimento,1,,0,0,0,0,0,0,0,,0,0,,3000-12-31T00:00:00,2023-04-18T16:56:59.573,2,"DIVANI E POLTRONE",12,Divani,,,BASIC,,Array,,,
14569,22443007,88,145695,"divano 3p composizione l280x125 cat.vip 02 beige",POLVEND3,GALAXY,"GAMMA SALOTTI SRL",GAMM01,"GAMMA SALOTTI SRL",GAMM01,1385.25.00,732.04.00,1385.25.00,1385.25.00,22,,Riferimento,1,,0,0,0,0,0,0,0,,0,0,,3000-12-31T00:00:00,2023-04-18T16:56:59.587,2,"DIVANI E POLTRONE",12,Divani,,,BASIC,,Array,,,
14570,22443014,88,145701,"divano 3p composizione l280x125 cat.vip 04 lino scuro",POLVEND3,GALAXY,"GAMMA SALOTTI SRL",GAMM01,"GAMMA SALOTTI SRL",GAMM01,1385.25.00,732.04.00,1385.25.00,1385.25.00,22,,Riferimento,1,,0,0,0,0,0,0,0,,0,0,,3000-12-31T00:00:00,2023-04-18T16:56:59.587,2,"DIVANI E POLTRONE",12,Divani,,,BASIC,,Array,,,
14571,22443021,88,145718,"divano 3p composizione l250x140 cat.vip 13 petrolio",POLVEND3,GALAXY,"GAMMA SALOTTI SRL",GAMM01,"GAMMA SALOTTI SRL",GAMM01,1385.25.00,732.04.00,1385.25.00,1385.25.00,22,,Riferimento,1,,0,0,0,0,0,0,0,,0,0,,3000-12-31T00:00:00,2023-04-18T16:56:59.603,2,"DIVANI E POLTRONE",12,Divani,,,BASIC,,Array,,,
14572,22443038,88,145725,"divano 3p composizione l250x140 cat.vip 22 acciaio",POLVEND3,GALAXY,"GAMMA SALOTTI SRL",GAMM01,"GAMMA SALOTTI SRL",GAMM01,1385.25.00,732.04.00,1385.25.00,1385.25.00,22,,Riferimento,1,,0,0,0,0,0,0,0,,0,0,,3000-12-31T00:00:00,2023-04-18T16:56:59.603,2,"DIVANI E POLTRONE",12,Divani,,,BASIC,,Array,,,
14573,22443045,88,145732,"divano 3p composizione l250x140 cat.vip 26 nero",POLVEND3,GALAXY,"GAMMA SALOTTI SRL",GAMM01,"GAMMA SALOTTI SRL",GAMM01,1385.25.00,732.04.00,1385.25.00,1385.25.00,22,,Riferimento,1,,0,0,0,0,0,0,0,,0,0,,3000-12-31T00:00:00,2023-04-18T16:56:59.62,2,"DIVANI E POLTRONE",12,Divani,,,BASIC,,Array,,,
14574,22443052,88,145749,"divano 3p composizione l250x140 cat.vip 01 bianco",POLVEND3,GALAXY,"GAMMA SALOTTI SRL",GAMM01,"GAMMA SALOTTI SRL",GAMM01,1385.25.00,732.04.00,1385.25.00,1385.25.00,22,,Riferimento,1,,0,0,0,0,0,0,0,,0,0,,3000-12-31T00:00:00,2023-04-18T16:56:59.633,2,"DIVANI E POLTRONE",12,Divani,,,BASIC,,Array,,,
14575,22443069,88,145756,"divano 3p composizione l250x140 cat.vip 02 beige",POLVEND3,GALAXY,"GAMMA SALOTTI SRL",GAMM01,"GAMMA SALOTTI SRL",GAMM01,1385.25.00,732.04.00,1385.25.00,1385.25.00,22,,Riferimento,1,,0,0,0,0,0,0,0,,0,0,,3000-12-31T00:00:00,2023-04-18T16:56:59.633,2,"DIVANI E POLTRONE",12,Divani,,,BASIC,,Array,,,
14576,22443076,88,145763,"divano 3p composizione l250x140 cat.vip 04 lino scuro",POLVEND3,GALAXY,"GAMMA SALOTTI SRL",GAMM01,"GAMMA SALOTTI SRL",GAMM01,1385.25.00,732.04.00,1385.25.00,1385.25.00,22,,Riferimento,1,,0,0,0,0,0,0,0,,0,0,,3000-12-31T00:00:00,2023-04-18T16:56:59.65,2,"DIVANI E POLTRONE",12,Divani,,,BASIC,,Array,,,
14577,22443083,88,145770,"poltrona 106x83 h90 cat.promo austin 2 beige",POLVEND3,SPEEDY,"GAMMA SALOTTI SRL",GAMM01,"GAMMA SALOTTI SRL",GAMM01,402.04.00,215.04.00,402.04.00,402.04.00,22,,Riferimento,1,,0,0,0,0,0,0,0,,0,0,,3000-12-31T00:00:00,2023-04-18T16:56:59.65,2,"DIVANI E POLTRONE",11,Poltrone,,,BASIC,,Array,,,
14578,22443090,88,145787,"poltrona 106x83 h90 cat.promo austin 11 giallo",POLVEND3,SPEEDY,"GAMMA SALOTTI SRL",GAMM01,"GAMMA SALOTTI SRL",GAMM01,402.04.00,215.04.00,402.04.00,402.04.00,22,,Riferimento,1,,0,0,0,0,0,0,0,,0,0,,3000-12-31T00:00:00,2023-04-18T16:56:59.667,2,"DIVANI E POLTRONE",11,Poltrone,,,BASIC,,Array,,,
14579,22443106,88,145794,"poltrona 106x83 h90 cat.promo austin 14 blu",POLVEND3,SPEEDY,"GAMMA SALOTTI SRL",GAMM01,"GAMMA SALOTTI SRL",GAMM01,402.04.00,215.04.00,402.04.00,402.04.00,22,,Riferimento,1,,0,0,0,0,0,0,0,,0,0,,3000-12-31T00:00:00,2023-04-18T16:56:59.68,2,"DIVANI E POLTRONE",11,Poltrone,,,BASIC,,Array,,,
14580,22443113,88,145800,"poltrona 106x83 h90 cat.promo austin 17 bianco",POLVEND3,SPEEDY,"GAMMA SALOTTI SRL",GAMM01,"GAMMA SALOTTI SRL",GAMM01,402.04.00,215.04.00,402.04.00,402.04.00,22,,Riferimento,1,,0,0,0,0,0,0,0,,0,0,,3000-12-31T00:00:00,2023-04-18T16:56:59.68,2,"DIVANI E POLTRONE",11,Poltrone,,,BASIC,,Array,,,
14581,22443120,88,145817,"poltrona 106x83 h90 cat.promo austin 18 grig.ch",POLVEND3,SPEEDY,"GAMMA SALOTTI SRL",GAMM01,"GAMMA SALOTTI SRL",GAMM01,402.04.00,215.04.00,402.04.00,402.04.00,22,,Riferimento,1,,0,0,0,0,0,0,0,,0,0,,3000-12-31T00:00:00,2023-04-18T16:56:59.697,2,"DIVANI E POLTRONE",11,Poltrone,,,BASIC,,Array,,,
14582,22443137,88,145824,"poltrona 106x83 h90 cat.promo austin 19 tortora",POLVEND3,SPEEDY,"GAMMA SALOTTI SRL",GAMM01,"GAMMA SALOTTI SRL",GAMM01,402.04.00,215.04.00,402.04.00,402.04.00,22,,Riferimento,1,,0,0,0,0,0,0,0,,0,0,,3000-12-31T00:00:00,2023-04-18T16:56:59.697,2,"DIVANI E POLTRONE",11,Poltrone,,,BASIC,,Array,,,
14583,22443144,88,145831,"divano 2 posti 162x83 h90 cat.promo austin 2 beige",POLVEND3,SPEEDY,"GAMMA SALOTTI SRL",GAMM01,"GAMMA SALOTTI SRL",GAMM01,484.01.00,258.28.00,484.01.00,484.01.00,22,,Riferimento,1,,0,0,0,0,0,0,0,,0,0,,3000-12-31T00:00:00,2023-04-18T16:56:59.713,2,"DIVANI E POLTRONE",12,Divani,,,BASIC,,Array,,,
14584,22443151,88,145848,"divano 2 posti 162x83 h90 cat.promo austin 11 giallo",POLVEND3,SPEEDY,"GAMMA SALOTTI SRL",GAMM01,"GAMMA SALOTTI SRL",GAMM01,484.01.00,258.28.00,484.01.00,484.01.00,22,,Riferimento,1,,0,0,0,0,0,0,0,,0,0,,3000-12-31T00:00:00,2023-04-18T16:56:59.73,2,"DIVANI E POLTRONE",12,Divani,,,BASIC,,Array,,,
14585,22443168,88,145855,"divano 2 posti 162x83 h90 cat.promo austin 14 blu",POLVEND3,SPEEDY,"GAMMA SALOTTI SRL",GAMM01,"GAMMA SALOTTI SRL",GAMM01,484.01.00,258.28.00,484.01.00,484.01.00,22,,Riferimento,1,,0,0,0,0,0,0,0,,0,0,,3000-12-31T00:00:00,2023-04-18T16:56:59.73,2,"DIVANI E POLTRONE",12,Divani,,,BASIC,,Array,,,
14586,22443175,88,145862,"divano 2 posti 162x83 h90 cat.promo austin 17 bianco",POLVEND3,SPEEDY,"GAMMA SALOTTI SRL",GAMM01,"GAMMA SALOTTI SRL",GAMM01,484.01.00,258.28.00,484.01.00,484.01.00,22,,Riferimento,1,,0,0,0,0,0,0,0,,0,0,,3000-12-31T00:00:00,2023-04-18T16:56:59.743,2,"DIVANI E POLTRONE",12,Divani,,,BASIC,,Array,,,
14587,22443182,88,145879,"divano 2 posti 162x83 h90 cat.promo austin 18 grig.ch",POLVEND3,SPEEDY,"GAMMA SALOTTI SRL",GAMM01,"GAMMA SALOTTI SRL",GAMM01,484.01.00,258.28.00,484.01.00,484.01.00,22,,Riferimento,1,,0,0,0,0,0,0,0,,0,0,,3000-12-31T00:00:00,2023-04-18T16:56:59.743,2,"DIVANI E POLTRONE",12,Divani,,,BASIC,,Array,,,
14588,22443199,88,145886,"divano 2 posti 162x83 h90 cat.promo austin 19 tortora",POLVEND3,SPEEDY,"GAMMA SALOTTI SRL",GAMM01,"GAMMA SALOTTI SRL",GAMM01,484.01.00,258.28.00,484.01.00,484.01.00,22,,Riferimento,1,,0,0,0,0,0,0,0,,0,0,,3000-12-31T00:00:00,2023-04-18T16:56:59.76,2,"DIVANI E POLTRONE",12,Divani,,,BASIC,,Array,,,
14589,22443205,88,145893,"divano 3 posti 218x83 h90 cat.promo austin 2 beige",POLVEND3,SPEEDY,"GAMMA SALOTTI SRL",GAMM01,"GAMMA SALOTTI SRL",GAMM01,533.19.00,288.54.00,533.19.00,533.19.00,22,,Riferimento,1,,0,0,0,0,0,0,0,,0,0,,3000-12-31T00:00:00,2023-04-18T16:56:59.777,2,"DIVANI E POLTRONE",12,Divani,,,BASIC,,Array,,,
14590,22443212,88,145909,"divano 3 posti 218x83 h90 cat.promo austin 11 giallo",POLVEND3,SPEEDY,"GAMMA SALOTTI SRL",GAMM01,"GAMMA SALOTTI SRL",GAMM01,533.19.00,288.54.00,533.19.00,533.19.00,22,,Riferimento,1,,0,0,0,0,0,0,0,,0,0,,3000-12-31T00:00:00,2023-04-18T16:56:59.777,2,"DIVANI E POLTRONE",12,Divani,,,BASIC,,Array,,,
14591,22443229,88,145916,"divano 3 posti 218x83 h90 cat.promo austin 14 blu",POLVEND3,SPEEDY,"GAMMA SALOTTI SRL",GAMM01,"GAMMA SALOTTI SRL",GAMM01,533.19.00,288.54.00,533.19.00,533.19.00,22,,Riferimento,1,,0,0,0,0,0,0,0,,0,0,,3000-12-31T00:00:00,2023-04-18T16:56:59.79,2,"DIVANI E POLTRONE",12,Divani,,,BASIC,,Array,,,
14592,22443236,88,145923,"divano 3 posti 218x83 h90 cat.promo austin 17 bianco",POLVEND3,SPEEDY,"GAMMA SALOTTI SRL",GAMM01,"GAMMA SALOTTI SRL",GAMM01,533.19.00,288.54.00,533.19.00,533.19.00,22,,Riferimento,1,,0,0,0,0,0,0,0,,0,0,,3000-12-31T00:00:00,2023-04-18T16:56:59.79,2,"DIVANI E POLTRONE",12,Divani,,,BASIC,,Array,,,
14593,22443243,88,145930,"divano 3 posti 218x83 h90 cat.promo austin 18 grig.ch",POLVEND3,SPEEDY,"GAMMA SALOTTI SRL",GAMM01,"GAMMA SALOTTI SRL",GAMM01,533.19.00,288.54.00,533.19.00,533.19.00,22,,Riferimento,1,,0,0,0,0,0,0,0,,0,0,,3000-12-31T00:00:00,2023-04-18T16:56:59.807,2,"DIVANI E POLTRONE",12,Divani,,,BASIC,,Array,,,
14594,22443250,88,145947,"divano 3 posti 218x83 h90 cat.promo austin 19 tortora",POLVEND3,SPEEDY,"GAMMA SALOTTI SRL",GAMM01,"GAMMA SALOTTI SRL",GAMM01,533.19.00,288.54.00,533.19.00,533.19.00,22,,Riferimento,1,,0,0,0,0,0,0,0,,0,0,,3000-12-31T00:00:00,2023-04-18T16:56:59.823,2,"DIVANI E POLTRONE",12,Divani,,,BASIC,,Array,,,
14595,22443267,88,145954,"divano 3p maxi 243x83 h90 cat.promo austin 2 beige",POLVEND3,SPEEDY,"GAMMA SALOTTI SRL",GAMM01,"GAMMA SALOTTI SRL",GAMM01,565.57.00,314.58.00,565.57.00,565.57.00,22,,Riferimento,1,,0,0,0,0,0,0,0,,0,0,,3000-12-31T00:00:00,2023-04-18T16:56:59.823,2,"DIVANI E POLTRONE",12,Divani,,,BASIC,,Array,,,
14596,22443274,88,145961,"divano 3p maxi 243x83 h90 cat.promo austin 11 giallo",POLVEND3,SPEEDY,"GAMMA SALOTTI SRL",GAMM01,"GAMMA SALOTTI SRL",GAMM01,565.57.00,314.58.00,565.57.00,565.57.00,22,,Riferimento,1,,0,0,0,0,0,0,0,,0,0,,3000-12-31T00:00:00,2023-04-18T16:56:59.837,2,"DIVANI E POLTRONE",12,Divani,,,BASIC,,Array,,,
14597,22443281,88,145978,"divano 3p maxi 243x83 h90 cat.promo austin 14 blu",POLVEND3,SPEEDY,"GAMMA SALOTTI SRL",GAMM01,"GAMMA SALOTTI SRL",GAMM01,565.57.00,314.58.00,565.57.00,565.57.00,22,,Riferimento,1,,0,0,0,0,0,0,0,,0,0,,3000-12-31T00:00:00,2023-04-18T16:56:59.837,2,"DIVANI E POLTRONE",12,Divani,,,BASIC,,Array,,,
14598,22443298,88,145985,"divano 3p maxi 243x83 h90 cat.promo austin 17 bianco",POLVEND3,SPEEDY,"GAMMA SALOTTI SRL",GAMM01,"GAMMA SALOTTI SRL",GAMM01,565.57.00,314.58.00,565.57.00,565.57.00,22,,Riferimento,1,,0,0,0,0,0,0,0,,0,0,,3000-12-31T00:00:00,2023-04-18T16:56:59.853,2,"DIVANI E POLTRONE",12,Divani,,,BASIC,,Array,,,
14599,22443304,88,145992,"divano 3p maxi 243x83 h90 cat.promo austin 18 grig.ch",POLVEND3,SPEEDY,"GAMMA SALOTTI SRL",GAMM01,"GAMMA SALOTTI SRL",GAMM01,565.57.00,314.58.00,565.57.00,565.57.00,22,,Riferimento,1,,0,0,0,0,0,0,0,,0,0,,3000-12-31T00:00:00,2023-04-18T16:56:59.87,2,"DIVANI E POLTRONE",12,Divani,,,BASIC,,Array,,,
14600,22443311,88,146005,"divano 3p maxi 243x83 h90 cat.promo austin 19 tortora",POLVEND3,SPEEDY,"GAMMA SALOTTI SRL",GAMM01,"GAMMA SALOTTI SRL",GAMM01,565.57.00,314.58.00,565.57.00,565.57.00,22,,Riferimento,1,,0,0,0,0,0,0,0,,0,0,,3000-12-31T00:00:00,2023-04-18T16:56:59.87,2,"DIVANI E POLTRONE",12,Divani,,,BASIC,,Array,,,
14601,22443328,88,146012,"web poltrona 1seduta scor 110x98/135h96 cucitura tin austin 2 beige",POLVEND3,OSLO,"GAMMA SALOTTI SRL",GAMM01,"GAMMA SALOTTI SRL",GAMM01,615.15.00,353.51.00,615.15.00,615.15.00,22,,Riferimento,1,,0,0,0,0,0,0,0,,0,0,,3000-12-31T00:00:00,2023-04-18T16:56:59.883,2,"DIVANI E POLTRONE",11,Poltrone,,,BASIC,,Array,,,
14602,22443335,88,146029,"web poltrona 1seduta scor 110x98/135h96 cucitura tin austin 11 giallo",POLVEND3,OSLO,"GAMMA SALOTTI SRL",GAMM01,"GAMMA SALOTTI SRL",GAMM01,615.15.00,353.51.00,615.15.00,615.15.00,22,,Riferimento,1,,0,0,0,0,0,0,0,,0,0,,3000-12-31T00:00:00,2023-04-18T16:56:59.9,2,"DIVANI E POLTRONE",11,Poltrone,,,BASIC,,Array,,,
14603,22443342,88,146036,"web poltrona 1seduta scor 110x98/135h96 cucitura tin austin 14 blu",POLVEND3,OSLO,"GAMMA SALOTTI SRL",GAMM01,"GAMMA SALOTTI SRL",GAMM01,615.15.00,353.51.00,615.15.00,615.15.00,22,,Riferimento,1,,0,0,0,0,0,0,0,,0,0,,3000-12-31T00:00:00,2023-04-18T16:56:59.9,2,"DIVANI E POLTRONE",11,Poltrone,,,BASIC,,Array,,,
14604,22443359,88,146043,"web poltrona 1seduta scor 110x98/135h96 cucitura tin austin 17 bianco",POLVEND3,OSLO,"GAMMA SALOTTI SRL",GAMM01,"GAMMA SALOTTI SRL",GAMM01,615.15.00,353.51.00,615.15.00,615.15.00,22,,Riferimento,1,,0,0,0,0,0,0,0,,0,0,,3000-12-31T00:00:00,2023-04-18T16:56:59.917,2,"DIVANI E POLTRONE",11,Poltrone,,,BASIC,,Array,,,
14605,22443366,88,146050,"web poltrona 1seduta scor 110x98/135h96 cucitura tin austin 18 grig.ch",POLVEND3,OSLO,"GAMMA SALOTTI SRL",GAMM01,"GAMMA SALOTTI SRL",GAMM01,615.15.00,353.51.00,615.15.00,615.15.00,22,,Riferimento,1,,0,0,0,0,0,0,0,,0,0,,3000-12-31T00:00:00,2023-04-18T16:56:59.917,2,"DIVANI E POLTRONE",11,Poltrone,,,BASIC,,Array,,,
14606,22443373,88,146067,"web poltrona 1seduta scor 110x98/135h96 cucitura tin austin 19 tortora",POLVEND3,OSLO,"GAMMA SALOTTI SRL",GAMM01,"GAMMA SALOTTI SRL",GAMM01,615.15.00,353.51.00,615.15.00,615.15.00,22,,Riferimento,1,,0,0,0,0,0,0,0,,0,0,,3000-12-31T00:00:00,2023-04-18T16:56:59.93,2,"DIVANI E POLTRONE",11,Poltrone,,,BASIC,,Array,,,
14607,22443380,88,146074,"web divano 2p.2seduta scor 170x98/135h96 cucitura tin austin 2 beige",POLVEND3,OSLO,"GAMMA SALOTTI SRL",GAMM01,"GAMMA SALOTTI SRL",GAMM01,893.44.00,486.38.00,893.44.00,893.44.00,22,,Riferimento,1,,0,0,0,0,0,0,0,,0,0,,3000-12-31T00:00:00,2023-04-18T16:56:59.947,2,"DIVANI E POLTRONE",12,Divani,,,BASIC,,Array,,,
14608,22443397,88,146081,"web divano 2p.2seduta scor 170x98/135h96 cucitura tin austin 11 giallo",POLVEND3,OSLO,"GAMMA SALOTTI SRL",GAMM01,"GAMMA SALOTTI SRL",GAMM01,893.44.00,486.38.00,893.44.00,893.44.00,22,,Riferimento,1,,0,0,0,0,0,0,0,,0,0,,3000-12-31T00:00:00,2023-04-18T16:56:59.947,2,"DIVANI E POLTRONE",12,Divani,,,BASIC,,Array,,,
14609,22443403,88,146098,"web divano 2p.2seduta scor 170x98/135h96 cucitura tin austin 14 blu",POLVEND3,OSLO,"GAMMA SALOTTI SRL",GAMM01,"GAMMA SALOTTI SRL",GAMM01,893.44.00,486.38.00,893.44.00,893.44.00,22,,Riferimento,1,,0,0,0,0,0,0,0,,0,0,,3000-12-31T00:00:00,2023-04-18T16:56:59.947,2,"DIVANI E POLTRONE",12,Divani,,,BASIC,,Array,,,
14610,22443410,88,146104,"web divano 2p.2seduta scor 170x98/135h96 cucitura tin austin 17 bianco",POLVEND3,OSLO,"GAMMA SALOTTI SRL",GAMM01,"GAMMA SALOTTI SRL",GAMM01,893.44.00,486.38.00,893.44.00,893.44.00,22,,Riferimento,1,,0,0,0,0,0,0,0,,0,0,,3000-12-31T00:00:00,2023-04-18T16:56:59.963,2,"DIVANI E POLTRONE",12,Divani,,,BASIC,,Array,,,
14611,22443427,88,146111,"web divano 2p.2seduta scor 170x98/135h96 cucitura tin austin 18 grig.ch",POLVEND3,OSLO,"GAMMA SALOTTI SRL",GAMM01,"GAMMA SALOTTI SRL",GAMM01,893.44.00,486.38.00,893.44.00,893.44.00,22,,Riferimento,1,,0,0,0,0,0,0,0,,0,0,,3000-12-31T00:00:00,2023-04-18T16:56:59.963,2,"DIVANI E POLTRONE",12,Divani,,,BASIC,,Array,,,
14612,22443434,88,146128,"web divano 2p.2seduta scor 170x98/135h96 cucitura tin austin 19 tortor",POLVEND3,OSLO,"GAMMA SALOTTI SRL",GAMM01,"GAMMA SALOTTI SRL",GAMM01,893.44.00,486.38.00,893.44.00,893.44.00,22,,Riferimento,1,,0,0,0,0,0,0,0,,0,0,,3000-12-31T00:00:00,2023-04-18T16:56:59.963,2,"DIVANI E POLTRONE",12,Divani,,,BASIC,,Array,,,
14613,22443441,88,146135,"web divano 3p.maxi 3seduta scor 230x98h96 cucitura tin austin 2 beige",POLVEND3,OSLO,"GAMMA SALOTTI SRL",GAMM01,"GAMMA SALOTTI SRL",GAMM01,1139.34.00,645.18.00,1139.34.00,1139.34.00,22,,Riferimento,1,,0,0,0,0,0,0,0,,0,0,,3000-12-31T00:00:00,2023-04-18T16:56:59.98,2,"DIVANI E POLTRONE",12,Divani,,,BASIC,,Array,,,
14614,22443458,88,146142,"web divano 3p.maxi 3seduta scor 230x98h96 cucitura tin austin 11 giall",POLVEND3,OSLO,"GAMMA SALOTTI SRL",GAMM01,"GAMMA SALOTTI SRL",GAMM01,1139.34.00,645.18.00,1139.34.00,1139.34.00,22,,Riferimento,1,,0,0,0,0,0,0,0,,0,0,,3000-12-31T00:00:00,2023-04-18T16:57:01.493,2,"DIVANI E POLTRONE",12,Divani,,,BASIC,,Array,,,
14615,22443465,88,146159,"web divano 3p.maxi 3seduta scor 230x98h96 cucitura tin austin 14 blu",POLVEND3,OSLO,"GAMMA SALOTTI SRL",GAMM01,"GAMMA SALOTTI SRL",GAMM01,1139.34.00,645.18.00,1139.34.00,1139.34.00,22,,Riferimento,1,,0,0,0,0,0,0,0,,0,0,,3000-12-31T00:00:00,2023-04-18T16:57:01.51,2,"DIVANI E POLTRONE",12,Divani,,,BASIC,,Array,,,
14616,22443472,88,146166,"web divano 3p.maxi 3seduta scor 230x98h96 cucitura tin austin 17 bianc",POLVEND3,OSLO,"GAMMA SALOTTI SRL",GAMM01,"GAMMA SALOTTI SRL",GAMM01,1139.34.00,645.18.00,1139.34.00,1139.34.00,22,,Riferimento,1,,0,0,0,0,0,0,0,,0,0,,3000-12-31T00:00:00,2023-04-18T16:57:01.527,2,"DIVANI E POLTRONE",12,Divani,,,BASIC,,Array,,,
14617,22443489,88,146173,"web divano 3p.maxi 3seduta scor 230x98h96 cucitura tin austin 18 grig.ch",POLVEND3,OSLO,"GAMMA SALOTTI SRL",GAMM01,"GAMMA SALOTTI SRL",GAMM01,1139.34.00,645.18.00,1139.34.00,1139.34.00,22,,Riferimento,1,,0,0,0,0,0,0,0,,0,0,,3000-12-31T00:00:00,2023-04-18T16:57:01.527,2,"DIVANI E POLTRONE",12,Divani,,,BASIC,,Array,,,
14618,22443496,88,146180,"web divano 3p.maxi 3seduta scor 230x98h96 cucitura tin austin 19 tortor",POLVEND3,OSLO,"GAMMA SALOTTI SRL",GAMM01,"GAMMA SALOTTI SRL",GAMM01,1139.34.00,645.18.00,1139.34.00,1139.34.00,22,,Riferimento,1,,0,0,0,0,0,0,0,,0,0,,3000-12-31T00:00:00,2023-04-18T16:57:01.54,2,"DIVANI E POLTRONE",12,Divani,,,BASIC,,Array,,,
14619,22446848,88,146197,"web divano 2p dx 2seduta scor 245x163x96h cucitura tin austin 2 beige",POLVEND3,OSLO,"GAMMA SALOTTI SRL",GAMM01,"GAMMA SALOTTI SRL",GAMM01,1377.05.00,774.06.00,1377.05.00,1377.05.00,22,,Riferimento,1,,0,0,0,0,0,0,0,,0,0,,3000-12-31T00:00:00,2023-04-18T16:57:01.54,2,"DIVANI E POLTRONE",13,"Divani modulari",,,BASIC,,Array,,,
14620,22446855,88,146203,"web divano 2p dx 2seduta scor 245x163x96h cucitura tin austin 11 giallo",POLVEND3,OSLO,"GAMMA SALOTTI SRL",GAMM01,"GAMMA SALOTTI SRL",GAMM01,1377.05.00,774.06.00,1377.05.00,1377.05.00,22,,Riferimento,1,,0,0,0,0,0,0,0,,0,0,,3000-12-31T00:00:00,2023-04-18T16:57:01.557,2,"DIVANI E POLTRONE",13,"Divani modulari",,,BASIC,,Array,,,
14621,22446862,88,146210,"web divano 2p dx 2seduta scor 245x163x96h cucitura tin austin 14 blu",POLVEND3,OSLO,"GAMMA SALOTTI SRL",GAMM01,"GAMMA SALOTTI SRL",GAMM01,1377.05.00,774.06.00,1377.05.00,1377.05.00,22,,Riferimento,1,,0,0,0,0,0,0,0,,0,0,,3000-12-31T00:00:00,2023-04-18T16:57:01.557,2,"DIVANI E POLTRONE",13,"Divani modulari",,,BASIC,,Array,,,
14622,22446879,88,146227,"web divano 2p dx 2seduta scor 245x163x96h cucitura tin austin 17 bianco",POLVEND3,OSLO,"GAMMA SALOTTI SRL",GAMM01,"GAMMA SALOTTI SRL",GAMM01,1377.05.00,774.06.00,1377.05.00,1377.05.00,22,,Riferimento,1,,0,0,0,0,0,0,0,,0,0,,3000-12-31T00:00:00,2023-04-18T16:57:01.573,2,"DIVANI E POLTRONE",13,"Divani modulari",,,BASIC,,Array,,,
14623,22446886,88,146234,"web divano 2p dx 2seduta scor 245x163x96h cucitura tin austin 18 grig.ch",POLVEND3,OSLO,"GAMMA SALOTTI SRL",GAMM01,"GAMMA SALOTTI SRL",GAMM01,1377.05.00,774.06.00,1377.05.00,1377.05.00,22,,Riferimento,1,,0,0,0,0,0,0,0,,0,0,,3000-12-31T00:00:00,2023-04-18T16:57:01.573,2,"DIVANI E POLTRONE",13,"Divani modulari",,,BASIC,,Array,,,
14624,22446893,88,146241,"web divano 2p dx 2seduta scor 245x163x96h cucitura tin austin 19 tortor",POLVEND3,OSLO,"GAMMA SALOTTI SRL",GAMM01,"GAMMA SALOTTI SRL",GAMM01,1377.05.00,774.06.00,1377.05.00,1377.05.00,22,,Riferimento,1,,0,0,0,0,0,0,0,,0,0,,3000-12-31T00:00:00,2023-04-18T16:57:01.587,2,"DIVANI E POLTRONE",13,"Divani modulari",,,BASIC,,Array,,,
14625,22446909,88,146258,"web divano 2p sx 2seduta scor 245x163x96h cucitura tin austin 2 beige",POLVEND3,OSLO,"GAMMA SALOTTI SRL",GAMM01,"GAMMA SALOTTI SRL",GAMM01,1377.05.00,774.06.00,1377.05.00,1377.05.00,22,,Riferimento,1,,0,0,0,0,0,0,0,,0,0,,3000-12-31T00:00:00,2023-04-18T16:57:01.587,2,"DIVANI E POLTRONE",13,"Divani modulari",,,BASIC,,Array,,,
14626,22446916,88,146265,"web divano 2p sx 2seduta scor 245x163x96h cucitura tin austin 11 giallo",POLVEND3,OSLO,"GAMMA SALOTTI SRL",GAMM01,"GAMMA SALOTTI SRL",GAMM01,1377.05.00,774.06.00,1377.05.00,1377.05.00,22,,Riferimento,1,,0,0,0,0,0,0,0,,0,0,,3000-12-31T00:00:00,2023-04-18T16:57:01.587,2,"DIVANI E POLTRONE",13,"Divani modulari",,,BASIC,,Array,,,
14627,22446923,88,146272,"web divano 2p sx 2seduta scor 245x163x96h cucitura tin austin 14 blu",POLVEND3,OSLO,"GAMMA SALOTTI SRL",GAMM01,"GAMMA SALOTTI SRL",GAMM01,1377.05.00,774.06.00,1377.05.00,1377.05.00,22,,Riferimento,1,,0,0,0,0,0,0,0,,0,0,,3000-12-31T00:00:00,2023-04-18T16:57:01.603,2,"DIVANI E POLTRONE",13,"Divani modulari",,,BASIC,,Array,,,
14628,22446930,88,146289,"web divano 2p sx 2seduta scor 245x163x96h cucitura tin austin 17 bianco",POLVEND3,OSLO,"GAMMA SALOTTI SRL",GAMM01,"GAMMA SALOTTI SRL",GAMM01,1377.05.00,774.06.00,1377.05.00,1377.05.00,22,,Riferimento,1,,0,0,0,0,0,0,0,,0,0,,3000-12-31T00:00:00,2023-04-18T16:57:01.603,2,"DIVANI E POLTRONE",13,"Divani modulari",,,BASIC,,Array,,,
14629,22446947,88,146296,"web divano 2p sx 2seduta scor 245x163x96h cucitura tin austin 18 grig.ch",POLVEND3,OSLO,"GAMMA SALOTTI SRL",GAMM01,"GAMMA SALOTTI SRL",GAMM01,1377.05.00,774.06.00,1377.05.00,1377.05.00,22,,Riferimento,1,,0,0,0,0,0,0,0,,0,0,,3000-12-31T00:00:00,2023-04-18T16:57:01.603,2,"DIVANI E POLTRONE",13,"Divani modulari",,,BASIC,,Array,,,
14630,22446954,88,146302,"web divano 2p sx 2seduta scor 245x163x96h cucitura tin austin 19 tortor",POLVEND3,OSLO,"GAMMA SALOTTI SRL",GAMM01,"GAMMA SALOTTI SRL",GAMM01,1377.05.00,774.06.00,1377.05.00,1377.05.00,22,,Riferimento,1,,0,0,0,0,0,0,0,,0,0,,3000-12-31T00:00:00,2023-04-18T16:57:01.62,2,"DIVANI E POLTRONE",13,"Divani modulari",,,BASIC,,Array,,,
14631,22446961,88,146319,"web divano 3p.c/2seduta scor 200x98/135h96 cucitura tin austin 2 beige",POLVEND3,OSLO,"GAMMA SALOTTI SRL",GAMM01,"GAMMA SALOTTI SRL",GAMM01,975.41.00,525.08.00,975.41.00,975.41.00,22,,Riferimento,1,,0,0,0,0,0,0,0,,0,0,,3000-12-31T00:00:00,2023-04-18T16:57:01.62,2,"DIVANI E POLTRONE",12,Divani,,,BASIC,,Array,,,
14632,22446978,88,146326,"web divano 3p.c/2seduta scor 200x98/135h96 cucitura tin austin 11 giallo",POLVEND3,OSLO,"GAMMA SALOTTI SRL",GAMM01,"GAMMA SALOTTI SRL",GAMM01,975.41.00,525.08.00,975.41.00,975.41.00,22,,Riferimento,1,,0,0,0,0,0,0,0,,0,0,,3000-12-31T00:00:00,2023-04-18T16:57:01.633,2,"DIVANI E POLTRONE",12,Divani,,,BASIC,,Array,,,
14633,22446985,88,146333,"web divano 3p.c/2seduta scor 200x98/135h96 cucitura tin austin 14 blu",POLVEND3,OSLO,"GAMMA SALOTTI SRL",GAMM01,"GAMMA SALOTTI SRL",GAMM01,975.41.00,525.08.00,975.41.00,975.41.00,22,,Riferimento,1,,0,0,0,0,0,0,0,,0,0,,3000-12-31T00:00:00,2023-04-18T16:57:01.633,2,"DIVANI E POLTRONE",12,Divani,,,BASIC,,Array,,,
14634,22446992,88,146340,"web divano 3p.c/2seduta scor 200x98/135h96 cucitura tin austin 17 bianco",POLVEND3,OSLO,"GAMMA SALOTTI SRL",GAMM01,"GAMMA SALOTTI SRL",GAMM01,975.41.00,525.08.00,975.41.00,975.41.00,22,,Riferimento,1,,0,0,0,0,0,0,0,,0,0,,3000-12-31T00:00:00,2023-04-18T16:57:01.65,2,"DIVANI E POLTRONE",12,Divani,,,BASIC,,Array,,,
14635,22447005,88,146357,"web divano 3p.c/2seduta scor 200x98/135h96 cucitura tin austin 18 grig.ch",POLVEND3,OSLO,"GAMMA SALOTTI SRL",GAMM01,"GAMMA SALOTTI SRL",GAMM01,975.41.00,525.08.00,975.41.00,975.41.00,22,,Riferimento,1,,0,0,0,0,0,0,0,,0,0,,3000-12-31T00:00:00,2023-04-18T16:57:01.65,2,"DIVANI E POLTRONE",12,Divani,,,BASIC,,Array,,,
14636,22447012,88,146364,"web divano 3p.c/2seduta scor 200x98/135h96 cucitura tin austin 19 tortora",POLVEND3,OSLO,"GAMMA SALOTTI SRL",GAMM01,"GAMMA SALOTTI SRL",GAMM01,975.41.00,525.08.00,975.41.00,975.41.00,22,,Riferimento,1,,0,0,0,0,0,0,0,,0,0,,3000-12-31T00:00:00,2023-04-18T16:57:01.667,2,"DIVANI E POLTRONE",12,Divani,,,BASIC,,Array,,,
14637,22487469,88,146371,"x web divano 3p cm.215 tessuto austin edwaed3ppromo 05 fossil 1pcs, edwaedsupschpromo 02 beige 2pcs, edwaedschpromo 05 fossil 2pcs, edwaedpogrenipromo 02 beige 2pcs",POLVEND3,SINGAPORE,"GAMMA SALOTTI SRL",GAMM01,"GAMMA SALOTTI SRL",GAMM01,902.04.00,457.25.00,902.04.00,902.04.00,22,,Riferimento,1,,0,0,0,0,0,0,0,,0,0,,3000-12-31T00:00:00,2023-04-18T16:57:01.683,2,"DIVANI E POLTRONE",12,Divani,,,BASIC,,Array,,,
14638,22487476,88,146388,"x web divano 3p cm.215 tessuto austin edwaed3ppromo 12 olive 1pcs, edwaedsupschpromo 02 beige 2pcs, edwaedschpromo 12 olive 2pcs, edwaedpogrenipromo 02 beige 2pcs",POLVEND3,SINGAPORE,"GAMMA SALOTTI SRL",GAMM01,"GAMMA SALOTTI SRL",GAMM01,902.04.00,457.25.00,902.04.00,902.04.00,22,,Riferimento,1,,0,0,0,0,0,0,0,,0,0,,3000-12-31T00:00:00,2023-04-18T16:57:01.683,2,"DIVANI E POLTRONE",12,Divani,,,BASIC,,Array,,,
14639,22487483,88,146395,"x web divano 3p cm.215 tessuto austin edwaed3ppromo 19 anthracite 1pcs, edwaedsupschpromo 17 silver 2pcs, edwaedschpromo 19 anthracite 2pcs, edwaedpogrenipromo 17 silver 2pcs",POLVEND3,SINGAPORE,"GAMMA SALOTTI SRL",GAMM01,"GAMMA SALOTTI SRL",GAMM01,902.04.00,457.25.00,902.04.00,902.04.00,22,,Riferimento,1,,0,0,0,0,0,0,0,,0,0,,3000-12-31T00:00:00,2023-04-18T16:57:01.697,2,"DIVANI E POLTRONE",12,Divani,,,BASIC,,Array,,,
14640,22487490,88,146401,"x web divano 3p cm.215 tessuto austin edwaed3ppromo 17 silver 1pcs, edwaedsupschpromo 11 corcume 2pcs, edwaedschpromo 17 silver 2pcs, edwaedpogrenipromo 11 corcume 2pcs",POLVEND3,SINGAPORE,"GAMMA SALOTTI SRL",GAMM01,"GAMMA SALOTTI SRL",GAMM01,902.04.00,457.25.00,902.04.00,902.04.00,22,,Riferimento,1,,0,0,0,0,0,0,0,,0,0,,3000-12-31T00:00:00,2023-04-18T16:57:01.713,2,"DIVANI E POLTRONE",12,Divani,,,BASIC,,Array,,,
14641,22487506,88,146418,"x web divano 2p cm.195 tessuto austin edwaed2pmaxipromo 05 fossil 1pcs, edwaedsupschpromo 02 beige 2pcs, edwaedschpromo 05 fossil 2pcs, edwaedpogrenipromo 02 beige 2pcs",POLVEND3,SINGAPORE,"GAMMA SALOTTI SRL",GAMM01,"GAMMA SALOTTI SRL",GAMM01,861.06.00,441.29.00,861.06.00,861.06.00,22,,Riferimento,1,,0,0,0,0,0,0,0,,0,0,,3000-12-31T00:00:00,2023-04-18T16:57:01.713,2,"DIVANI E POLTRONE",12,Divani,,,BASIC,,Array,,,
14642,22487513,88,146425,"x web divano 2p cm.195 tessuto austin edwaed2pmaxipromo 12 olive 1pcs, edwaedsupschpromo 02 beige 2pcs, edwaedschpromo 12 olive 2pcs, edwaedpogrenipromo 02 beige 2pcs",POLVEND3,SINGAPORE,"GAMMA SALOTTI SRL",GAMM01,"GAMMA SALOTTI SRL",GAMM01,861.06.00,441.29.00,861.06.00,861.06.00,22,,Riferimento,1,,0,0,0,0,0,0,0,,0,0,,3000-12-31T00:00:00,2023-04-18T16:57:01.73,2,"DIVANI E POLTRONE",12,Divani,,,BASIC,,Array,,,
14643,22487520,88,146432,"x web divano 2p cm.195 tessuto austin edwaed2pmaxipromo 19 anthracite 1pcs, edwaedsupschpromo 17 silver 2pcs, edwaedschpromo 19 anthracite 2pcs, edwaedpogrenipromo 17 silver 2pcs",POLVEND3,SINGAPORE,"GAMMA SALOTTI SRL",GAMM01,"GAMMA SALOTTI SRL",GAMM01,861.06.00,441.29.00,861.06.00,861.06.00,22,,Riferimento,1,,0,0,0,0,0,0,0,,0,0,,3000-12-31T00:00:00,2023-04-18T16:57:01.743,2,"DIVANI E POLTRONE",12,Divani,,,BASIC,,Array,,,
14644,22487537,88,146449,"x web divano 2p cm.195 tessuto austin edwaed2pmaxipromo 17 silver 1pcs, edwaedsupschpromo 11 corcume 2pcs, edwaedschpromo 17 silver 2pcs, edwaedpogrenipromo 11 corcume 2pcs",POLVEND3,SINGAPORE,"GAMMA SALOTTI SRL",GAMM01,"GAMMA SALOTTI SRL",GAMM01,861.06.00,441.29.00,861.06.00,861.06.00,22,,Riferimento,1,,0,0,0,0,0,0,0,,0,0,,3000-12-31T00:00:00,2023-04-18T16:57:01.743,2,"DIVANI E POLTRONE",12,Divani,,,BASIC,,Array,,,
14645,22487544,88,146456,"x web divano 3p max cm.235 tessuto austin edwaed3pmaxipromo 05 fossil 1pcs, edwaedsupschpromo 02 beige 2pcs, edwaedschpromo 05 fossil 2pcs, edwaedpogrenipromo 02 beige 2pcs",POLVEND3,SINGAPORE,"GAMMA SALOTTI SRL",GAMM01,"GAMMA SALOTTI SRL",GAMM01,975.41.00,477.21.00,975.41.00,975.41.00,22,,Riferimento,1,,0,0,0,0,0,0,0,,0,0,,3000-12-31T00:00:00,2023-04-18T16:57:01.76,2,"DIVANI E POLTRONE",12,Divani,,,BASIC,,Array,,,
14646,22487551,88,146463,"x web divano 3p max cm.235 tessuto austin edwaed3pmaxipromo 12 olive 1pcs, edwaedsupschpromo 02 beige 2pcs, edwaedschpromo 12 olive 2pcs, edwaedpogrenipromo 02 beige 2pcs",POLVEND3,SINGAPORE,"GAMMA SALOTTI SRL",GAMM01,"GAMMA SALOTTI SRL",GAMM01,975.41.00,477.21.00,975.41.00,975.41.00,22,,Riferimento,1,,0,0,0,0,0,0,0,,0,0,,3000-12-31T00:00:00,2023-04-18T16:57:01.76,2,"DIVANI E POLTRONE",12,Divani,,,BASIC,,Array,,,
14647,22487568,88,146470,"x web divano 3p max cm.235 tessuto austin edwaed3pmaxipromo 19 anthracite 1pcs, edwaedsupschpromo 17 silver 2pcs, edwaedschpromo 19 anthracite 2pcs, edwaedpogrenipromo 17 silver 2pcs",POLVEND3,SINGAPORE,"GAMMA SALOTTI SRL",GAMM01,"GAMMA SALOTTI SRL",GAMM01,975.41.00,477.21.00,975.41.00,975.41.00,22,,Riferimento,1,,0,0,0,0,0,0,0,,0,0,,3000-12-31T00:00:00,2023-04-18T16:57:01.777,2,"DIVANI E POLTRONE",12,Divani,,,BASIC,,Array,,,
14648,22487575,88,146487,"x web divano 3p max cm.235 tessuto austin edwaed3pmaxipromo 17 silver 1pcs, edwaedsupschpromo 11 corcume 2pcs, edwaedschpromo 17 silver 2pcs, edwaedpogrenipromo 11 corcume 2pcs",POLVEND3,SINGAPORE,"GAMMA SALOTTI SRL",GAMM01,"GAMMA SALOTTI SRL",GAMM01,975.41.00,477.21.00,975.41.00,975.41.00,22,,Riferimento,1,,0,0,0,0,0,0,0,,0,0,,3000-12-31T00:00:00,2023-04-18T16:57:01.79,2,"DIVANI E POLTRONE",12,Divani,,,BASIC,,Array,,,
14649,22487582,88,146494,"x web divano angolo cm.310 tessuto austin edwaed2pmaxipromo 05fossil 1pcs, edwaed2ppromo 05fossil 1pcs, edwaedsupschpromo 02beige 3pcs, edwaedschpromo 05fossil 3pcs, edwaedpogrenipromo 02beige 3pcs",POLVEND3,SINGAPORE,"GAMMA SALOTTI SRL",GAMM01,"GAMMA SALOTTI SRL",GAMM01,1516.39.00,756.9,1516.39.00,1516.39.00,22,,Riferimento,1,,0,0,0,0,0,0,0,,0,0,,3000-12-31T00:00:00,2023-04-18T16:57:01.79,2,"DIVANI E POLTRONE",13,"Divani modulari",,,BASIC,,Array,,,
14650,22487599,88,146500,"web angolo cm.310 tessuto austin edwaed2pmaxipromo 12olive 1pcs, edwaed2ppromo 12olive 1pcs, edwaedsupschpromo 02beige 3pcs, edwaedschpromo 12olive 3pcs, edwaedpogrenipromo 02beige 3pcs",POLVEND3,SINGAPORE,"GAMMA SALOTTI SRL",GAMM01,"GAMMA SALOTTI SRL",GAMM01,1516.39.00,756.9,1516.39.00,1516.39.00,22,,Riferimento,1,,0,0,0,0,0,0,0,,0,0,,3000-12-31T00:00:00,2023-04-18T16:57:01.807,2,"DIVANI E POLTRONE",13,"Divani modulari",,,BASIC,,Array,,,
14651,22487605,88,146517,"web a c.310 t.austin edwaed2pmaxipromo 19 anthracite 1 pcs, edwaed2ppromo 19anthracite 1pcs, edwaedsupschpromo 17silver 3pcs, edwaedschpromo 19anthracite 3pcs, edwaedpogrenipromo 17silver 3pcs",POLVEND3,SINGAPORE,"GAMMA SALOTTI SRL",GAMM01,"GAMMA SALOTTI SRL",GAMM01,1516.39.00,756.9,1516.39.00,1516.39.00,22,,Riferimento,1,,0,0,0,0,0,0,0,,0,0,,3000-12-31T00:00:00,2023-04-18T16:57:01.823,2,"DIVANI E POLTRONE",13,"Divani modulari",,,BASIC,,Array,,,
14652,22487612,88,146524,"web angolo cm.310 tessuto austin edwaed2pmaxipromo 17silver 1pcs, edwaed2ppromo 17silver 1pcs, edwaedsupschpromo 11corcume 3pcs, edwaedschpromo 17silver 3pcs, edwaedpogrenipromo 11corcume 3pcs",POLVEND3,SINGAPORE,"GAMMA SALOTTI SRL",GAMM01,"GAMMA SALOTTI SRL",GAMM01,1516.39.00,756.9,1516.39.00,1516.39.00,22,,Riferimento,1,,0,0,0,0,0,0,0,,0,0,,3000-12-31T00:00:00,2023-04-18T16:57:01.823,2,"DIVANI E POLTRONE",13,"Divani modulari",,,BASIC,,Array,,,
14653,22487629,88,146531,"x web divano angolo cm.310 tessuto austin edwaed2pmaxipromo 05 fossil 2pcs, edwaedsupschpromo 02 beige 3pcs, edwaedschpromo 05 fossil 3pcs, edwaedpogrenipromo 02 beige 3pcs",POLVEND3,SINGAPORE,"GAMMA SALOTTI SRL",GAMM01,"GAMMA SALOTTI SRL",GAMM01,1549.18.00,770.47.00,1549.18.00,1549.18.00,22,,Riferimento,1,,0,0,0,0,0,0,0,,0,0,,3000-12-31T00:00:00,2023-04-18T16:57:01.837,2,"DIVANI E POLTRONE",13,"Divani modulari",,,BASIC,,Array,,,
14654,22487636,88,146548,"x web divano angolo cm.310 tessuto austin edwaed2pmaxipromo 12 olive 2pcs, edwaedsupschpromo 02 beige 3pcs, edwaedschpromo 12 olive 3pcs, edwaedpogrenipromo 02 beige 3pcs",POLVEND3,SINGAPORE,"GAMMA SALOTTI SRL",GAMM01,"GAMMA SALOTTI SRL",GAMM01,1549.18.00,770.47.00,1549.18.00,1549.18.00,22,,Riferimento,1,,0,0,0,0,0,0,0,,0,0,,3000-12-31T00:00:00,2023-04-18T16:57:01.853,2,"DIVANI E POLTRONE",13,"Divani modulari",,,BASIC,,Array,,,
14655,22487643,88,146555,"x web divano angolo cm.310 tessuto austin edwaed2pmaxipromo 19 anthracite 2pcs, edwaedsupschpromo 17 silver 3pcs, edwaedschpromo 19 anthracite 3pcs, edwaedpogrenipromo 17 silver 3pcs",POLVEND3,SINGAPORE,"GAMMA SALOTTI SRL",GAMM01,"GAMMA SALOTTI SRL",GAMM01,1549.18.00,770.47.00,1549.18.00,1549.18.00,22,,Riferimento,1,,0,0,0,0,0,0,0,,0,0,,3000-12-31T00:00:00,2023-04-18T16:57:01.853,2,"DIVANI E POLTRONE",13,"Divani modulari",,,BASIC,,Array,,,
14656,22487650,88,146562,"x web divano angolo cm.310 tessuto austin edwaed2pmaxipromo 17 silver 2pcs, edwaedsupschpromo 11 corcume 3pcs, edwaedschpromo 17 silver 3pcs, edwaedpogrenipromo 11 corcume 3pcs",POLVEND3,SINGAPORE,"GAMMA SALOTTI SRL",GAMM01,"GAMMA SALOTTI SRL",GAMM01,1549.18.00,770.47.00,1549.18.00,1549.18.00,22,,Riferimento,1,,0,0,0,0,0,0,0,,0,0,,3000-12-31T00:00:00,2023-04-18T16:57:01.87,2,"DIVANI E POLTRONE",13,"Divani modulari",,,BASIC,,Array,,,
22134,22456212,88,221344,"web codice da non usare sogg.360x36/25x160h",POLVEND3,CLOUD_01,"HOMES SPA",HOME09,"HOMES SPA",HOME09,245.9,100,245.9,245.9,22,,Riferimento,1,,0,0,0,0,0,0,0,,0,0,,3000-12-31T00:00:00,2023-04-19T16:54:26,1,SOGGIORNI,24,"Soggiorni a composizione fissa",,,BASIC,,Array,,,
22135,22456229,88,221351,"web codice da non usare sogg.360x48/35/25x175h",POLVEND3,CLOUD_02,"HOMES SPA",HOME09,"HOMES SPA",HOME09,245.9,100,245.9,245.9,22,,Riferimento,1,,0,0,0,0,0,0,0,,0,0,,3000-12-31T00:00:00,2023-04-19T16:54:26,1,SOGGIORNI,24,"Soggiorni a composizione fissa",,,BASIC,,Array,,,
22136,22456236,88,221368,"web codice da non usare sogg.330x48/25x175h",POLVEND3,CLOUD_03,"HOMES SPA",HOME09,"HOMES SPA",HOME09,245.9,100,245.9,245.9,22,,Riferimento,1,,0,0,0,0,0,0,0,,0,0,,3000-12-31T00:00:00,2023-04-19T16:54:26.017,1,SOGGIORNI,24,"Soggiorni a composizione fissa",,,BASIC,,Array,,,
22137,22456243,88,221375,"web codice da non usare sogg.330x48/35x180h",POLVEND3,CLOUD_04,"HOMES SPA",HOME09,"HOMES SPA",HOME09,245.9,100,245.9,245.9,22,,Riferimento,1,,0,0,0,0,0,0,0,,0,0,,3000-12-31T00:00:00,2023-04-19T16:54:26.03,1,SOGGIORNI,24,"Soggiorni a composizione fissa",,,BASIC,,Array,,,
22138,22456250,88,221382,"web codice da non usare sogg.300x48/35/25x180h",POLVEND3,CLOUD_05,"HOMES SPA",HOME09,"HOMES SPA",HOME09,245.9,100,245.9,245.9,22,,Riferimento,1,,0,0,0,0,0,0,0,,0,0,,3000-12-31T00:00:00,2023-04-19T16:54:26.03,1,SOGGIORNI,24,"Soggiorni a composizione fissa",,,BASIC,,Array,,,
22139,22456267,88,221399,"web codice da non usare sogg.300x48/35/25x180h",POLVEND3,CLOUD_06,"HOMES SPA",HOME09,"HOMES SPA",HOME09,245.9,100,245.9,245.9,22,,Riferimento,1,,0,0,0,0,0,0,0,,0,0,,3000-12-31T00:00:00,2023-04-19T16:54:26.047,1,SOGGIORNI,24,"Soggiorni a composizione fissa",,,BASIC,,Array,,,
22140,22456274,88,221405,"web codice da non usare sogg.360x48/35x184h",POLVEND3,CLOUD_07,"HOMES SPA",HOME09,"HOMES SPA",HOME09,245.9,100,245.9,245.9,22,,Riferimento,1,,0,0,0,0,0,0,0,,0,0,,3000-12-31T00:00:00,2023-04-19T16:54:26.047,1,SOGGIORNI,24,"Soggiorni a composizione fissa",,,BASIC,,Array,,,
22141,22456281,88,221412,"web codice da non usare sogg.290x48/35x184h",POLVEND3,CLOUD_08,"HOMES SPA",HOME09,"HOMES SPA",HOME09,245.9,100,245.9,245.9,22,,Riferimento,1,,0,0,0,0,0,0,0,,0,0,,3000-12-31T00:00:00,2023-04-19T16:54:26.063,1,SOGGIORNI,24,"Soggiorni a composizione fissa",,,BASIC,,Array,,,
22142,22456298,88,221429,"web codice da non usare sogg.320x48/25x184h",POLVEND3,CLOUD_09,"HOMES SPA",HOME09,"HOMES SPA",HOME09,245.9,100,245.9,245.9,22,,Riferimento,1,,0,0,0,0,0,0,0,,0,0,,3000-12-31T00:00:00,2023-04-19T16:54:26.063,1,SOGGIORNI,24,"Soggiorni a composizione fissa",,,BASIC,,Array,,,
22143,22456304,88,221436,"web codice da non usare sogg.300x48/35/25x184h",POLVEND3,CLOUD_10,"HOMES SPA",HOME09,"HOMES SPA",HOME09,245.9,100,245.9,245.9,22,,Riferimento,1,,0,0,0,0,0,0,0,,0,0,,3000-12-31T00:00:00,2023-04-19T16:54:26.08,1,SOGGIORNI,24,"Soggiorni a composizione fissa",,,BASIC,,Array,,,
22144,22456311,88,221443,"web codice da non usare sogg.330x48/27/48x176h",POLVEND3,CLOUD_11,"HOMES SPA",HOME09,"HOMES SPA",HOME09,245.9,100,245.9,245.9,22,,Riferimento,1,,0,0,0,0,0,0,0,,0,0,,3000-12-31T00:00:00,2023-04-19T16:54:26.093,1,SOGGIORNI,24,"Soggiorni a composizione fissa",,,BASIC,,Array,,,
22145,22456328,88,221450,"web codice da non usare sogg.330x48/35/25x184h",POLVEND3,CLOUD_12,"HOMES SPA",HOME09,"HOMES SPA",HOME09,245.9,100,245.9,245.9,22,,Riferimento,1,,0,0,0,0,0,0,0,,0,0,,3000-12-31T00:00:00,2023-04-19T16:54:26.093,1,SOGGIORNI,24,"Soggiorni a composizione fissa",,,BASIC,,Array,,,
22146,22456335,88,221467,"web codice da non usare sogg.330x48/35/27x184h",POLVEND3,CLOUD_13,"HOMES SPA",HOME09,"HOMES SPA",HOME09,245.9,100,245.9,245.9,22,,Riferimento,1,,0,0,0,0,0,0,0,,0,0,,3000-12-31T00:00:00,2023-04-19T16:54:26.11,1,SOGGIORNI,24,"Soggiorni a composizione fissa",,,BASIC,,Array,,,
22147,22456342,88,221474,"web codice da non usare sogg.300x48/25x165h",POLVEND3,CLOUD_14,"HOMES SPA",HOME09,"HOMES SPA",HOME09,245.9,100,245.9,245.9,22,,Riferimento,1,,0,0,0,0,0,0,0,,0,0,,3000-12-31T00:00:00,2023-04-19T16:54:26.11,1,SOGGIORNI,24,"Soggiorni a composizione fissa",,,BASIC,,Array,,,
22148,22456359,88,221481,"web codice da non usare sogg.375x48/35x170h",POLVEND3,CLOUD_15,"HOMES SPA",HOME09,"HOMES SPA",HOME09,245.9,100,245.9,245.9,22,,Riferimento,1,,0,0,0,0,0,0,0,,0,0,,3000-12-31T00:00:00,2023-04-19T16:54:26.127,1,SOGGIORNI,24,"Soggiorni a composizione fissa",,,BASIC,,Array,,,
22149,22456366,88,221498,"web codice da non usare sogg.270x48/35/27x176h",POLVEND3,CLOUD_16,"HOMES SPA",HOME09,"HOMES SPA",HOME09,245.9,100,245.9,245.9,22,,Riferimento,1,,0,0,0,0,0,0,0,,0,0,,3000-12-31T00:00:00,2023-04-19T16:54:26.14,1,SOGGIORNI,24,"Soggiorni a composizione fissa",,,BASIC,,Array,,,
22150,22456373,88,221504,"web codice da non usare sogg.300x48/35x184h",POLVEND3,CLOUD_17,"HOMES SPA",HOME09,"HOMES SPA",HOME09,245.9,100,245.9,245.9,22,,Riferimento,1,,0,0,0,0,0,0,0,,0,0,,3000-12-31T00:00:00,2023-04-19T16:54:26.14,1,SOGGIORNI,24,"Soggiorni a composizione fissa",,,BASIC,,Array,,,
22151,22456380,88,221511,"web codice da non usare sogg.330x48/35x184h",POLVEND3,CLOUD_18,"HOMES SPA",HOME09,"HOMES SPA",HOME09,245.9,100,245.9,245.9,22,,Riferimento,1,,0,0,0,0,0,0,0,,0,0,,3000-12-31T00:00:00,2023-04-19T16:54:26.157,1,SOGGIORNI,24,"Soggiorni a composizione fissa",,,BASIC,,Array,,,
22152,22456397,88,221528,"web codice da non usare sogg.315x48/35/25x224h",POLVEND3,CLOUD_19,"HOMES SPA",HOME09,"HOMES SPA",HOME09,245.9,100,245.9,245.9,22,,Riferimento,1,,0,0,0,0,0,0,0,,0,0,,3000-12-31T00:00:00,2023-04-19T16:54:26.157,1,SOGGIORNI,24,"Soggiorni a composizione fissa",,,BASIC,,Array,,,
22153,22456403,88,221535,"web codice da non usare sogg.303x48/35x224h",POLVEND3,CLOUD_20,"HOMES SPA",HOME09,"HOMES SPA",HOME09,245.9,100,245.9,245.9,22,,Riferimento,1,,0,0,0,0,0,0,0,,0,0,,3000-12-31T00:00:00,2023-04-19T16:54:26.173,1,SOGGIORNI,24,"Soggiorni a composizione fissa",,,BASIC,,Array,,,
22154,22456410,88,221542,"web codice da non usare sogg.350x48/35x224h",POLVEND3,CLOUD_21,"HOMES SPA",HOME09,"HOMES SPA",HOME09,245.9,100,245.9,245.9,22,,Riferimento,1,,0,0,0,0,0,0,0,,0,0,,3000-12-31T00:00:00,2023-04-19T16:54:26.173,1,SOGGIORNI,24,"Soggiorni a composizione fissa",,,BASIC,,Array,,,
22155,22456427,88,221559,"web codice da non usare sogg.360x48x187h",POLVEND3,CLOUD_22,"HOMES SPA",HOME09,"HOMES SPA",HOME09,245.9,100,245.9,245.9,22,,Riferimento,1,,0,0,0,0,0,0,0,,0,0,,3000-12-31T00:00:00,2023-04-19T16:54:26.187,1,SOGGIORNI,24,"Soggiorni a composizione fissa",,,BASIC,,Array,,,
22156,22456434,88,221566,"web codice da non usare sogg.363x48/34x224h",POLVEND3,CLOUD_23,"HOMES SPA",HOME09,"HOMES SPA",HOME09,245.9,100,245.9,245.9,22,,Riferimento,1,,0,0,0,0,0,0,0,,0,0,,3000-12-31T00:00:00,2023-04-19T16:54:26.203,1,SOGGIORNI,24,"Soggiorni a composizione fissa",,,BASIC,,Array,,,
22157,22456441,88,221573,"web codice da non usare sogg.393x48/34x261h",POLVEND3,CLOUD_24,"HOMES SPA",HOME09,"HOMES SPA",HOME09,245.9,100,245.9,245.9,22,,Riferimento,1,,0,0,0,0,0,0,0,,0,0,,3000-12-31T00:00:00,2023-04-19T16:54:26.203,1,SOGGIORNI,24,"Soggiorni a composizione fissa",,,BASIC,,Array,,,
22158,22456458,88,221580,"web codice da non usare sogg.363x48/35x224h",POLVEND3,CLOUD_25,"HOMES SPA",HOME09,"HOMES SPA",HOME09,245.9,100,245.9,245.9,22,,Riferimento,1,,0,0,0,0,0,0,0,,0,0,,3000-12-31T00:00:00,2023-04-19T16:54:26.22,1,SOGGIORNI,24,"Soggiorni a composizione fissa",,,BASIC,,Array,,,
22159,22456465,88,221597,"web codice da non usare sogg.363x48/35x224h",POLVEND3,CLOUD_26,"HOMES SPA",HOME09,"HOMES SPA",HOME09,245.9,100,245.9,245.9,22,,Riferimento,1,,0,0,0,0,0,0,0,,0,0,,3000-12-31T00:00:00,2023-04-19T16:54:26.233,1,SOGGIORNI,24,"Soggiorni a composizione fissa",,,BASIC,,Array,,,
22160,22456472,88,221603,"web codice da non usare sogg.330x48/35x211h",POLVEND3,CLOUD_27,"HOMES SPA",HOME09,"HOMES SPA",HOME09,245.9,100,245.9,245.9,22,,Riferimento,1,,0,0,0,0,0,0,0,,0,0,,3000-12-31T00:00:00,2023-04-19T16:54:26.233,1,SOGGIORNI,24,"Soggiorni a composizione fissa",,,BASIC,,Array,,,
22173,22456755,88,221733,"web codice da non usare arm.batt.anta terna  418,8x62x257,8h",POLVEND3,MEMORY_01,"HOMES SPA",HOME09,"HOMES SPA",HOME09,245.9,100,245.9,245.9,22,,Riferimento,1,,0,0,0,0,0,0,0,,0,0,,3000-12-31T00:00:00,2023-04-19T16:54:26.39,3,CAMERE,31,"Armadi a composizione fissa",,,BASIC,,Array,,,
22174,22456892,88,221740,"web codice da non usare arm.scorr.anta figur  418,8x62x257,8h",POLVEND3,MEMORY_01,"HOMES SPA",HOME09,"HOMES SPA",HOME09,245.9,100,245.9,245.9,22,,Riferimento,1,,0,0,0,0,0,0,0,,0,0,,3000-12-31T00:00:00,2023-04-19T16:54:26.39,3,CAMERE,19,"Camere da letto complete",,,BASIC,,Array,,,
22175,22456977,88,221757,"web codice da non usare cabina armadio alea c/port.360x48x257,8h",POLVEND3,MEMORY_01,"HOMES SPA",HOME09,"HOMES SPA",HOME09,245.9,100,245.9,245.9,22,,Riferimento,1,,0,0,0,0,0,0,0,,0,0,,3000-12-31T00:00:00,2023-04-19T16:54:26.407,3,CAMERE,17,"Pareti attrezzate ed accessori",,,BASIC,,Array,,,
22176,22457103,88,221764,"web codice da non usare gruppo amalia",POLVEND3,MEMORY_01,"HOMES SPA",HOME09,"HOMES SPA",HOME09,245.9,100,245.9,245.9,22,,Riferimento,1,,0,0,0,0,0,0,0,,0,0,,3000-12-31T00:00:00,2023-04-19T16:54:26.423,3,CAMERE,14,Cassettiere,,,BASIC,,Array,,,
22177,22456762,88,221771,"web codice da non usare arm.batt.anta liscia 22 manig.crea 1200 4189x62x257,8h",POLVEND3,MEMORY_02,"HOMES SPA",HOME09,"HOMES SPA",HOME09,245.9,100,245.9,245.9,22,,Riferimento,1,,0,0,0,0,0,0,0,,0,0,,3000-12-31T00:00:00,2023-04-19T16:54:26.44,3,CAMERE,31,"Armadi a composizione fissa",,,BASIC,,Array,,,
22178,22456908,88,221788,"web codice da non usare arm.scorr.anta dave 418,8x62x257,8h",POLVEND3,MEMORY_02,"HOMES SPA",HOME09,"HOMES SPA",HOME09,245.9,100,245.9,245.9,22,,Riferimento,1,,0,0,0,0,0,0,0,,0,0,,3000-12-31T00:00:00,2023-04-19T16:54:26.453,3,CAMERE,19,"Camere da letto complete",,,BASIC,,Array,,,
22179,22456984,88,221795,"web codice da non usare cabina armadio alea 300x48x257,8h",POLVEND3,MEMORY_02,"HOMES SPA",HOME09,"HOMES SPA",HOME09,245.9,100,245.9,245.9,22,,Riferimento,1,,0,0,0,0,0,0,0,,0,0,,3000-12-31T00:00:00,2023-04-19T16:54:26.453,3,CAMERE,17,"Pareti attrezzate ed accessori",,,BASIC,,Array,,,
22180,22457110,88,221801,"web codice da non usare gruppo chiara",POLVEND3,MEMORY_02,"HOMES SPA",HOME09,"HOMES SPA",HOME09,245.9,100,245.9,245.9,22,,Riferimento,1,,0,0,0,0,0,0,0,,0,0,,3000-12-31T00:00:00,2023-04-19T16:54:26.47,3,CAMERE,14,Cassettiere,,,BASIC,,Array,,,
22181,22456779,88,221818,"web codice da non usare arm.batt.anta liscia 22 manig.m32 354,4x311,7x62x257,8h",POLVEND3,MEMORY_03,"HOMES SPA",HOME09,"HOMES SPA",HOME09,245.9,100,245.9,245.9,22,,Riferimento,1,,0,0,0,0,0,0,0,,0,0,,3000-12-31T00:00:00,2023-04-19T16:54:28,3,CAMERE,31,"Armadi a composizione fissa",,,BASIC,,Array,,,
22182,22456915,88,221825,"web codice da non usare arm.scorr.liscia 22 man.m34 418,8x62x257,8h",POLVEND3,MEMORY_03,"HOMES SPA",HOME09,"HOMES SPA",HOME09,245.9,100,245.9,245.9,22,,Riferimento,1,,0,0,0,0,0,0,0,,0,0,,3000-12-31T00:00:00,2023-04-19T16:54:28.033,3,CAMERE,19,"Camere da letto complete",,,BASIC,,Array,,,
22183,22457127,88,221832,"web codice da non usare gruppo fasto",POLVEND3,MEMORY_03,"HOMES SPA",HOME09,"HOMES SPA",HOME09,245.9,100,245.9,245.9,22,,Riferimento,1,,0,0,0,0,0,0,0,,0,0,,3000-12-31T00:00:00,2023-04-19T16:54:28.033,3,CAMERE,14,Cassettiere,,,BASIC,,Array,,,
22184,22456786,88,221849,"web codice da non usare arm.batt.anta liscia 22 manig.m10  391,9x324,4x62x257,8h",POLVEND3,MEMORY_04,"HOMES SPA",HOME09,"HOMES SPA",HOME09,245.9,100,245.9,245.9,22,,Riferimento,1,,0,0,0,0,0,0,0,,0,0,,3000-12-31T00:00:00,2023-04-19T16:54:28.047,3,CAMERE,31,"Armadi a composizione fissa",,,BASIC,,Array,,,
22185,22456922,88,221856,"web codice da non usare arm.scorr.anta trio specchio 418,8x62x257,8h",POLVEND3,MEMORY_04,"HOMES SPA",HOME09,"HOMES SPA",HOME09,245.9,100,245.9,245.9,22,,Riferimento,1,,0,0,0,0,0,0,0,,0,0,,3000-12-31T00:00:00,2023-04-19T16:54:28.063,3,CAMERE,19,"Camere da letto complete",,,BASIC,,Array,,,
22186,22457134,88,221863,"web codice da non usare gruppo filo",POLVEND3,MEMORY_04,"HOMES SPA",HOME09,"HOMES SPA",HOME09,245.9,100,245.9,245.9,22,,Riferimento,1,,0,0,0,0,0,0,0,,0,0,,3000-12-31T00:00:00,2023-04-19T16:54:28.063,3,CAMERE,14,Cassettiere,,,BASIC,,Array,,,
22187,22456793,88,221870,"web codice da non usare arm.batt.anta liscia 22 manig.m30  418,8x62x221/257,8h",POLVEND3,MEMORY_05,"HOMES SPA",HOME09,"HOMES SPA",HOME09,245.9,100,245.9,245.9,22,,Riferimento,1,,0,0,0,0,0,0,0,,0,0,,3000-12-31T00:00:00,2023-04-19T16:54:28.08,3,CAMERE,31,"Armadi a composizione fissa",,,BASIC,,Array,,,
22188,22456939,88,221887,"web codice da non usare arm.scorr.anta trio 418,8x62x257,8h",POLVEND3,MEMORY_05,"HOMES SPA",HOME09,"HOMES SPA",HOME09,245.9,100,245.9,245.9,22,,Riferimento,1,,0,0,0,0,0,0,0,,0,0,,3000-12-31T00:00:00,2023-04-19T16:54:28.08,3,CAMERE,19,"Camere da letto complete",,,BASIC,,Array,,,
22189,22457141,88,221894,"web codice da non usare gruppo gliss",POLVEND3,MEMORY_05,"HOMES SPA",HOME09,"HOMES SPA",HOME09,245.9,100,245.9,245.9,22,,Riferimento,1,,0,0,0,0,0,0,0,,0,0,,3000-12-31T00:00:00,2023-04-19T16:54:28.08,3,CAMERE,14,Cassettiere,,,BASIC,,Array,,,
22190,22456809,88,221900,"web codice da non usare arm.batt.anta liscia 22 manig.m36  375,5x62x257,8h",POLVEND3,MEMORY_06,"HOMES SPA",HOME09,"HOMES SPA",HOME09,245.9,100,245.9,245.9,22,,Riferimento,1,,0,0,0,0,0,0,0,,0,0,,3000-12-31T00:00:00,2023-04-19T16:54:28.093,3,CAMERE,31,"Armadi a composizione fissa",,,BASIC,,Array,,,
22191,22456946,88,221917,"web codice da non usare arm.scorr.terna 418,8x62x257,8h",POLVEND3,MEMORY_06,"HOMES SPA",HOME09,"HOMES SPA",HOME09,245.9,100,245.9,245.9,22,,Riferimento,1,,0,0,0,0,0,0,0,,0,0,,3000-12-31T00:00:00,2023-04-19T16:54:28.093,3,CAMERE,19,"Camere da letto complete",,,BASIC,,Array,,,
22192,22457158,88,221924,"web codice da non usare gruppo silvia",POLVEND3,MEMORY_06,"HOMES SPA",HOME09,"HOMES SPA",HOME09,245.9,100,245.9,245.9,22,,Riferimento,1,,0,0,0,0,0,0,0,,0,0,,3000-12-31T00:00:00,2023-04-19T16:54:28.11,3,CAMERE,14,Cassettiere,,,BASIC,,Array,,,
22193,22456816,88,221931,"web codice da non usare arm.batt.anta liscia 22 manig.m34  402,5x62x257,8h",POLVEND3,MEMORY_07,"HOMES SPA",HOME09,"HOMES SPA",HOME09,245.9,100,245.9,245.9,22,,Riferimento,1,,0,0,0,0,0,0,0,,0,0,,3000-12-31T00:00:00,2023-04-19T16:54:28.11,3,CAMERE,31,"Armadi a composizione fissa",,,BASIC,,Array,,,
22194,22456953,88,221948,"web codice da non usare arm.scorr.anta filo 418,8x62x257,8h",POLVEND3,MEMORY_07,"HOMES SPA",HOME09,"HOMES SPA",HOME09,245.9,100,245.9,245.9,22,,Riferimento,1,,0,0,0,0,0,0,0,,0,0,,3000-12-31T00:00:00,2023-04-19T16:54:28.127,3,CAMERE,19,"Camere da letto complete",,,BASIC,,Array,,,
22195,22457165,88,221955,"web codice da non usare gruppo wind",POLVEND3,MEMORY_07,"HOMES SPA",HOME09,"HOMES SPA",HOME09,245.9,100,245.9,245.9,22,,Riferimento,1,,0,0,0,0,0,0,0,,0,0,,3000-12-31T00:00:00,2023-04-19T16:54:28.143,3,CAMERE,14,Cassettiere,,,BASIC,,Array,,,
22196,22456823,88,221962,"web codice da non usare arm.batt.anta liscia 22 manig.m31  329,5x62x257,8h",POLVEND3,MEMORY_08,"HOMES SPA",HOME09,"HOMES SPA",HOME09,245.9,100,245.9,245.9,22,,Riferimento,1,,0,0,0,0,0,0,0,,0,0,,3000-12-31T00:00:00,2023-04-19T16:54:28.143,3,CAMERE,31,"Armadi a composizione fissa",,,BASIC,,Array,,,
22197,22456960,88,221979,"web codice da non usare arm.scorr.filo 418,8x62x257,8h",POLVEND3,MEMORY_08,"HOMES SPA",HOME09,"HOMES SPA",HOME09,245.9,100,245.9,245.9,22,,Riferimento,1,,0,0,0,0,0,0,0,,0,0,,3000-12-31T00:00:00,2023-04-19T16:54:28.143,3,CAMERE,19,"Camere da letto complete",,,BASIC,,Array,,,
22198,22457172,88,221986,"web codice da non usare gruppo bilo",POLVEND3,MEMORY_08,"HOMES SPA",HOME09,"HOMES SPA",HOME09,245.9,100,245.9,245.9,22,,Riferimento,1,,0,0,0,0,0,0,0,,0,0,,3000-12-31T00:00:00,2023-04-19T16:54:28.157,3,CAMERE,14,Cassettiere,,,BASIC,,Array,,,
22199,22456830,88,221993,"web codice da non usare arm.batt.figur 402,5x62x257,8h",POLVEND3,MEMORY_09,"HOMES SPA",HOME09,"HOMES SPA",HOME09,245.9,100,245.9,245.9,22,,Riferimento,1,,0,0,0,0,0,0,0,,0,0,,3000-12-31T00:00:00,2023-04-19T16:54:28.173,3,CAMERE,31,"Armadi a composizione fissa",,,BASIC,,Array,,,
22200,22456847,88,222006,"web codice da non usare arm.batt.anta filo 1200  372,5x62x257,8h",POLVEND3,MEMORY_10,"HOMES SPA",HOME09,"HOMES SPA",HOME09,245.9,100,245.9,245.9,22,,Riferimento,1,,0,0,0,0,0,0,0,,0,0,,3000-12-31T00:00:00,2023-04-19T16:54:28.173,3,CAMERE,31,"Armadi a composizione fissa",,,BASIC,,Array,,,
22201,22456854,88,222013,"web codice da non usare arm.batt.anta eina 372,5x62x257,8h",POLVEND3,MEMORY_11,"HOMES SPA",HOME09,"HOMES SPA",HOME09,245.9,100,245.9,245.9,22,,Riferimento,1,,0,0,0,0,0,0,0,,0,0,,3000-12-31T00:00:00,2023-04-19T16:54:28.19,3,CAMERE,31,"Armadi a composizione fissa",,,BASIC,,Array,,,
22202,22456878,88,222020,"web codice da non usare arm.batt.anta liscia 347,5x62x257,8h",POLVEND3,MEMORY_13,"HOMES SPA",HOME09,"HOMES SPA",HOME09,245.9,100,245.9,245.9,22,,Riferimento,1,,0,0,0,0,0,0,0,,0,0,,3000-12-31T00:00:00,2023-04-19T16:54:28.19,3,CAMERE,31,"Armadi a composizione fissa",,,BASIC,,Array,,,
22203,22456861,88,222037,"web codice da non usare arm.batt.anta daly 402,5x62x257,8h",POLVEND3,MEMORY_12,"HOMES SPA",HOME09,"HOMES SPA",HOME09,245.9,100,245.9,245.9,22,,Riferimento,1,,0,0,0,0,0,0,0,,0,0,,3000-12-31T00:00:00,2023-04-19T16:54:28.203,3,CAMERE,31,"Armadi a composizione fissa",,,BASIC,,Array,,,
22204,22456885,88,222044,"web codice da non usare arm.batt.anta filo  502,5x62x257,8h",POLVEND3,MEMORY_14,"HOMES SPA",HOME09,"HOMES SPA",HOME09,245.9,100,245.9,245.9,22,,Riferimento,1,,0,0,0,0,0,0,0,,0,0,,3000-12-31T00:00:00,2023-04-19T16:54:28.203,3,CAMERE,31,"Armadi a composizione fissa",,,BASIC,,Array,,,
22210,22496560,88,222105,"comodino acciaio nero 40x50cm",POLVEND3,SHANTAL,"JULIA GRUP FURNITURE SOLUTIONS S.L.",JULI03,"JULIA GRUP FURNITURE SOLUTIONS S.L.",JULI03,139.34.00,78.59.00,139.34.00,139.34.00,22,,Riferimento,1,,0,0,0,0,0,0,0,,0,0,,3000-12-31T00:00:00,2023-04-20T09:28:05.8,3,CAMERE,13,Comodini,,,RAW,,Array,,,
22211,22496553,88,222112,"comodino laccato nero rovere e acciaio nero 42x50cm",POLVEND3,ZUMI,"JULIA GRUP FURNITURE SOLUTIONS S.L.",JULI03,"JULIA GRUP FURNITURE SOLUTIONS S.L.",JULI03,135.25.00,77.28.00,135.25.00,135.25.00,22,,Riferimento,1,,0,0,0,0,0,0,0,,0,0,,3000-12-31T00:00:00,2023-04-20T09:28:05.817,3,CAMERE,13,Comodini,,,RAW,,Array,,,
22212,22496546,88,222129,"comodino legno acacia e metallo nero 40x55cm",POLVEND3,TONGASS,"JULIA GRUP FURNITURE SOLUTIONS S.L.",JULI03,"JULIA GRUP FURNITURE SOLUTIONS S.L.",JULI03,163.11.00,95.11.00,163.11.00,163.11.00,22,,Riferimento,1,,0,0,0,0,0,0,0,,0,0,,3000-12-31T00:00:00,2023-04-20T09:28:05.833,3,CAMERE,13,Comodini,,,FUSION,,Array,,,
22213,22496539,88,222136,"comodino legno di acacia e figure geom. 40x55cm",POLVEND3,KALE,"JULIA GRUP FURNITURE SOLUTIONS S.L.",JULI03,"JULIA GRUP FURNITURE SOLUTIONS S.L.",JULI03,163.11.00,93.4,163.11.00,163.11.00,22,,Riferimento,1,,0,0,0,0,0,0,0,,0,0,,3000-12-31T00:00:00,2023-04-20T09:28:05.847,3,CAMERE,13,Comodini,,,ICON,,Array,,,
22214,22496577,88,222143,"comodino legno di mango e metallo nero 40x56cm",POLVEND3,BAILA,"JULIA GRUP FURNITURE SOLUTIONS S.L.",JULI03,"JULIA GRUP FURNITURE SOLUTIONS S.L.",JULI03,172.13.00,98.52.00,172.13.00,172.13.00,22,,Riferimento,1,,0,0,0,0,0,0,0,,0,0,,3000-12-31T00:00:00,2023-04-20T09:28:05.863,3,CAMERE,13,Comodini,,,RAW,,Array,,,
22215,22496584,88,222150,"comodino legno di noce e metallo 60x51cm",POLVEND3,NATT,"JULIA GRUP FURNITURE SOLUTIONS S.L.",JULI03,"JULIA GRUP FURNITURE SOLUTIONS S.L.",JULI03,213.11.00,123.58.00,213.11.00,213.11.00,22,,Riferimento,1,,0,0,0,0,0,0,0,,0,0,,3000-12-31T00:00:00,2023-04-20T09:28:05.88,3,CAMERE,13,Comodini,,,RAW,,Array,,,
22217,22195456,88,222174,"consolle cm.115 h75 legno mass.acacia",POLVEND3,BILLIE,"JULIA GRUP FURNITURE SOLUTIONS S.L.",JULI03,"JULIA GRUP FURNITURE SOLUTIONS S.L.",JULI03,262.3,143.34.00,262.3,262.3,22,,Riferimento,1,,0,0,0,0,0,0,0,,0,0,,3000-12-31T00:00:00,2023-04-20T09:28:05.893,1,SOGGIORNI,41,"Tavoli Fissi",,,BASIC,,Array,,,
22219,21356407,88,222198,"credenza 159x85 metallo impiall frassino cene",POLVEND3,SACHA,"JULIA GRUP FURNITURE SOLUTIONS S.L.",JULI03,"JULIA GRUP FURNITURE SOLUTIONS S.L.",JULI03,695.9,400.36.00,695.9,695.9,22,,Riferimento,1,,0,0,0,0,0,0,0,,0,0,,3000-12-31T00:00:00,2023-04-20T09:28:05.927,1,SOGGIORNI,43,"Credenze - Buffet - Madie",,,BASIC,,Array,,,
22220,21950308,88,222204,"credenza 2 ante 3 cassetti rovere colore naturale 155x45x86h",POLVEND3,ABBY,"JULIA GRUP FURNITURE SOLUTIONS S.L.",JULI03,"JULIA GRUP FURNITURE SOLUTIONS S.L.",JULI03,835.25.00,480.09.00,835.25.00,835.25.00,22,,Riferimento,1,,0,0,0,0,0,0,0,,0,0,,3000-12-31T00:00:00,2023-04-20T09:28:05.94,1,SOGGIORNI,43,"Credenze - Buffet - Madie",,,BASIC,,Array,,,
22221,21950292,88,222211,"credenza 3 ante 3 cassetti rovere colore naturale 200x45x86h",POLVEND3,ABBY,"JULIA GRUP FURNITURE SOLUTIONS S.L.",JULI03,"JULIA GRUP FURNITURE SOLUTIONS S.L.",JULI03,922.13.00,535.16.00,922.13.00,922.13.00,22,,Riferimento,1,,0,0,0,0,0,0,0,,0,0,,3000-12-31T00:00:00,2023-04-20T09:28:05.94,1,SOGGIORNI,43,"Credenze - Buffet - Madie",,,BASIC,,Array,,,
22222,21847028,88,222228,"credenza 3 ante acacia colore naturale 147x41x81h",POLVEND3,TONGASS,"JULIA GRUP FURNITURE SOLUTIONS S.L.",JULI03,"JULIA GRUP FURNITURE SOLUTIONS S.L.",JULI03,688.52.00,391.08.00,688.52.00,688.52.00,22,,Riferimento,1,,0,0,0,0,0,0,0,,0,0,,3000-12-31T00:00:00,2023-04-20T09:28:05.957,1,SOGGIORNI,43,"Credenze - Buffet - Madie",,,BASIC,,Array,,,
22223,21847004,88,222235,"credenza 3 ante acacia colore naturale 148x43x85h",POLVEND3,GOBIN,"JULIA GRUP FURNITURE SOLUTIONS S.L.",JULI03,"JULIA GRUP FURNITURE SOLUTIONS S.L.",JULI03,737.7,416.14.00,737.7,737.7,22,,Riferimento,1,,0,0,0,0,0,0,0,,0,0,,3000-12-31T00:00:00,2023-04-20T09:28:05.957,1,SOGGIORNI,43,"Credenze - Buffet - Madie",,,BASIC,,Array,,,
22227,21950278,88,222273,"credenza acciaio nero 160x35x50h",POLVEND3,SIWA,"JULIA GRUP FURNITURE SOLUTIONS S.L.",JULI03,"JULIA GRUP FURNITURE SOLUTIONS S.L.",JULI03,520.49.00,297.11.00,520.49.00,520.49.00,22,,Riferimento,1,,0,0,0,0,0,0,0,,0,0,,3000-12-31T00:00:00,2023-04-20T09:28:05.99,1,SOGGIORNI,43,"Credenze - Buffet - Madie",,,BASIC,,Array,,,
22228,20956363,88,222280,"credenza impialla noce/mdf grafite op.cm.74x162x45h",POLVEND3,MAHON,"JULIA GRUP FURNITURE SOLUTIONS S.L.",JULI03,"JULIA GRUP FURNITURE SOLUTIONS S.L.",JULI03,859.02.00,455.6,859.02.00,859.02.00,22,,Riferimento,1,,0,0,0,0,0,0,0,,0,0,,3000-12-31T00:00:00,2023-04-20T09:28:06.003,1,SOGGIORNI,43,"Credenze - Buffet - Madie",,,BASIC,,Array,,,
22232,21950315,88,222327,"credenza rovere colore naturale 200x35x86h",POLVEND3,ABBY,"JULIA GRUP FURNITURE SOLUTIONS S.L.",JULI03,"JULIA GRUP FURNITURE SOLUTIONS S.L.",JULI03,606.14.00,346.26.00,606.14.00,606.14.00,22,,Riferimento,1,,0,0,0,0,0,0,0,,0,0,,3000-12-31T00:00:00,2023-04-20T09:28:06.05,1,SOGGIORNI,34,"Mobiletti HI-FI",,,BASIC,,Array,,,
22244,21356421,88,222440,"libreria 120x177 metallo impiall frassino cene",POLVEND3,SACHA,"JULIA GRUP FURNITURE SOLUTIONS S.L.",JULI03,"JULIA GRUP FURNITURE SOLUTIONS S.L.",JULI03,671.31.00,381,671.31.00,671.31.00,22,,Riferimento,1,,0,0,0,0,0,0,0,,0,0,,3000-12-31T00:00:00,2023-04-20T09:28:06.177,1,SOGGIORNI,22,"Librerie a composizione fissa",,,BASIC,,Array,,,
22245,21747861,88,222457,"libreria 67x45 h200 metallo grigio, legno",POLVEND3,REYA,"JULIA GRUP FURNITURE SOLUTIONS S.L.",JULI03,"JULIA GRUP FURNITURE SOLUTIONS S.L.",JULI03,327.05.00,188.34.00,327.05.00,327.05.00,22,,Riferimento,1,,0,0,0,0,0,0,0,,0,0,,3000-12-31T00:00:00,2023-04-20T09:28:06.19,1,SOGGIORNI,22,"Librerie a composizione fissa",,,BASIC,,Array,,,
22246,21950254,88,222464,"libreria acciao nero 80x31x168h",POLVEND3,SIWA,"JULIA GRUP FURNITURE SOLUTIONS S.L.",JULI03,"JULIA GRUP FURNITURE SOLUTIONS S.L.",JULI03,328.27.00,188.34.00,328.27.00,328.27.00,22,,Riferimento,1,,0,0,0,0,0,0,0,,0,0,,3000-12-31T00:00:00,2023-04-20T09:28:06.207,1,SOGGIORNI,22,"Librerie a composizione fissa",,,BASIC,,Array,,,
22254,21356414,88,222549,"mobile tv cm.140x43x56h metallo impiall frassino cene",POLVEND3,SACHA,"JULIA GRUP FURNITURE SOLUTIONS S.L.",JULI03,"JULIA GRUP FURNITURE SOLUTIONS S.L.",JULI03,598.36.00,346.26.00,598.36.00,598.36.00,22,,Riferimento,1,,0,0,0,0,0,0,0,,0,0,,3000-12-31T00:00:00,2023-04-20T09:28:06.287,1,SOGGIORNI,34,"Mobiletti HI-FI",,,BASIC,,Array,,,
22255,21092985,88,222556,"panca cm.46x178h45 c/piano legno mass.acacia natur.piedi nero",POLVEND3,SONO,"JULIA GRUP FURNITURE SOLUTIONS S.L.",JULI03,"JULIA GRUP FURNITURE SOLUTIONS S.L.",JULI03,303.28.00,163.28.00,303.28.00,303.28.00,22,,Riferimento,1,,0,0,0,0,0,0,0,,0,0,,3000-12-31T00:00:00,2023-04-20T09:28:06.3,1,SOGGIORNI,42,Sedie,,,BASIC,,Array,,,
22256,22484727,88,222563,"poltrona dondolo tessuto shearling bco 76x106x98h",POLVEND3,VENUS,"JULIA GRUP FURNITURE SOLUTIONS S.L.",JULI03,"JULIA GRUP FURNITURE SOLUTIONS S.L.",JULI03,409.02.00,291.58.00,409.02.00,409.02.00,22,,Riferimento,1,,0,0,0,0,0,0,0,,0,0,,3000-12-31T00:00:00,2023-04-20T09:28:06.317,2,"DIVANI E POLTRONE",11,Poltrone,,,RAW,,Array,,,
22257,22484734,88,222570,"poltrona dondolo tessuto vania grigio 76x106x98h",POLVEND3,VENUS,"JULIA GRUP FURNITURE SOLUTIONS S.L.",JULI03,"JULIA GRUP FURNITURE SOLUTIONS S.L.",JULI03,409.02.00,262.37.00,409.02.00,409.02.00,22,,Riferimento,1,,0,0,0,0,0,0,0,,0,0,,3000-12-31T00:00:00,2023-04-20T09:28:06.317,2,"DIVANI E POLTRONE",11,Poltrone,,,RAW,,Array,,,
22265,22053466,88,222655,"poltrona elevazione a gas tessuto grigio chiaro basamento bianco 64x64x77/87h",POLVEND3,COCO,"JULIA GRUP FURNITURE SOLUTIONS S.L.",JULI03,"JULIA GRUP FURNITURE SOLUTIONS S.L.",JULI03,147.54.00,84.12.00,147.54.00,147.54.00,22,,Riferimento,1,,0,0,0,0,0,0,0,,0,0,,3000-12-31T00:00:00,2023-04-20T09:28:08.287,14,TUTTUFFICIO,15,"Poltrone e sedie",,,BASIC,,Array,,,
22266,22053510,88,222662,"poltrona elevazione a gas tessuto grigio chiaro basamento nero 66x72x76/88h",POLVEND3,FRONTIER,"JULIA GRUP FURNITURE SOLUTIONS S.L.",JULI03,"JULIA GRUP FURNITURE SOLUTIONS S.L.",JULI03,258.2,148.07.00,258.2,258.2,22,,Riferimento,1,,0,0,0,0,0,0,0,,0,0,,3000-12-31T00:00:00,2023-04-20T09:28:08.3,14,TUTTUFFICIO,15,"Poltrone e sedie",,,BASIC,,Array,,,
22267,22053459,88,222679,"poltrona elevazione a gas tessuto grigio scuro basamento bianco 64x64x77/87h",POLVEND3,COCO,"JULIA GRUP FURNITURE SOLUTIONS S.L.",JULI03,"JULIA GRUP FURNITURE SOLUTIONS S.L.",JULI03,147.54.00,84.12.00,147.54.00,147.54.00,22,,Riferimento,1,,0,0,0,0,0,0,0,,0,0,,3000-12-31T00:00:00,2023-04-20T09:28:08.3,14,TUTTUFFICIO,15,"Poltrone e sedie",,,BASIC,,Array,,,
22268,22053503,88,222686,"poltrona elevazione a gas tessuto grigio scuro basamento nero 66x72x76/88h",POLVEND3,FRONTIER,"JULIA GRUP FURNITURE SOLUTIONS S.L.",JULI03,"JULIA GRUP FURNITURE SOLUTIONS S.L.",JULI03,258.2,148.07.00,258.2,258.2,22,,Riferimento,1,,0,0,0,0,0,0,0,,0,0,,3000-12-31T00:00:00,2023-04-20T09:28:08.317,14,TUTTUFFICIO,15,"Poltrone e sedie",,,BASIC,,Array,,,
22269,22053442,88,222693,"poltrona elevazione a gas tessuto rosa basamento bianco 64x64x77/87h",POLVEND3,COCO,"JULIA GRUP FURNITURE SOLUTIONS S.L.",JULI03,"JULIA GRUP FURNITURE SOLUTIONS S.L.",JULI03,147.54.00,84.12.00,147.54.00,147.54.00,22,,Riferimento,1,,0,0,0,0,0,0,0,,0,0,,3000-12-31T00:00:00,2023-04-20T09:28:08.317,14,TUTTUFFICIO,15,"Poltrone e sedie",,,BASIC,,Array,,,
22273,20956097,88,222730,"poltrona metallo pu marrone ossido cm.83x63x67h",POLVEND3,GARAGE,"JULIA GRUP FURNITURE SOLUTIONS S.L.",JULI03,"JULIA GRUP FURNITURE SOLUTIONS S.L.",JULI03,311.48.00,178.08.00,311.48.00,311.48.00,22,,Riferimento,1,,0,0,0,0,0,0,0,,0,0,,3000-12-31T00:00:00,2023-04-20T09:28:08.347,2,"DIVANI E POLTRONE",11,Poltrone,,,BASIC,,Array,,,
22275,21831294,88,222754,"poltrona tessuto  105x79xh84/64 beige",POLVEND3,SOCCER,"JULIA GRUP FURNITURE SOLUTIONS S.L.",JULI03,"JULIA GRUP FURNITURE SOLUTIONS S.L.",JULI03,344.26.00,198.02.00,344.26.00,344.26.00,22,,Riferimento,1,,0,0,0,0,0,0,0,,0,0,,3000-12-31T00:00:00,2023-04-20T09:28:08.363,2,"DIVANI E POLTRONE",11,Poltrone,,,BASIC,,Array,,,
22276,21831270,88,222761,"poltrona tessuto  105x79xh84/64 grafite",POLVEND3,SOCCER,"JULIA GRUP FURNITURE SOLUTIONS S.L.",JULI03,"JULIA GRUP FURNITURE SOLUTIONS S.L.",JULI03,344.26.00,198.02.00,344.26.00,344.26.00,22,,Riferimento,1,,0,0,0,0,0,0,0,,0,0,,3000-12-31T00:00:00,2023-04-20T09:28:08.363,2,"DIVANI E POLTRONE",11,Poltrone,,,BASIC,,Array,,,
22277,21831287,88,222778,"poltrona tessuto  105x79xh84/64 grigio",POLVEND3,SOCCER,"JULIA GRUP FURNITURE SOLUTIONS S.L.",JULI03,"JULIA GRUP FURNITURE SOLUTIONS S.L.",JULI03,344.26.00,198.02.00,344.26.00,344.26.00,22,,Riferimento,1,,0,0,0,0,0,0,0,,0,0,,3000-12-31T00:00:00,2023-04-20T09:28:08.38,2,"DIVANI E POLTRONE",11,Poltrone,,,BASIC,,Array,,,
22278,21831300,88,222785,"poltrona tessuto  105x79xh84/64 senape",POLVEND3,SOCCER,"JULIA GRUP FURNITURE SOLUTIONS S.L.",JULI03,"JULIA GRUP FURNITURE SOLUTIONS S.L.",JULI03,344.26.00,198.02.00,344.26.00,344.26.00,22,,Riferimento,1,,0,0,0,0,0,0,0,,0,0,,3000-12-31T00:00:00,2023-04-20T09:28:08.393,2,"DIVANI E POLTRONE",11,Poltrone,,,BASIC,,Array,,,
22279,22053473,88,222792,"poltrona ufficio elevazione a gas tessuto grigio basamento nero 66x66x95/83h",POLVEND3,ACTION,"JULIA GRUP FURNITURE SOLUTIONS S.L.",JULI03,"JULIA GRUP FURNITURE SOLUTIONS S.L.",JULI03,127.05.00,74.04.00,127.05.00,127.05.00,22,,Riferimento,1,,0,0,0,0,0,0,0,,0,0,,3000-12-31T00:00:00,2023-04-20T09:28:08.393,14,TUTTUFFICIO,15,"Poltrone e sedie",,,BASIC,,Array,,,
22280,22053497,88,222808,"poltrona ufficio elevazione a gas tessuto nero basamento nero 61x62x88/98h",POLVEND3,AERON,"JULIA GRUP FURNITURE SOLUTIONS S.L.",JULI03,"JULIA GRUP FURNITURE SOLUTIONS S.L.",JULI03,102.46.00,59.23.00,102.46.00,102.46.00,22,,Riferimento,1,,0,0,0,0,0,0,0,,0,0,,3000-12-31T00:00:00,2023-04-20T09:28:08.41,14,TUTTUFFICIO,15,"Poltrone e sedie",,,BASIC,,Array,,,
22281,22053480,88,222815,"poltrona ufficio elevazione a gas tessuto nero basamento nero 66x66x95/83h",POLVEND3,ACTION,"JULIA GRUP FURNITURE SOLUTIONS S.L.",JULI03,"JULIA GRUP FURNITURE SOLUTIONS S.L.",JULI03,111.06.00,62.08.00,111.06.00,111.06.00,22,,Riferimento,1,,0,0,0,0,0,0,0,,0,0,,3000-12-31T00:00:00,2023-04-20T09:28:08.427,14,TUTTUFFICIO,15,"Poltrone e sedie",,,BASIC,,Array,,,
22282,22484802,88,222822,"poltrona velluto grigio gambe nero 77x75x95h",POLVEND3,CLEVER,"JULIA GRUP FURNITURE SOLUTIONS S.L.",JULI03,"JULIA GRUP FURNITURE SOLUTIONS S.L.",JULI03,369.25.00,200.46.00,369.25.00,369.25.00,22,,Riferimento,1,,0,0,0,0,0,0,0,,0,0,,3000-12-31T00:00:00,2023-04-20T09:28:08.427,2,"DIVANI E POLTRONE",11,Poltrone,,,ICON,,Array,,,
22283,22484819,88,222839,"poltrona velluto senape gambe nero 77x75x95h",POLVEND3,CLEVER,"JULIA GRUP FURNITURE SOLUTIONS S.L.",JULI03,"JULIA GRUP FURNITURE SOLUTIONS S.L.",JULI03,369.25.00,200.46.00,369.25.00,369.25.00,22,,Riferimento,1,,0,0,0,0,0,0,0,,0,0,,3000-12-31T00:00:00,2023-04-20T09:28:08.443,2,"DIVANI E POLTRONE",11,Poltrone,,,ICON,,Array,,,
22284,22484826,88,222846,"poltrona velluto turchese gambe oro 77x75x95h",POLVEND3,CLEVER,"JULIA GRUP FURNITURE SOLUTIONS S.L.",JULI03,"JULIA GRUP FURNITURE SOLUTIONS S.L.",JULI03,451.22.00,240.33.00,451.22.00,451.22.00,22,,Riferimento,1,,0,0,0,0,0,0,0,,0,0,,3000-12-31T00:00:00,2023-04-20T09:28:08.443,2,"DIVANI E POLTRONE",11,Poltrone,,,ICON,,Array,,,
22285,21847011,88,222853,"porta tv 2 ante acacia colore naturale 160x43x55h",POLVEND3,GOBIN,"JULIA GRUP FURNITURE SOLUTIONS S.L.",JULI03,"JULIA GRUP FURNITURE SOLUTIONS S.L.",JULI03,598.36.00,334.3,598.36.00,598.36.00,22,,Riferimento,1,,0,0,0,0,0,0,0,,0,0,,3000-12-31T00:00:00,2023-04-20T09:28:08.457,1,SOGGIORNI,34,"Mobiletti HI-FI",,,BASIC,,Array,,,
22286,21847035,88,222860,"porta tv 3 ante acacia colore naturale 147x38x50h",POLVEND3,TONGASS,"JULIA GRUP FURNITURE SOLUTIONS S.L.",JULI03,"JULIA GRUP FURNITURE SOLUTIONS S.L.",JULI03,516.39.00,290.28.00,516.39.00,516.39.00,22,,Riferimento,1,,0,0,0,0,0,0,0,,0,0,,3000-12-31T00:00:00,2023-04-20T09:28:08.473,1,SOGGIORNI,34,"Mobiletti HI-FI",,,BASIC,,Array,,,
22287,21950346,88,222877,"porta tv acciaio e vetro nero 180x41x58h",POLVEND3,HILO,"JULIA GRUP FURNITURE SOLUTIONS S.L.",JULI03,"JULIA GRUP FURNITURE SOLUTIONS S.L.",JULI03,565.57.00,322.17.00,565.57.00,565.57.00,22,,Riferimento,1,,0,0,0,0,0,0,0,,0,0,,3000-12-31T00:00:00,2023-04-20T09:28:08.473,1,SOGGIORNI,34,"Mobiletti HI-FI",,,BASIC,,Array,,,
22288,21682162,88,222884,"pouf diam.45 h35 bianco cotone/ottone",POLVEND3,BART,"JULIA GRUP FURNITURE SOLUTIONS S.L.",JULI03,"JULIA GRUP FURNITURE SOLUTIONS S.L.",JULI03,65.15.00,34.17.00,65.15.00,65.15.00,22,,Riferimento,1,,0,0,0,0,0,0,0,,0,0,,3000-12-31T00:00:00,2023-04-20T09:28:08.49,2,"DIVANI E POLTRONE",11,Poltrone,,,BASIC,,Array,,,
22290,21849589,88,222907,"scrivania 120x65x75h frassino naturale",POLVEND3,JAK,"JULIA GRUP FURNITURE SOLUTIONS S.L.",JULI03,"JULIA GRUP FURNITURE SOLUTIONS S.L.",JULI03,484.01.00,277.18.00,484.01.00,484.01.00,22,,Riferimento,1,,0,0,0,0,0,0,0,,0,0,,3000-12-31T00:00:00,2023-04-20T09:28:08.503,14,TUTTUFFICIO,13,Scrivanie,,,BASIC,,Array,,,
22293,20651749,88,222938,"sedia (2pack) 60x60xh87 con braccioli pu tortora",POLVEND3,AMBER,"JULIA GRUP FURNITURE SOLUTIONS S.L.",JULI03,"JULIA GRUP FURNITURE SOLUTIONS S.L.",JULI03,160.24.00,86.56.00,160.24.00,160.24.00,22,,Riferimento,1,,0,0,0,0,0,0,0,,0,0,,3000-12-31T00:00:00,2023-04-20T09:28:08.537,1,SOGGIORNI,42,Sedie,,,BASIC,,Array,,,
22294,20651732,88,222945,"sedia (2pack) 60x60xh87 con braccioli pu verde",POLVEND3,AMBER,"JULIA GRUP FURNITURE SOLUTIONS S.L.",JULI03,"JULIA GRUP FURNITURE SOLUTIONS S.L.",JULI03,160.24.00,86.56.00,160.24.00,160.24.00,22,,Riferimento,1,,0,0,0,0,0,0,0,,0,0,,3000-12-31T00:00:00,2023-04-20T09:28:08.55,1,SOGGIORNI,42,Sedie,,,BASIC,,Array,,,
22295,21962189,88,222952,"sedia (2pack) 60x60xh87 con braccioli tessuto grigio chiaro",POLVEND3,AMBER,"JULIA GRUP FURNITURE SOLUTIONS S.L.",JULI03,"JULIA GRUP FURNITURE SOLUTIONS S.L.",JULI03,160.24.00,86.56.00,160.24.00,160.24.00,22,,Riferimento,1,,0,0,0,0,0,0,0,,0,0,,3000-12-31T00:00:00,2023-04-20T09:28:08.55,1,SOGGIORNI,42,Sedie,,,RAW,,Array,,,
22296,20956004,88,222969,"sedia (2pack) 60x60xh87 con braccioli tessuto grigio scuro",POLVEND3,AMBER,"JULIA GRUP FURNITURE SOLUTIONS S.L.",JULI03,"JULIA GRUP FURNITURE SOLUTIONS S.L.",JULI03,160.24.00,86.56.00,160.24.00,160.24.00,22,,Riferimento,1,,0,0,0,0,0,0,0,,0,0,,3000-12-31T00:00:00,2023-04-20T09:28:08.567,1,SOGGIORNI,42,Sedie,,,BASIC,,Array,,,
22311,22484659,88,223119,"sedia (2pack) seduta velluto blu gambe oro 58x58xh73",POLVEND3,RONNY,"JULIA GRUP FURNITURE SOLUTIONS S.L.",JULI03,"JULIA GRUP FURNITURE SOLUTIONS S.L.",JULI03,172.13.00,97.22.00,172.13.00,172.13.00,22,,Riferimento,1,,0,0,0,0,0,0,0,,0,0,,3000-12-31T00:00:00,2023-04-20T09:28:10.3,1,SOGGIORNI,42,Sedie,,,ICON,,Array,,,
22312,22484666,88,223126,"sedia (2pack) seduta velluto verde gambe oro 58x58xh73",POLVEND3,RONNY,"JULIA GRUP FURNITURE SOLUTIONS S.L.",JULI03,"JULIA GRUP FURNITURE SOLUTIONS S.L.",JULI03,172.13.00,97.22.00,172.13.00,172.13.00,22,,Riferimento,1,,0,0,0,0,0,0,0,,0,0,,3000-12-31T00:00:00,2023-04-20T09:28:10.317,1,SOGGIORNI,42,Sedie,,,ICON,,Array,,,
22316,22484741,88,223164,"sedia (2pack) velluto grigio gamba acciao nero 58x61x81h",POLVEND3,MOLD,"JULIA GRUP FURNITURE SOLUTIONS S.L.",JULI03,"JULIA GRUP FURNITURE SOLUTIONS S.L.",JULI03,156.14.00,86.56.00,156.14.00,156.14.00,22,,Riferimento,1,,0,0,0,0,0,0,0,,0,0,,3000-12-31T00:00:00,2023-04-20T09:28:10.38,1,SOGGIORNI,42,Sedie,,,ICON,,Array,,,
22317,22484758,88,223171,"sedia (2pack) velluto rosa gamba acciao nero 58x61x81h",POLVEND3,MOLD,"JULIA GRUP FURNITURE SOLUTIONS S.L.",JULI03,"JULIA GRUP FURNITURE SOLUTIONS S.L.",JULI03,156.14.00,72.16.00,156.14.00,156.14.00,22,,Riferimento,1,,0,0,0,0,0,0,0,,0,0,,3000-12-31T00:00:00,2023-04-20T09:28:10.38,1,SOGGIORNI,42,Sedie,,,ICON,,Array,,,
22318,22484765,88,223188,"sedia (2pack) velluto turchese gamba acciao nero 58x61x81h",POLVEND3,MOLD,"JULIA GRUP FURNITURE SOLUTIONS S.L.",JULI03,"JULIA GRUP FURNITURE SOLUTIONS S.L.",JULI03,156.14.00,86.56.00,156.14.00,156.14.00,22,,Riferimento,1,,0,0,0,0,0,0,0,,0,0,,3000-12-31T00:00:00,2023-04-20T09:28:10.397,1,SOGGIORNI,42,Sedie,,,ICON,,Array,,,
22323,22484680,88,223232,"sedia (4pack) ecop.grig.chi.gamb.acc.vern.ner 53x60x82h",POLVEND3,JANET,"JULIA GRUP FURNITURE SOLUTIONS S.L.",JULI03,"JULIA GRUP FURNITURE SOLUTIONS S.L.",JULI03,98.36.00,54.1,98.36.00,98.36.00,22,,Riferimento,1,,0,0,0,0,0,0,0,,0,0,,3000-12-31T00:00:00,2023-04-20T09:28:10.457,1,SOGGIORNI,42,Sedie,,,RAW,,Array,,,
22324,22484673,88,223249,"sedia (4pack) ecop.grig.sc.gambe acc.vern.nero 53x60x82h",POLVEND3,JANET,"JULIA GRUP FURNITURE SOLUTIONS S.L.",JULI03,"JULIA GRUP FURNITURE SOLUTIONS S.L.",JULI03,98.36.00,54.1,98.36.00,98.36.00,22,,Riferimento,1,,0,0,0,0,0,0,0,,0,0,,3000-12-31T00:00:00,2023-04-20T09:28:10.473,1,SOGGIORNI,42,Sedie,,,RAW,,Array,,,
22325,22484833,88,223256,"sedia (4pack) ecopelle grigio chiaro 53x60x82h",POLVEND3,ADELY,"JULIA GRUP FURNITURE SOLUTIONS S.L.",JULI03,"JULIA GRUP FURNITURE SOLUTIONS S.L.",JULI03,98.36.00,54.1,98.36.00,98.36.00,22,,Riferimento,1,,0,0,0,0,0,0,0,,0,0,,3000-12-31T00:00:00,2023-04-20T09:28:10.473,1,SOGGIORNI,42,Sedie,,,RAW,,Array,,,
22326,21950513,88,223263,"sedia (4pack) velluto grigio 46x50x88h",POLVEND3,LIKE,"JULIA GRUP FURNITURE SOLUTIONS S.L.",JULI03,"JULIA GRUP FURNITURE SOLUTIONS S.L.",JULI03,70.07.00,40.26.00,70.07.00,70.07.00,22,,Riferimento,1,,0,0,0,0,0,0,0,,0,0,,3000-12-31T00:00:00,2023-04-20T09:28:10.49,1,SOGGIORNI,42,Sedie,,,BASIC,,Array,,,
22327,21962172,88,223270,"sedia (4pack) velluto turchese 46x50x88h",POLVEND3,LIKE,"JULIA GRUP FURNITURE SOLUTIONS S.L.",JULI03,"JULIA GRUP FURNITURE SOLUTIONS S.L.",JULI03,70.07.00,40.26.00,70.07.00,70.07.00,22,,Riferimento,1,,0,0,0,0,0,0,0,,0,0,,3000-12-31T00:00:00,2023-04-20T09:28:10.49,1,SOGGIORNI,42,Sedie,,,BASIC,,Array,,,
22331,21962325,88,223317,"sedia cm.53x60 h82 grafite",POLVEND3,ADELY,"JULIA GRUP FURNITURE SOLUTIONS S.L.",JULI03,"JULIA GRUP FURNITURE SOLUTIONS S.L.",JULI03,98.36.00,54.1,98.36.00,98.36.00,22,,Riferimento,1,,0,0,0,0,0,0,0,,0,0,,3000-12-31T00:00:00,2023-04-20T09:28:10.537,1,SOGGIORNI,42,Sedie,,,BASIC,,Array,,,
22333,21950520,88,223331,"sedia pieghevole (2pack) metallo bianco 45,5x42x78h",POLVEND3,NINA,"JULIA GRUP FURNITURE SOLUTIONS S.L.",JULI03,"JULIA GRUP FURNITURE SOLUTIONS S.L.",JULI03,32.37.00,18.05,32.37.00,32.37.00,22,,Riferimento,1,,0,0,0,0,0,0,0,,0,0,,3000-12-31T00:00:00,2023-04-20T09:28:10.55,1,SOGGIORNI,42,Sedie,,,BASIC,,Array,,,
22334,21950537,88,223348,"sedia pieghevole (2pack) metallo grigio scuro 45,5x42x78h",POLVEND3,NINA,"JULIA GRUP FURNITURE SOLUTIONS S.L.",JULI03,"JULIA GRUP FURNITURE SOLUTIONS S.L.",JULI03,32.37.00,18.05,32.37.00,32.37.00,22,,Riferimento,1,,0,0,0,0,0,0,0,,0,0,,3000-12-31T00:00:00,2023-04-20T09:28:10.567,1,SOGGIORNI,42,Sedie,,,BASIC,,Array,,,
22335,21962165,88,223355,"sedia pieghevole (2pack) metallo senape 45,5x42x78h",POLVEND3,NINA,"JULIA GRUP FURNITURE SOLUTIONS S.L.",JULI03,"JULIA GRUP FURNITURE SOLUTIONS S.L.",JULI03,32.37.00,18.05,32.37.00,32.37.00,22,,Riferimento,1,,0,0,0,0,0,0,0,,0,0,,3000-12-31T00:00:00,2023-04-20T09:28:10.567,1,SOGGIORNI,42,Sedie,,,BASIC,,Array,,,
22336,21962158,88,223362,"sedia pieghevole (2pack) metallo verde scuro 45,5x42x78h",POLVEND3,NINA,"JULIA GRUP FURNITURE SOLUTIONS S.L.",JULI03,"JULIA GRUP FURNITURE SOLUTIONS S.L.",JULI03,32.37.00,18.05,32.37.00,32.37.00,22,,Riferimento,1,,0,0,0,0,0,0,0,,0,0,,3000-12-31T00:00:00,2023-04-20T09:28:10.583,1,SOGGIORNI,42,Sedie,,,BASIC,,Array,,,
22337,21849558,88,223379,"sedia scrivania 47x67x94/103h bianco/grigio poliprop/tessuto strutt.bianco tessuto grigio",POLVEND3,NET,"JULIA GRUP FURNITURE SOLUTIONS S.L.",JULI03,"JULIA GRUP FURNITURE SOLUTIONS S.L.",JULI03,139.34.00,78.59.00,139.34.00,139.34.00,22,,Riferimento,1,,0,0,0,0,0,0,0,,0,0,,3000-12-31T00:00:00,2023-04-20T09:28:10.583,14,TUTTUFFICIO,15,"Poltrone e sedie",,,BASIC,,Array,,,
22340,20651770,88,223409,"sedia(2pack) 46x60xh83 metallo nero pu grafite",POLVEND3,BLAKE,"JULIA GRUP FURNITURE SOLUTIONS S.L.",JULI03,"JULIA GRUP FURNITURE SOLUTIONS S.L.",JULI03,111.06.00,59.23.00,111.06.00,111.06.00,22,,Riferimento,1,,0,0,0,0,0,0,0,,0,0,,3000-12-31T00:00:00,2023-04-20T09:28:10.613,1,SOGGIORNI,42,Sedie,,,BASIC,,Array,,,
22341,20651756,88,223416,"sedia(2pack) 46x60xh83 metallo nero pu tortora",POLVEND3,BLAKE,"JULIA GRUP FURNITURE SOLUTIONS S.L.",JULI03,"JULIA GRUP FURNITURE SOLUTIONS S.L.",JULI03,111.06.00,59.23.00,111.06.00,111.06.00,22,,Riferimento,1,,0,0,0,0,0,0,0,,0,0,,3000-12-31T00:00:00,2023-04-20T09:28:10.63,1,SOGGIORNI,42,Sedie,,,BASIC,,Array,,,
22342,20652180,88,223423,"sedia(2pack) 62x61xh81 braccioli legno nat plastica bianco",POLVEND3,REYA,"JULIA GRUP FURNITURE SOLUTIONS S.L.",JULI03,"JULIA GRUP FURNITURE SOLUTIONS S.L.",JULI03,86.07.00,49.55.00,86.07.00,86.07.00,22,,Riferimento,1,,0,0,0,0,0,0,0,,0,0,,3000-12-31T00:00:00,2023-04-20T09:28:10.63,1,SOGGIORNI,42,Sedie,,,BASIC,,Array,,,
22343,20652135,88,223430,"sedia(2pack) 62x61xh81 braccioli legno nat tess.grigio chiaro",POLVEND3,REYA,"JULIA GRUP FURNITURE SOLUTIONS S.L.",JULI03,"JULIA GRUP FURNITURE SOLUTIONS S.L.",JULI03,139.34.00,74.04.00,139.34.00,139.34.00,22,,Riferimento,1,,0,0,0,0,0,0,0,,0,0,,3000-12-31T00:00:00,2023-04-20T09:28:10.647,1,SOGGIORNI,42,Sedie,,,BASIC,,Array,,,
22344,20652142,88,223447,"sedia(2pack) 62x61xh81 braccioli legno nat tess.grigio scuro",POLVEND3,REYA,"JULIA GRUP FURNITURE SOLUTIONS S.L.",JULI03,"JULIA GRUP FURNITURE SOLUTIONS S.L.",JULI03,139.34.00,74.04.00,139.34.00,139.34.00,22,,Riferimento,1,,0,0,0,0,0,0,0,,0,0,,3000-12-31T00:00:00,2023-04-20T09:28:10.66,1,SOGGIORNI,42,Sedie,,,BASIC,,Array,,,
22345,20652128,88,223454,"sedia(2pack) 62x61xh81 braccioli legno nat tess.patchwork",POLVEND3,REYA,"JULIA GRUP FURNITURE SOLUTIONS S.L.",JULI03,"JULIA GRUP FURNITURE SOLUTIONS S.L.",JULI03,138.52.00,77.28.00,138.52.00,138.52.00,22,,Riferimento,1,,0,0,0,0,0,0,0,,0,0,,3000-12-31T00:00:00,2023-04-20T09:28:10.66,1,SOGGIORNI,42,Sedie,,,BASIC,,Array,,,
22346,20652166,88,223461,"sedia(2pack) 62x61xh81 braccioli legno nat tess.patchwork",POLVEND3,REYA,"JULIA GRUP FURNITURE SOLUTIONS S.L.",JULI03,"JULIA GRUP FURNITURE SOLUTIONS S.L.",JULI03,138.52.00,78.59.00,138.52.00,138.52.00,22,,Riferimento,1,,0,0,0,0,0,0,0,,0,0,,3000-12-31T00:00:00,2023-04-20T09:28:10.677,1,SOGGIORNI,42,Sedie,,,BASIC,,Array,,,
22347,21751196,88,223478,"sedia(2pack) 78x49x55 grigio velluto a coste",POLVEND3,ZAGY,"JULIA GRUP FURNITURE SOLUTIONS S.L.",JULI03,"JULIA GRUP FURNITURE SOLUTIONS S.L.",JULI03,122.13.00,69.31.00,122.13.00,122.13.00,22,,Riferimento,1,,0,0,0,0,0,0,0,,0,0,,3000-12-31T00:00:00,2023-04-20T09:28:10.693,1,SOGGIORNI,42,Sedie,,,BASIC,,Array,,,
22348,21751202,88,223485,"sedia(2pack) 78x49x56 beige velluto a coste",POLVEND3,ZAGY,"JULIA GRUP FURNITURE SOLUTIONS S.L.",JULI03,"JULIA GRUP FURNITURE SOLUTIONS S.L.",JULI03,122.13.00,69.31.00,122.13.00,122.13.00,22,,Riferimento,1,,0,0,0,0,0,0,0,,0,0,,3000-12-31T00:00:00,2023-04-20T09:28:10.693,1,SOGGIORNI,42,Sedie,,,BASIC,,Array,,,
22349,21751233,88,223492,"sedia(2pack) 78x49x56 grigio chiaro tessuto",POLVEND3,ZAGY,"JULIA GRUP FURNITURE SOLUTIONS S.L.",JULI03,"JULIA GRUP FURNITURE SOLUTIONS S.L.",JULI03,122.13.00,69.31.00,122.13.00,122.13.00,22,,Riferimento,1,,0,0,0,0,0,0,0,,0,0,,3000-12-31T00:00:00,2023-04-20T09:28:10.707,1,SOGGIORNI,42,Sedie,,,BASIC,,Array,,,
22350,21751240,88,223508,"sedia(2pack) 78x49x56 grigio scuro tessuto",POLVEND3,ZAGY,"JULIA GRUP FURNITURE SOLUTIONS S.L.",JULI03,"JULIA GRUP FURNITURE SOLUTIONS S.L.",JULI03,122.13.00,69.31.00,122.13.00,122.13.00,22,,Riferimento,1,,0,0,0,0,0,0,0,,0,0,,3000-12-31T00:00:00,2023-04-20T09:28:10.707,1,SOGGIORNI,42,Sedie,,,BASIC,,Array,,,
22351,21751226,88,223515,"sedia(2pack) 78x49x56 grigio tessuto",POLVEND3,ZAGY,"JULIA GRUP FURNITURE SOLUTIONS S.L.",JULI03,"JULIA GRUP FURNITURE SOLUTIONS S.L.",JULI03,122.13.00,69.31.00,122.13.00,122.13.00,22,,Riferimento,1,,0,0,0,0,0,0,0,,0,0,,3000-12-31T00:00:00,2023-04-20T09:28:10.723,1,SOGGIORNI,42,Sedie,,,BASIC,,Array,,,
22352,21751264,88,223522,"sedia(2pack) 78x49x56 marrone chiaro ecopelle",POLVEND3,ZAGY,"JULIA GRUP FURNITURE SOLUTIONS S.L.",JULI03,"JULIA GRUP FURNITURE SOLUTIONS S.L.",JULI03,143.44.00,82.01.00,143.44.00,143.44.00,22,,Riferimento,1,,0,0,0,0,0,0,0,,0,0,,3000-12-31T00:00:00,2023-04-20T09:28:10.74,1,SOGGIORNI,42,Sedie,,,BASIC,,Array,,,
22353,21751271,88,223539,"sedia(2pack) 78x49x56 marrone scuro ecopelle",POLVEND3,ZAGY,"JULIA GRUP FURNITURE SOLUTIONS S.L.",JULI03,"JULIA GRUP FURNITURE SOLUTIONS S.L.",JULI03,122.13.00,69.31.00,122.13.00,122.13.00,22,,Riferimento,1,,0,0,0,0,0,0,0,,0,0,,3000-12-31T00:00:00,2023-04-20T09:28:10.74,1,SOGGIORNI,42,Sedie,,,BASIC,,Array,,,
22354,21751219,88,223546,"sedia(2pack) 78x49x56 senape velluto a coste",POLVEND3,ZAGY,"JULIA GRUP FURNITURE SOLUTIONS S.L.",JULI03,"JULIA GRUP FURNITURE SOLUTIONS S.L.",JULI03,122.13.00,69.31.00,122.13.00,122.13.00,22,,Riferimento,1,,0,0,0,0,0,0,0,,0,0,,3000-12-31T00:00:00,2023-04-20T09:28:10.753,1,SOGGIORNI,42,Sedie,,,BASIC,,Array,,,
22355,21751257,88,223553,"sedia(2pack) 78x49x56 verde ecopelle",POLVEND3,ZAGY,"JULIA GRUP FURNITURE SOLUTIONS S.L.",JULI03,"JULIA GRUP FURNITURE SOLUTIONS S.L.",JULI03,143.44.00,82.01.00,143.44.00,143.44.00,22,,Riferimento,1,,0,0,0,0,0,0,0,,0,0,,3000-12-31T00:00:00,2023-04-20T09:28:10.753,1,SOGGIORNI,42,Sedie,,,BASIC,,Array,,,
22356,21679421,88,223560,"sedia(2pack) 79x52xh51 grigio chiaro/nero",POLVEND3,MONROE,"JULIA GRUP FURNITURE SOLUTIONS S.L.",JULI03,"JULIA GRUP FURNITURE SOLUTIONS S.L.",JULI03,94.26.00,54.1,94.26.00,94.26.00,22,,Riferimento,1,,0,0,0,0,0,0,0,,0,0,,3000-12-31T00:00:00,2023-04-20T09:28:10.77,1,SOGGIORNI,42,Sedie,,,BASIC,,Array,,,
22357,21679414,88,223577,"sedia(2pack) 79x52xh51 grigio scuro/nero",POLVEND3,MONROE,"JULIA GRUP FURNITURE SOLUTIONS S.L.",JULI03,"JULIA GRUP FURNITURE SOLUTIONS S.L.",JULI03,94.26.00,54.1,94.26.00,94.26.00,22,,Riferimento,1,,0,0,0,0,0,0,0,,0,0,,3000-12-31T00:00:00,2023-04-20T09:28:10.787,1,SOGGIORNI,42,Sedie,,,BASIC,,Array,,,
22358,21679438,88,223584,"sedia(2pack) 79x52xh51 senape/nero",POLVEND3,MONROE,"JULIA GRUP FURNITURE SOLUTIONS S.L.",JULI03,"JULIA GRUP FURNITURE SOLUTIONS S.L.",JULI03,94.26.00,54.1,94.26.00,94.26.00,22,,Riferimento,1,,0,0,0,0,0,0,0,,0,0,,3000-12-31T00:00:00,2023-04-20T09:28:12.397,1,SOGGIORNI,42,Sedie,,,BASIC,,Array,,,
22359,20946517,88,223591,"sedia(2pack) 83x51x59h metallo nero pu grafite",POLVEND3,SPLAY,"JULIA GRUP FURNITURE SOLUTIONS S.L.",JULI03,"JULIA GRUP FURNITURE SOLUTIONS S.L.",JULI03,119.25.00,67.03.00,119.25.00,119.25.00,22,,Riferimento,1,,0,0,0,0,0,0,0,,0,0,,3000-12-31T00:00:00,2023-04-20T09:28:12.41,1,SOGGIORNI,42,Sedie,,,BASIC,,Array,,,
22360,20946500,88,223607,"sedia(2pack) 83x51x59h metallo nero pu tortorau",POLVEND3,SPLAY,"JULIA GRUP FURNITURE SOLUTIONS S.L.",JULI03,"JULIA GRUP FURNITURE SOLUTIONS S.L.",JULI03,119.25.00,67.03.00,119.25.00,119.25.00,22,,Riferimento,1,,0,0,0,0,0,0,0,,0,0,,3000-12-31T00:00:00,2023-04-20T09:28:12.427,1,SOGGIORNI,42,Sedie,,,BASIC,,Array,,,
22361,21092756,88,223614,"sedia(2pack) cm.49x52h79 met.dorato tess.verde scuro",POLVEND3,VICTORIA,"JULIA GRUP FURNITURE SOLUTIONS S.L.",JULI03,"JULIA GRUP FURNITURE SOLUTIONS S.L.",JULI03,106.14.00,59.23.00,106.14.00,106.14.00,22,,Riferimento,1,,0,0,0,0,0,0,0,,0,0,,3000-12-31T00:00:00,2023-04-20T09:28:12.443,1,SOGGIORNI,42,Sedie,,,BASIC,,Array,,,
22362,21092725,88,223621,"sedia(2pack) cm.49x52h79 met.nero tess.grigio",POLVEND3,VICTORIA,"JULIA GRUP FURNITURE SOLUTIONS S.L.",JULI03,"JULIA GRUP FURNITURE SOLUTIONS S.L.",JULI03,89.34.00,52.22.00,89.34.00,89.34.00,22,,Riferimento,1,,0,0,0,0,0,0,0,,0,0,,3000-12-31T00:00:00,2023-04-20T09:28:12.457,1,SOGGIORNI,42,Sedie,,,BASIC,,Array,,,
22363,20651961,88,223638,"sedia(2pack) scrivania 48x56xh82 metal/plast.bianco",POLVEND3,IVY,"JULIA GRUP FURNITURE SOLUTIONS S.L.",JULI03,"JULIA GRUP FURNITURE SOLUTIONS S.L.",JULI03,74.17.00,42.14.00,74.17.00,74.17.00,22,,Riferimento,1,,0,0,0,0,0,0,0,,0,0,,3000-12-31T00:00:00,2023-04-20T09:28:12.473,14,TUTTUFFICIO,15,"Poltrone e sedie",,,BASIC,,Array,,,
22364,20651947,88,223645,"sedia(2pack) scrivania 48x56xh82 metal/plast.grigio",POLVEND3,IVY,"JULIA GRUP FURNITURE SOLUTIONS S.L.",JULI03,"JULIA GRUP FURNITURE SOLUTIONS S.L.",JULI03,74.17.00,42.14.00,74.17.00,74.17.00,22,,Riferimento,1,,0,0,0,0,0,0,0,,0,0,,3000-12-31T00:00:00,2023-04-20T09:28:12.49,14,TUTTUFFICIO,15,"Poltrone e sedie",,,BASIC,,Array,,,
22365,20651930,88,223652,"sedia(2pack) scrivania 48x56xh82 metal/plast.nero",POLVEND3,IVY,"JULIA GRUP FURNITURE SOLUTIONS S.L.",JULI03,"JULIA GRUP FURNITURE SOLUTIONS S.L.",JULI03,74.17.00,42.14.00,74.17.00,74.17.00,22,,Riferimento,1,,0,0,0,0,0,0,0,,0,0,,3000-12-31T00:00:00,2023-04-20T09:28:12.49,14,TUTTUFFICIO,15,"Poltrone e sedie",,,BASIC,,Array,,,
22366,21751097,88,223669,"sedia(2pack) tessuto blu chiaro 59x52x83h",POLVEND3,XENA,"JULIA GRUP FURNITURE SOLUTIONS S.L.",JULI03,"JULIA GRUP FURNITURE SOLUTIONS S.L.",JULI03,130.33.00,74.04.00,130.33.00,130.33.00,22,,Riferimento,1,,0,0,0,0,0,0,0,,0,0,,3000-12-31T00:00:00,2023-04-20T09:28:12.503,1,SOGGIORNI,42,Sedie,,,BASIC,,Array,,,
22367,21751073,88,223676,"sedia(2pack) tessuto grigio 59x52x83h",POLVEND3,XENA,"JULIA GRUP FURNITURE SOLUTIONS S.L.",JULI03,"JULIA GRUP FURNITURE SOLUTIONS S.L.",JULI03,130.33.00,74.04.00,130.33.00,130.33.00,22,,Riferimento,1,,0,0,0,0,0,0,0,,0,0,,3000-12-31T00:00:00,2023-04-20T09:28:12.52,1,SOGGIORNI,42,Sedie,,,BASIC,,Array,,,
22368,21751080,88,223683,"sedia(2pack) tessuto grigio scuro 59x52x83h",POLVEND3,XENA,"JULIA GRUP FURNITURE SOLUTIONS S.L.",JULI03,"JULIA GRUP FURNITURE SOLUTIONS S.L.",JULI03,130.33.00,74.04.00,130.33.00,130.33.00,22,,Riferimento,1,,0,0,0,0,0,0,0,,0,0,,3000-12-31T00:00:00,2023-04-20T09:28:12.537,1,SOGGIORNI,42,Sedie,,,BASIC,,Array,,,
22369,21751103,88,223690,"sedia(2pack) tessuto senape 59x52x83h",POLVEND3,XENA,"JULIA GRUP FURNITURE SOLUTIONS S.L.",JULI03,"JULIA GRUP FURNITURE SOLUTIONS S.L.",JULI03,130.33.00,74.04.00,130.33.00,130.33.00,22,,Riferimento,1,,0,0,0,0,0,0,0,,0,0,,3000-12-31T00:00:00,2023-04-20T09:28:12.537,1,SOGGIORNI,42,Sedie,,,BASIC,,Array,,,
22370,21950490,88,223706,"sedia(2pack) velluto costa grigio 59x52x83h",POLVEND3,XENA,"JULIA GRUP FURNITURE SOLUTIONS S.L.",JULI03,"JULIA GRUP FURNITURE SOLUTIONS S.L.",JULI03,143.44.00,84.12.00,143.44.00,143.44.00,22,,Riferimento,1,,0,0,0,0,0,0,0,,0,0,,3000-12-31T00:00:00,2023-04-20T09:28:12.55,1,SOGGIORNI,42,Sedie,,,BASIC,,Array,,,
22371,21751035,88,223713,"sedia(2pack) velluto costa larga grigio 59x52x83h",POLVEND3,XENA,"JULIA GRUP FURNITURE SOLUTIONS S.L.",JULI03,"JULIA GRUP FURNITURE SOLUTIONS S.L.",JULI03,143.44.00,84.12.00,143.44.00,143.44.00,22,,Riferimento,1,,0,0,0,0,0,0,0,,0,0,,3000-12-31T00:00:00,2023-04-20T09:28:12.55,1,SOGGIORNI,42,Sedie,,,BASIC,,Array,,,
22372,21751042,88,223720,"sedia(2pack) velluto costa larga rosa antico 59x52x83h",POLVEND3,XENA,"JULIA GRUP FURNITURE SOLUTIONS S.L.",JULI03,"JULIA GRUP FURNITURE SOLUTIONS S.L.",JULI03,143.44.00,84.12.00,143.44.00,143.44.00,22,,Riferimento,1,,0,0,0,0,0,0,0,,0,0,,3000-12-31T00:00:00,2023-04-20T09:28:12.567,1,SOGGIORNI,42,Sedie,,,BASIC,,Array,,,
22373,21950506,88,223737,"sedia(2pack) velluto costa senape 59x52x83h",POLVEND3,XENA,"JULIA GRUP FURNITURE SOLUTIONS S.L.",JULI03,"JULIA GRUP FURNITURE SOLUTIONS S.L.",JULI03,143.44.00,84.12.00,143.44.00,143.44.00,22,,Riferimento,1,,0,0,0,0,0,0,0,,0,0,,3000-12-31T00:00:00,2023-04-20T09:28:12.567,1,SOGGIORNI,42,Sedie,,,BASIC,,Array,,,
22374,21356445,88,223744,"sedia(2pack) velluto grigio 59x52x83h",POLVEND3,XENA,"JULIA GRUP FURNITURE SOLUTIONS S.L.",JULI03,"JULIA GRUP FURNITURE SOLUTIONS S.L.",JULI03,130.33.00,74.04.00,130.33.00,130.33.00,22,,Riferimento,1,,0,0,0,0,0,0,0,,0,0,,3000-12-31T00:00:00,2023-04-20T09:28:12.583,1,SOGGIORNI,42,Sedie,,,BASIC,,Array,,,
22375,21751127,88,223751,"sedia(2pack) velluto verde 59x52x83h",POLVEND3,XENA,"JULIA GRUP FURNITURE SOLUTIONS S.L.",JULI03,"JULIA GRUP FURNITURE SOLUTIONS S.L.",JULI03,130.33.00,74.04.00,130.33.00,130.33.00,22,,Riferimento,1,,0,0,0,0,0,0,0,,0,0,,3000-12-31T00:00:00,2023-04-20T09:28:12.583,1,SOGGIORNI,42,Sedie,,,BASIC,,Array,,,
22376,20652081,88,223768,"sedia(4pack) 48x56xh82 legno natur.plastica bianco",POLVEND3,KARMA,"JULIA GRUP FURNITURE SOLUTIONS S.L.",JULI03,"JULIA GRUP FURNITURE SOLUTIONS S.L.",JULI03,61.48.00,35.14.00,61.48.00,61.48.00,22,,Riferimento,1,,0,0,0,0,0,0,0,,0,0,,3000-12-31T00:00:00,2023-04-20T09:28:12.583,1,SOGGIORNI,42,Sedie,,,BASIC,,Array,,,
22377,22140609,88,223775,"sedia(4pack) 48x56xh82 legno natur.plastica grigio ch",POLVEND3,KARMA,"JULIA GRUP FURNITURE SOLUTIONS S.L.",JULI03,"JULIA GRUP FURNITURE SOLUTIONS S.L.",JULI03,61.48.00,35.14.00,61.48.00,61.48.00,22,,Riferimento,1,,0,0,0,0,0,0,0,,0,0,,3000-12-31T00:00:00,2023-04-20T09:28:12.6,1,SOGGIORNI,42,Sedie,,,BASIC,,Array,,,
22378,20652067,88,223782,"sedia(4pack) 48x56xh82 legno natur.plastica nera",POLVEND3,KARMA,"JULIA GRUP FURNITURE SOLUTIONS S.L.",JULI03,"JULIA GRUP FURNITURE SOLUTIONS S.L.",JULI03,61.48.00,35.14.00,61.48.00,61.48.00,22,,Riferimento,1,,0,0,0,0,0,0,0,,0,0,,3000-12-31T00:00:00,2023-04-20T09:28:12.6,1,SOGGIORNI,42,Sedie,,,BASIC,,Array,,,
22379,20652029,88,223799,"sedia(4pack) 48x56xh82 metal/plast.bianco",POLVEND3,VICKY,"JULIA GRUP FURNITURE SOLUTIONS S.L.",JULI03,"JULIA GRUP FURNITURE SOLUTIONS S.L.",JULI03,65.15.00,35.14.00,65.15.00,65.15.00,22,,Riferimento,1,,0,0,0,0,0,0,0,,0,0,,3000-12-31T00:00:00,2023-04-20T09:28:12.613,1,SOGGIORNI,42,Sedie,,,BASIC,,Array,,,
22380,20652005,88,223805,"sedia(4pack) 48x56xh82 metal/plast.grigio",POLVEND3,VICKY,"JULIA GRUP FURNITURE SOLUTIONS S.L.",JULI03,"JULIA GRUP FURNITURE SOLUTIONS S.L.",JULI03,65.15.00,35.14.00,65.15.00,65.15.00,22,,Riferimento,1,,0,0,0,0,0,0,0,,0,0,,3000-12-31T00:00:00,2023-04-20T09:28:12.613,1,SOGGIORNI,42,Sedie,,,BASIC,,Array,,,
22381,20651992,88,223812,"sedia(4pack) 48x56xh82 metal/plast.nero",POLVEND3,VICKY,"JULIA GRUP FURNITURE SOLUTIONS S.L.",JULI03,"JULIA GRUP FURNITURE SOLUTIONS S.L.",JULI03,65.15.00,35.14.00,65.15.00,65.15.00,22,,Riferimento,1,,0,0,0,0,0,0,0,,0,0,,3000-12-31T00:00:00,2023-04-20T09:28:12.63,1,SOGGIORNI,42,Sedie,,,BASIC,,Array,,,
22382,20651893,88,223829,"sedia(4pack) 48x56xh86 legno natur.tess.grigio chiaro trapun.",POLVEND3,LAPIN,"JULIA GRUP FURNITURE SOLUTIONS S.L.",JULI03,"JULIA GRUP FURNITURE SOLUTIONS S.L.",JULI03,94.26.00,52.22.00,94.26.00,94.26.00,22,,Riferimento,1,,0,0,0,0,0,0,0,,0,0,,3000-12-31T00:00:00,2023-04-20T09:28:12.63,1,SOGGIORNI,42,Sedie,,,BASIC,,Array,,,
22383,20651909,88,223836,"sedia(4pack) 48x56xh86 legno natur.tess.grigio scuro trapun.",POLVEND3,LAPIN,"JULIA GRUP FURNITURE SOLUTIONS S.L.",JULI03,"JULIA GRUP FURNITURE SOLUTIONS S.L.",JULI03,94.26.00,45.56.00,94.26.00,94.26.00,22,,Riferimento,1,,0,0,0,0,0,0,0,,0,0,,3000-12-31T00:00:00,2023-04-20T09:28:12.647,1,SOGGIORNI,42,Sedie,,,BASIC,,Array,,,
22384,20651923,88,223843,"sedia(4pack) 48x56xh86 legno natur.tess.senape trapun.",POLVEND3,LAPIN,"JULIA GRUP FURNITURE SOLUTIONS S.L.",JULI03,"JULIA GRUP FURNITURE SOLUTIONS S.L.",JULI03,94.26.00,52.22.00,94.26.00,94.26.00,22,,Riferimento,1,,0,0,0,0,0,0,0,,0,0,,3000-12-31T00:00:00,2023-04-20T09:28:12.647,1,SOGGIORNI,42,Sedie,,,BASIC,,Array,,,
22385,20651862,88,223850,"sedia(4pack) 48x56xh86 legno nero tess.trapun.cowboy grafite",POLVEND3,LAPIN,"JULIA GRUP FURNITURE SOLUTIONS S.L.",JULI03,"JULIA GRUP FURNITURE SOLUTIONS S.L.",JULI03,94.26.00,54.1,94.26.00,94.26.00,22,,Riferimento,1,,0,0,0,0,0,0,0,,0,0,,3000-12-31T00:00:00,2023-04-20T09:28:12.663,1,SOGGIORNI,42,Sedie,,,BASIC,,Array,,,
22386,20651879,88,223867,"sedia(4pack) 48x56xh86 legno nero tess.trapun.cowboy tost.marrone",POLVEND3,LAPIN,"JULIA GRUP FURNITURE SOLUTIONS S.L.",JULI03,"JULIA GRUP FURNITURE SOLUTIONS S.L.",JULI03,94.26.00,54.1,94.26.00,94.26.00,22,,Riferimento,1,,0,0,0,0,0,0,0,,0,0,,3000-12-31T00:00:00,2023-04-20T09:28:12.677,1,SOGGIORNI,42,Sedie,,,BASIC,,Array,,,
22387,22140593,88,223874,"sedia(4pack) 78x47x53 bianca polipropilene e acciaio",POLVEND3,LIVE,"JULIA GRUP FURNITURE SOLUTIONS S.L.",JULI03,"JULIA GRUP FURNITURE SOLUTIONS S.L.",JULI03,56.56.00,32.46.00,56.56.00,56.56.00,22,,Riferimento,1,,0,0,0,0,0,0,0,,0,0,,3000-12-31T00:00:00,2023-04-20T09:28:12.677,1,SOGGIORNI,42,Sedie,,,BASIC,,Array,,,
22388,21751141,88,223881,"sedia(4pack) 78x47x53 grigia polipropilene e acciaio",POLVEND3,LIVE,"JULIA GRUP FURNITURE SOLUTIONS S.L.",JULI03,"JULIA GRUP FURNITURE SOLUTIONS S.L.",JULI03,56.56.00,32.46.00,56.56.00,56.56.00,22,,Riferimento,1,,0,0,0,0,0,0,0,,0,0,,3000-12-31T00:00:00,2023-04-20T09:28:12.693,1,SOGGIORNI,42,Sedie,,,BASIC,,Array,,,
22389,21751158,88,223898,"sedia(4pack) 78x47x53 marrone polipropilene e acciaio",POLVEND3,LIVE,"JULIA GRUP FURNITURE SOLUTIONS S.L.",JULI03,"JULIA GRUP FURNITURE SOLUTIONS S.L.",JULI03,56.56.00,32.46.00,56.56.00,56.56.00,22,,Riferimento,1,,0,0,0,0,0,0,0,,0,0,,3000-12-31T00:00:00,2023-04-20T09:28:12.693,1,SOGGIORNI,42,Sedie,,,BASIC,,Array,,,
22390,21849947,88,223904,"sedia(4pack) 78x47x53 nero polipropilene e acciaio",POLVEND3,LIVE,"JULIA GRUP FURNITURE SOLUTIONS S.L.",JULI03,"JULIA GRUP FURNITURE SOLUTIONS S.L.",JULI03,56.56.00,32.46.00,56.56.00,56.56.00,22,,Riferimento,1,,0,0,0,0,0,0,0,,0,0,,3000-12-31T00:00:00,2023-04-20T09:28:12.71,1,SOGGIORNI,42,Sedie,,,BASIC,,Array,,,
22391,21751295,88,223911,"sedia(4pack) 80x52x57 beige polipropilene ,poliuretano e acciaio",POLVEND3,POINT,"JULIA GRUP FURNITURE SOLUTIONS S.L.",JULI03,"JULIA GRUP FURNITURE SOLUTIONS S.L.",JULI03,86.07.00,47.27.00,86.07.00,86.07.00,22,,Riferimento,1,,0,0,0,0,0,0,0,,0,0,,3000-12-31T00:00:00,2023-04-20T09:28:12.71,1,SOGGIORNI,42,Sedie,,,BASIC,,Array,,,
22392,21751288,88,223928,"sedia(4pack) 80x52x57 nero polipropilene ,poliuretano e acciaio",POLVEND3,POINT,"JULIA GRUP FURNITURE SOLUTIONS S.L.",JULI03,"JULIA GRUP FURNITURE SOLUTIONS S.L.",JULI03,86.07.00,47.27.00,86.07.00,86.07.00,22,,Riferimento,1,,0,0,0,0,0,0,0,,0,0,,3000-12-31T00:00:00,2023-04-20T09:28:12.723,1,SOGGIORNI,42,Sedie,,,BASIC,,Array,,,
22393,21751301,88,223935,"sedia(4pack) 80x52x57 senape polipropilene ,poliuretano e acciaio",POLVEND3,POINT,"JULIA GRUP FURNITURE SOLUTIONS S.L.",JULI03,"JULIA GRUP FURNITURE SOLUTIONS S.L.",JULI03,86.07.00,47.27.00,86.07.00,86.07.00,22,,Riferimento,1,,0,0,0,0,0,0,0,,0,0,,3000-12-31T00:00:00,2023-04-20T09:28:12.723,1,SOGGIORNI,42,Sedie,,,BASIC,,Array,,,
22395,21868788,88,223959,"sedia(4pack) c/braccioli bianco cm.59x53x77h  prolipropilene metallo",POLVEND3,LIVE,"JULIA GRUP FURNITURE SOLUTIONS S.L.",JULI03,"JULIA GRUP FURNITURE SOLUTIONS S.L.",JULI03,65.15.00,35.14.00,65.15.00,65.15.00,22,,Riferimento,1,,0,0,0,0,0,0,0,,0,0,,3000-12-31T00:00:00,2023-04-20T09:28:12.74,1,SOGGIORNI,42,Sedie,,,BASIC,,Array,,,
22396,21868795,88,223966,"sedia(4pack) c/braccioli grigio cm.59x53x77h prolipropilene metallo",POLVEND3,LIVE,"JULIA GRUP FURNITURE SOLUTIONS S.L.",JULI03,"JULIA GRUP FURNITURE SOLUTIONS S.L.",JULI03,65.15.00,35.14.00,65.15.00,65.15.00,22,,Riferimento,1,,0,0,0,0,0,0,0,,0,0,,3000-12-31T00:00:00,2023-04-20T09:28:12.757,1,SOGGIORNI,42,Sedie,,,BASIC,,Array,,,
22397,21868801,88,223973,"sedia(4pack) c/braccioli marrone cm.59x53x77h prolipropilene metallo",POLVEND3,LIVE,"JULIA GRUP FURNITURE SOLUTIONS S.L.",JULI03,"JULIA GRUP FURNITURE SOLUTIONS S.L.",JULI03,65.15.00,35.14.00,65.15.00,65.15.00,22,,Riferimento,1,,0,0,0,0,0,0,0,,0,0,,3000-12-31T00:00:00,2023-04-20T09:28:12.77,1,SOGGIORNI,42,Sedie,,,BASIC,,Array,,,
22398,21093760,88,223980,"sedia(4pack) cm.46x50h87 metal.effetto legno tess.grigio chia",POLVEND3,LIKE,"JULIA GRUP FURNITURE SOLUTIONS S.L.",JULI03,"JULIA GRUP FURNITURE SOLUTIONS S.L.",JULI03,70.07.00,40.26.00,70.07.00,70.07.00,22,,Riferimento,1,,0,0,0,0,0,0,0,,0,0,,3000-12-31T00:00:00,2023-04-20T09:28:12.77,1,SOGGIORNI,42,Sedie,,,BASIC,,Array,,,
22399,21093777,88,223997,"sedia(4pack) cm.46x50h87 metal.effetto legno tess.grigio scuro",POLVEND3,LIKE,"JULIA GRUP FURNITURE SOLUTIONS S.L.",JULI03,"JULIA GRUP FURNITURE SOLUTIONS S.L.",JULI03,70.07.00,40.26.00,70.07.00,70.07.00,22,,Riferimento,1,,0,0,0,0,0,0,0,,0,0,,3000-12-31T00:00:00,2023-04-20T09:28:12.787,1,SOGGIORNI,42,Sedie,,,BASIC,,Array,,,
22400,21093784,88,224000,"sedia(4pack) cm.46x50h87 metal.effetto legno tess.senape",POLVEND3,LIKE,"JULIA GRUP FURNITURE SOLUTIONS S.L.",JULI03,"JULIA GRUP FURNITURE SOLUTIONS S.L.",JULI03,70.07.00,40.26.00,70.07.00,70.07.00,22,,Riferimento,1,,0,0,0,0,0,0,0,,0,0,,3000-12-31T00:00:00,2023-04-20T09:28:12.787,1,SOGGIORNI,42,Sedie,,,BASIC,,Array,,,
22401,21950445,88,224017,"sedia(4pack) eucalipto colore nero 56x50x78h",POLVEND3,GLYNIS,"JULIA GRUP FURNITURE SOLUTIONS S.L.",JULI03,"JULIA GRUP FURNITURE SOLUTIONS S.L.",JULI03,213.11.00,118.46.00,213.11.00,213.11.00,22,,Riferimento,1,,0,0,0,0,0,0,0,,0,0,,3000-12-31T00:00:00,2023-04-20T09:28:12.803,1,SOGGIORNI,42,Sedie,,,BASIC,,Array,,,
22402,21950421,88,224024,"sedia(4pack) eucalipto colore struttura naturale seduta beige 56x50x78h",POLVEND3,GLYNIS,"JULIA GRUP FURNITURE SOLUTIONS S.L.",JULI03,"JULIA GRUP FURNITURE SOLUTIONS S.L.",JULI03,213.11.00,118.46.00,213.11.00,213.11.00,22,,Riferimento,1,,0,0,0,0,0,0,0,,0,0,,3000-12-31T00:00:00,2023-04-20T09:28:12.803,1,SOGGIORNI,42,Sedie,,,BASIC,,Array,,,
22403,20956288,88,224031,"sedia(4pack) eucalipto colore struttura naturale seduta nera 56x50x78h",POLVEND3,GLYNIS,"JULIA GRUP FURNITURE SOLUTIONS S.L.",JULI03,"JULIA GRUP FURNITURE SOLUTIONS S.L.",JULI03,213.11.00,118.46.00,213.11.00,213.11.00,22,,Riferimento,1,,0,0,0,0,0,0,0,,0,0,,3000-12-31T00:00:00,2023-04-20T09:28:12.817,1,SOGGIORNI,42,Sedie,,,BASIC,,Array,,,
22404,21950438,88,224048,"sedia(4pack) eucalipto colore struttura naturale seduta terracotta 56x50x78h",POLVEND3,GLYNIS,"JULIA GRUP FURNITURE SOLUTIONS S.L.",JULI03,"JULIA GRUP FURNITURE SOLUTIONS S.L.",JULI03,213.11.00,118.46.00,213.11.00,213.11.00,22,,Riferimento,1,,0,0,0,0,0,0,0,,0,0,,3000-12-31T00:00:00,2023-04-20T09:28:12.833,1,SOGGIORNI,42,Sedie,,,BASIC,,Array,,,
22405,21950469,88,224055,"sedia(4pack) eucalipto colore struttura nero seduta beige 56x50x78h",POLVEND3,GLYNIS,"JULIA GRUP FURNITURE SOLUTIONS S.L.",JULI03,"JULIA GRUP FURNITURE SOLUTIONS S.L.",JULI03,213.11.00,118.46.00,213.11.00,213.11.00,22,,Riferimento,1,,0,0,0,0,0,0,0,,0,0,,3000-12-31T00:00:00,2023-04-20T09:28:12.833,1,SOGGIORNI,42,Sedie,,,BASIC,,Array,,,
22406,21950452,88,224062,"sedia(4pack) eucalipto colore struttura noce seduta beige 56x50x78h",POLVEND3,GLYNIS,"JULIA GRUP FURNITURE SOLUTIONS S.L.",JULI03,"JULIA GRUP FURNITURE SOLUTIONS S.L.",JULI03,213.11.00,118.46.00,213.11.00,213.11.00,22,,Riferimento,1,,0,0,0,0,0,0,0,,0,0,,3000-12-31T00:00:00,2023-04-20T09:28:12.85,1,SOGGIORNI,42,Sedie,,,BASIC,,Array,,,
22407,21850066,88,224079,"sedia(4pack) legno nat tess.trapunt.grigio chiaro cm.88x48x56h",POLVEND3,EWAN,"JULIA GRUP FURNITURE SOLUTIONS S.L.",JULI03,"JULIA GRUP FURNITURE SOLUTIONS S.L.",JULI03,135.25.00,77.28.00,135.25.00,135.25.00,22,,Riferimento,1,,0,0,0,0,0,0,0,,0,0,,3000-12-31T00:00:00,2023-04-20T09:28:12.863,1,SOGGIORNI,42,Sedie,,,BASIC,,Array,,,
22408,21850073,88,224086,"sedia(4pack) legno nat tess.trapunt.grigio scuro cm.88x48x56h",POLVEND3,EWAN,"JULIA GRUP FURNITURE SOLUTIONS S.L.",JULI03,"JULIA GRUP FURNITURE SOLUTIONS S.L.",JULI03,135.25.00,77.28.00,135.25.00,135.25.00,22,,Riferimento,1,,0,0,0,0,0,0,0,,0,0,,3000-12-31T00:00:00,2023-04-20T09:28:14.49,1,SOGGIORNI,42,Sedie,,,BASIC,,Array,,,
22409,20955878,88,224093,"sedia(4pack) legno nat tess.trapunt.senape cm.88x48x56h",POLVEND3,EWAN,"JULIA GRUP FURNITURE SOLUTIONS S.L.",JULI03,"JULIA GRUP FURNITURE SOLUTIONS S.L.",JULI03,135.25.00,77.28.00,135.25.00,135.25.00,22,,Riferimento,1,,0,0,0,0,0,0,0,,0,0,,3000-12-31T00:00:00,2023-04-20T09:28:14.507,1,SOGGIORNI,42,Sedie,,,BASIC,,Array,,,
22410,20851446,0,224109,"sedia(6pack) 88x47x52 bianco impilabile prolipropilene metallo",POLVEND2,WASSU,"JULIA GRUP FURNITURE SOLUTIONS S.L.",JULI03,"JULIA GRUP FURNITURE SOLUTIONS S.L.",JULI03,56.56.00,24.36.00,56.56.00,56.56.00,22,,Stock,1,,0,0,0,0,0,0,0,,0,0,,3000-12-31T00:00:00,2023-04-20T09:28:14.52,1,SOGGIORNI,42,Sedie,,,BASIC,,Array,,,
22411,22140616,88,224116,"sedia(6pack) 88x47x52 grigio impilabile prolipropilene metallo",POLVEND3,WASSU,"JULIA GRUP FURNITURE SOLUTIONS S.L.",JULI03,"JULIA GRUP FURNITURE SOLUTIONS S.L.",JULI03,56.56.00,24.36.00,56.56.00,56.56.00,22,,Riferimento,1,,0,0,0,0,0,0,0,,0,0,,3000-12-31T00:00:00,2023-04-20T09:28:14.537,1,SOGGIORNI,42,Sedie,,,BASIC,,Array,,,
22412,20851460,0,224123,"sedia(6pack) 88x47x52 nero impilabile prolipropilene metallo",POLVEND2,WASSU,"JULIA GRUP FURNITURE SOLUTIONS S.L.",JULI03,"JULIA GRUP FURNITURE SOLUTIONS S.L.",JULI03,56.56.00,24.36.00,56.56.00,56.56.00,22,,Stock,1,,0,0,0,0,0,0,0,,0,0,,3000-12-31T00:00:00,2023-04-20T09:28:14.553,1,SOGGIORNI,42,Sedie,,,BASIC,,Array,,,
22413,22496614,88,224130,"set 2 tavolini acc nero e vetro temp cm.50x55/100x50",POLVEND3,AKALA,"JULIA GRUP FURNITURE SOLUTIONS S.L.",JULI03,"JULIA GRUP FURNITURE SOLUTIONS S.L.",JULI03,160.24.00,90.38.00,160.24.00,160.24.00,22,,Riferimento,1,,0,0,0,0,0,0,0,,0,0,,3000-12-31T00:00:00,2023-04-20T09:28:14.567,1,SOGGIORNI,31,Tavolini,,,RAW,,Array,,,
22415,22496621,88,224154,"set 2 tavolini in vetro marmo bianc e oro diam80/50cm",POLVEND3,LEOPOLD,"JULIA GRUP FURNITURE SOLUTIONS S.L.",JULI03,"JULIA GRUP FURNITURE SOLUTIONS S.L.",JULI03,225.41.00,128.14.00,225.41.00,225.41.00,22,,Riferimento,1,,0,0,0,0,0,0,0,,0,0,,3000-12-31T00:00:00,2023-04-20T09:28:14.583,1,SOGGIORNI,31,Tavolini,,,ICON,,Array,,,
22416,22496706,88,224161,"set 2 tavolini legno acacia 50x42/34x42cm",POLVEND3,KATA,"JULIA GRUP FURNITURE SOLUTIONS S.L.",JULI03,"JULIA GRUP FURNITURE SOLUTIONS S.L.",JULI03,193.02.00,111.05.00,193.02.00,193.02.00,22,,Riferimento,1,,0,0,0,0,0,0,0,,0,0,,3000-12-31T00:00:00,2023-04-20T09:28:14.6,1,SOGGIORNI,31,Tavolini,,,FUSION,,Array,,,
22418,21356728,88,224185,"set di 2 tavolini suite 45/35x45/35xh50/40",POLVEND3,SUITE,"JULIA GRUP FURNITURE SOLUTIONS S.L.",JULI03,"JULIA GRUP FURNITURE SOLUTIONS S.L.",JULI03,114.33.00,64.18.00,114.33.00,114.33.00,22,,Riferimento,1,,0,0,0,0,0,0,0,,0,0,,3000-12-31T00:00:00,2023-04-20T09:28:14.617,1,SOGGIORNI,31,Tavolini,,,BASIC,,Array,,,
22423,21849954,88,224239,"sgabello(1pack) metallo dorato legno naturale cm.74x45x45h",POLVEND3,CITY,"JULIA GRUP FURNITURE SOLUTIONS S.L.",JULI03,"JULIA GRUP FURNITURE SOLUTIONS S.L.",JULI03,130.33.00,72.16.00,130.33.00,130.33.00,22,,Riferimento,1,,0,0,0,0,0,0,0,,0,0,,3000-12-31T00:00:00,2023-04-20T09:28:14.663,1,SOGGIORNI,47,Sgabelli,,,BASIC,,Array,,,
22424,20955816,88,224246,"sgabello(1pack) metallo nero legno naturale cm.74x45x45h",POLVEND3,CITY,"JULIA GRUP FURNITURE SOLUTIONS S.L.",JULI03,"JULIA GRUP FURNITURE SOLUTIONS S.L.",JULI03,130.33.00,72.16.00,130.33.00,130.33.00,22,,Riferimento,1,,0,0,0,0,0,0,0,,0,0,,3000-12-31T00:00:00,2023-04-20T09:28:14.663,1,SOGGIORNI,47,Sgabelli,,,BASIC,,Array,,,
22425,20651787,88,224253,"sgabello(2pack) 49x53xh107 metallo nero pu grafite",POLVEND3,BLAKE,"JULIA GRUP FURNITURE SOLUTIONS S.L.",JULI03,"JULIA GRUP FURNITURE SOLUTIONS S.L.",JULI03,131.15.00,71.02.00,131.15.00,131.15.00,22,,Riferimento,1,,0,0,0,0,0,0,0,,0,0,,3000-12-31T00:00:00,2023-04-20T09:28:14.677,1,SOGGIORNI,47,Sgabelli,,,BASIC,,Array,,,
22426,20651800,88,224260,"sgabello(2pack) 49x53xh107 metallo nero pu tortora",POLVEND3,BLAKE,"JULIA GRUP FURNITURE SOLUTIONS S.L.",JULI03,"JULIA GRUP FURNITURE SOLUTIONS S.L.",JULI03,131.15.00,71.02.00,131.15.00,131.15.00,22,,Riferimento,1,,0,0,0,0,0,0,0,,0,0,,3000-12-31T00:00:00,2023-04-20T09:28:14.677,1,SOGGIORNI,47,Sgabelli,,,BASIC,,Array,,,
22427,21679452,88,224277,"sgabello(2pack) 54x53xh98 grigio chiaro/nero",POLVEND3,MALIN,"JULIA GRUP FURNITURE SOLUTIONS S.L.",JULI03,"JULIA GRUP FURNITURE SOLUTIONS S.L.",JULI03,106.56.00,60.37.00,106.56.00,106.56.00,22,,Riferimento,1,,0,0,0,0,0,0,0,,0,0,,3000-12-31T00:00:00,2023-04-20T09:28:14.693,1,SOGGIORNI,47,Sgabelli,,,BASIC,,Array,,,
22428,21679445,88,224284,"sgabello(2pack) 54x53xh98 grigio scuro/nero",POLVEND3,MALIN,"JULIA GRUP FURNITURE SOLUTIONS S.L.",JULI03,"JULIA GRUP FURNITURE SOLUTIONS S.L.",JULI03,106.56.00,60.37.00,106.56.00,106.56.00,22,,Riferimento,1,,0,0,0,0,0,0,0,,0,0,,3000-12-31T00:00:00,2023-04-20T09:28:14.693,1,SOGGIORNI,47,Sgabelli,,,BASIC,,Array,,,
22429,21679469,88,224291,"sgabello(2pack) 54x53xh98 senape/nero",POLVEND3,MALIN,"JULIA GRUP FURNITURE SOLUTIONS S.L.",JULI03,"JULIA GRUP FURNITURE SOLUTIONS S.L.",JULI03,106.56.00,60.37.00,106.56.00,106.56.00,22,,Riferimento,1,,0,0,0,0,0,0,0,,0,0,,3000-12-31T00:00:00,2023-04-20T09:28:14.693,1,SOGGIORNI,47,Sgabelli,,,BASIC,,Array,,,
22430,20851569,88,224307,"sgabello(2pack) 62-84x43x43 metallo bianco bambu",POLVEND3,FACTORY,"JULIA GRUP FURNITURE SOLUTIONS S.L.",JULI03,"JULIA GRUP FURNITURE SOLUTIONS S.L.",JULI03,94.26.00,54.1,94.26.00,94.26.00,22,,Riferimento,1,,0,0,0,0,0,0,0,,0,0,,3000-12-31T00:00:00,2023-04-20T09:28:14.71,1,SOGGIORNI,47,Sgabelli,,,BASIC,,Array,,,
22431,21093814,88,224314,"sgabello(2pack) cm.38,5x40h97 legno plastica bianco pu bianco",POLVEND3,CORK,"JULIA GRUP FURNITURE SOLUTIONS S.L.",JULI03,"JULIA GRUP FURNITURE SOLUTIONS S.L.",JULI03,78.27.00,44.42.00,78.27.00,78.27.00,22,,Riferimento,1,,0,0,0,0,0,0,0,,0,0,,3000-12-31T00:00:00,2023-04-20T09:28:14.71,1,SOGGIORNI,47,Sgabelli,,,BASIC,,Array,,,
22433,21092824,88,224338,"sgabello(2pack) cm.44x44h98 met.plastica bianco pu bianco",POLVEND3,FANNY,"JULIA GRUP FURNITURE SOLUTIONS S.L.",JULI03,"JULIA GRUP FURNITURE SOLUTIONS S.L.",JULI03,74.17.00,40.26.00,74.17.00,74.17.00,22,,Riferimento,1,,0,0,0,0,0,0,0,,0,0,,3000-12-31T00:00:00,2023-04-20T09:28:14.723,1,SOGGIORNI,47,Sgabelli,,,BASIC,,Array,,,
22434,21346644,88,224345,"sgabello(2pack) cm.50x53h95 metal.nero pu grafite",POLVEND3,JADE,"JULIA GRUP FURNITURE SOLUTIONS S.L.",JULI03,"JULIA GRUP FURNITURE SOLUTIONS S.L.",JULI03,115.15.00,62.08.00,115.15.00,115.15.00,22,,Riferimento,1,,0,0,0,0,0,0,0,,0,0,,3000-12-31T00:00:00,2023-04-20T09:28:14.74,1,SOGGIORNI,47,Sgabelli,,,RAW,,Array,,,
22435,21332142,88,224352,"sgabello(2pack) cm.50x53h95 metal.nero pu tortora",POLVEND3,JADE,"JULIA GRUP FURNITURE SOLUTIONS S.L.",JULI03,"JULIA GRUP FURNITURE SOLUTIONS S.L.",JULI03,115.15.00,62.08.00,115.15.00,115.15.00,22,,Riferimento,1,,0,0,0,0,0,0,0,,0,0,,3000-12-31T00:00:00,2023-04-20T09:28:14.757,1,SOGGIORNI,47,Sgabelli,,,RAW,,Array,,,
22436,20652234,88,224369,"sgabello(2pack) crom plast/pu bianco",POLVEND3,MIAMI,"JULIA GRUP FURNITURE SOLUTIONS S.L.",JULI03,"JULIA GRUP FURNITURE SOLUTIONS S.L.",JULI03,74.17.00,40.26.00,74.17.00,74.17.00,22,,Riferimento,1,,0,0,0,0,0,0,0,,0,0,,3000-12-31T00:00:00,2023-04-20T09:28:14.757,1,SOGGIORNI,47,Sgabelli,,,BASIC,,Array,,,
22437,20652258,88,224376,"sgabello(2pack) crom plast/pu grigio",POLVEND3,MIAMI,"JULIA GRUP FURNITURE SOLUTIONS S.L.",JULI03,"JULIA GRUP FURNITURE SOLUTIONS S.L.",JULI03,74.17.00,40.26.00,74.17.00,74.17.00,22,,Riferimento,1,,0,0,0,0,0,0,0,,0,0,,3000-12-31T00:00:00,2023-04-20T09:28:14.77,1,SOGGIORNI,47,Sgabelli,,,BASIC,,Array,,,
22439,20652272,88,224390,"sgabello(2pack) metallo cromato pu bianco",POLVEND3,DEVIN,"JULIA GRUP FURNITURE SOLUTIONS S.L.",JULI03,"JULIA GRUP FURNITURE SOLUTIONS S.L.",JULI03,86.07.00,49.55.00,86.07.00,86.07.00,22,,Riferimento,1,,0,0,0,0,0,0,0,,0,0,,3000-12-31T00:00:00,2023-04-20T09:28:14.787,1,SOGGIORNI,47,Sgabelli,,,BASIC,,Array,,,
22440,20652289,88,224406,"sgabello(2pack) metallo cromato pu nero",POLVEND3,DEVIN,"JULIA GRUP FURNITURE SOLUTIONS S.L.",JULI03,"JULIA GRUP FURNITURE SOLUTIONS S.L.",JULI03,86.07.00,49.55.00,86.07.00,86.07.00,22,,Riferimento,1,,0,0,0,0,0,0,0,,0,0,,3000-12-31T00:00:00,2023-04-20T09:28:14.787,1,SOGGIORNI,47,Sgabelli,,,BASIC,,Array,,,
22441,20652296,88,224413,"sgabello(2pack) metallo cromato pu perla",POLVEND3,DEVIN,"JULIA GRUP FURNITURE SOLUTIONS S.L.",JULI03,"JULIA GRUP FURNITURE SOLUTIONS S.L.",JULI03,86.07.00,49.55.00,86.07.00,86.07.00,22,,Riferimento,1,,0,0,0,0,0,0,0,,0,0,,3000-12-31T00:00:00,2023-04-20T09:28:14.803,1,SOGGIORNI,47,Sgabelli,,,BASIC,,Array,,,
22445,20652210,88,224451,"tavolino 70x70 impiallacciato naturale",POLVEND3,BRANDY,"JULIA GRUP FURNITURE SOLUTIONS S.L.",JULI03,"JULIA GRUP FURNITURE SOLUTIONS S.L.",JULI03,217.21.00,123.58.00,217.21.00,217.21.00,22,,Riferimento,1,,0,0,0,0,0,0,0,,0,0,,3000-12-31T00:00:00,2023-04-20T09:28:14.833,1,SOGGIORNI,31,Tavolini,,,BASIC,,Array,,,
22454,22496690,88,224543,"tavolino diam.38cm ferro beige e oro",POLVEND3,NAIVE,"JULIA GRUP FURNITURE SOLUTIONS S.L.",JULI03,"JULIA GRUP FURNITURE SOLUTIONS S.L.",JULI03,138.52.00,78.59.00,138.52.00,138.52.00,22,,Riferimento,1,,0,0,0,0,0,0,0,,0,0,,3000-12-31T00:00:00,2023-04-20T09:28:14.927,1,SOGGIORNI,31,Tavolini,,,ICON,,Array,,,
22455,21959165,88,224550,"tavolino diam.39",POLVEND3,RHET,"JULIA GRUP FURNITURE SOLUTIONS S.L.",JULI03,"JULIA GRUP FURNITURE SOLUTIONS S.L.",JULI03,94.26.00,54.1,94.26.00,94.26.00,22,,Riferimento,1,,0,0,0,0,0,0,0,,0,0,,3000-12-31T00:00:00,2023-04-20T09:28:14.927,1,SOGGIORNI,31,Tavolini,,,BASIC,,Array,,,
22457,22496683,88,224574,"tavolino diam.46cm noce impiall. e metallo",POLVEND3,BERLIN,"JULIA GRUP FURNITURE SOLUTIONS S.L.",JULI03,"JULIA GRUP FURNITURE SOLUTIONS S.L.",JULI03,98.36.00,57.35.00,98.36.00,98.36.00,22,,Riferimento,1,,0,0,0,0,0,0,0,,0,0,,3000-12-31T00:00:00,2023-04-20T09:28:14.96,1,SOGGIORNI,31,Tavolini,,,RAW,,Array,,,
22460,22496645,88,224604,"tavolino diam.80cm mosaico teak e ferro nero",POLVEND3,BONO,"JULIA GRUP FURNITURE SOLUTIONS S.L.",JULI03,"JULIA GRUP FURNITURE SOLUTIONS S.L.",JULI03,283.19.00,163.28.00,283.19.00,283.19.00,22,,Riferimento,1,,0,0,0,0,0,0,0,,0,0,,3000-12-31T00:00:00,2023-04-20T09:28:16.617,1,SOGGIORNI,31,Tavolini,,,RAW,,Array,,,
22462,22496676,88,224628,"tavolino ferro base oro e piano bronzo diam.45x27cm",POLVEND3,LEILA,"JULIA GRUP FURNITURE SOLUTIONS S.L.",JULI03,"JULIA GRUP FURNITURE SOLUTIONS S.L.",JULI03,130.33.00,75.17.00,130.33.00,130.33.00,22,,Riferimento,1,,0,0,0,0,0,0,0,,0,0,,3000-12-31T00:00:00,2023-04-20T09:28:16.63,1,SOGGIORNI,31,Tavolini,,,ICON,,Array,,,
22467,21950353,0,224673,"tavolino legno colore naturale 30x30x46h",POLVEND1,SPIRAL,"JULIA GRUP FURNITURE SOLUTIONS S.L.",JULI03,"JULIA GRUP FURNITURE SOLUTIONS S.L.",JULI03,138.52.00,74.04.00,138.52.00,138.52.00,22,,Stock,1,,0,0,0,0,0,0,0,,0,0,,3000-12-31T00:00:00,2023-04-20T09:28:16.663,11,DECORAZIONE,37,"Accessori e Decorazioni da Appoggio",,,BASIC,,Array,,,
22471,22496652,88,224710,"tavolino noce e metallo 102x56cm",POLVEND3,KIDDY,"JULIA GRUP FURNITURE SOLUTIONS S.L.",JULI03,"JULIA GRUP FURNITURE SOLUTIONS S.L.",JULI03,188.52.00,109.17.00,188.52.00,188.52.00,22,,Riferimento,1,,0,0,0,0,0,0,0,,0,0,,3000-12-31T00:00:00,2023-04-20T09:28:16.693,1,SOGGIORNI,31,Tavolini,,,ICON,,Array,,,
22477,21950377,0,224772,"tavolino teak colore naturale 35x35x35h",POLVEND1,BLOCK,"JULIA GRUP FURNITURE SOLUTIONS S.L.",JULI03,"JULIA GRUP FURNITURE SOLUTIONS S.L.",JULI03,138.52.00,72.16.00,138.52.00,138.52.00,22,,Stock,1,,0,0,0,0,0,0,0,,0,0,,3000-12-31T00:00:00,2023-04-20T09:28:16.74,11,DECORAZIONE,37,"Accessori e Decorazioni da Appoggio",,,BASIC,,Array,,,
22478,21950384,88,224789,"tavolino teak colore naturale 80x80x40h",POLVEND3,CHINON,"JULIA GRUP FURNITURE SOLUTIONS S.L.",JULI03,"JULIA GRUP FURNITURE SOLUTIONS S.L.",JULI03,397.54.00,227.23.00,397.54.00,397.54.00,22,,Riferimento,1,,0,0,0,0,0,0,0,,0,0,,3000-12-31T00:00:00,2023-04-20T09:28:16.757,1,SOGGIORNI,31,Tavolini,,,BASIC,,Array,,,
22479,22496669,88,224796,"tavolino teak e metallo nero 29x20cm",POLVEND3,KAWALE,"JULIA GRUP FURNITURE SOLUTIONS S.L.",JULI03,"JULIA GRUP FURNITURE SOLUTIONS S.L.",JULI03,168.03.00,97.22.00,168.03.00,168.03.00,22,,Riferimento,1,,0,0,0,0,0,0,0,,0,0,,3000-12-31T00:00:00,2023-04-20T09:28:16.77,1,SOGGIORNI,31,Tavolini,,,RAW,,Array,,,
22480,21950407,88,224802,"tavolino teak nero 50x50x48h",POLVEND3,CHINON,"JULIA GRUP FURNITURE SOLUTIONS S.L.",JULI03,"JULIA GRUP FURNITURE SOLUTIONS S.L.",JULI03,245.08.00,143.34.00,245.08.00,245.08.00,22,,Riferimento,1,,0,0,0,0,0,0,0,,0,0,,3000-12-31T00:00:00,2023-04-20T09:28:16.77,1,SOGGIORNI,31,Tavolini,,,BASIC,,Array,,,
22481,21950391,88,224819,"tavolino teak nero 80x80x40h",POLVEND3,CHINON,"JULIA GRUP FURNITURE SOLUTIONS S.L.",JULI03,"JULIA GRUP FURNITURE SOLUTIONS S.L.",JULI03,352.04.00,198.02.00,352.04.00,352.04.00,22,,Riferimento,1,,0,0,0,0,0,0,0,,0,0,,3000-12-31T00:00:00,2023-04-20T09:28:16.787,1,SOGGIORNI,31,Tavolini,,,BASIC,,Array,,,
22482,22496638,88,224826,"tavolino vetr marm bianco e oro 100x50cm",POLVEND3,BETH,"JULIA GRUP FURNITURE SOLUTIONS S.L.",JULI03,"JULIA GRUP FURNITURE SOLUTIONS S.L.",JULI03,180.33.00,104.05.00,180.33.00,180.33.00,22,,Riferimento,1,,0,0,0,0,0,0,0,,0,0,,3000-12-31T00:00:00,2023-04-20T09:28:16.803,1,SOGGIORNI,31,Tavolini,,,ICON,,Array,,,
22483,22496607,88,224833,"tavolino vetro nero e marmo gambe oro diam.84cm",POLVEND3,CAMI,"JULIA GRUP FURNITURE SOLUTIONS S.L.",JULI03,"JULIA GRUP FURNITURE SOLUTIONS S.L.",JULI03,201.22.00,115.04.00,201.22.00,201.22.00,22,,Riferimento,1,,0,0,0,0,0,0,0,,0,0,,3000-12-31T00:00:00,2023-04-20T09:28:16.803,1,SOGGIORNI,31,Tavolini,,,RAW,,Array,,,
22484,20651626,88,224840,"tavolo 150x90 cromato cristal trasp.",POLVEND3,CANADA,"JULIA GRUP FURNITURE SOLUTIONS S.L.",JULI03,"JULIA GRUP FURNITURE SOLUTIONS S.L.",JULI03,574.17.00,326.32.00,574.17.00,574.17.00,22,,Riferimento,1,,0,0,0,0,0,0,0,,0,0,,3000-12-31T00:00:00,2023-04-20T09:28:16.82,1,SOGGIORNI,41,"Tavoli Fissi",,,BASIC,,Array,,,
22485,21751325,88,224857,"tavolo 160(210)x90 ceramica bianca metallo/ceramica",POLVEND3,LOTUS,"JULIA GRUP FURNITURE SOLUTIONS S.L.",JULI03,"JULIA GRUP FURNITURE SOLUTIONS S.L.",JULI03,1065.57.00,619.05.00,1065.57.00,1065.57.00,22,,Riferimento,1,,0,0,0,0,0,0,0,,0,0,,3000-12-31T00:00:00,2023-04-20T09:28:16.82,1,SOGGIORNI,46,"Tavoli Allungabili",,,BASIC,,Array,,,
22486,21751318,88,224864,"tavolo 160(210)x90 nero opaco metallo/vetro",POLVEND3,LOTUS,"JULIA GRUP FURNITURE SOLUTIONS S.L.",JULI03,"JULIA GRUP FURNITURE SOLUTIONS S.L.",JULI03,902.04.00,520.35.00,902.04.00,902.04.00,22,,Riferimento,1,,0,0,0,0,0,0,0,,0,0,,3000-12-31T00:00:00,2023-04-20T09:28:16.833,1,SOGGIORNI,46,"Tavoli Allungabili",,,BASIC,,Array,,,
22487,20651411,88,224871,"tavolo 160x90 bianco vetro transparente",POLVEND3,WORLD,"JULIA GRUP FURNITURE SOLUTIONS S.L.",JULI03,"JULIA GRUP FURNITURE SOLUTIONS S.L.",JULI03,344.26.00,192.49.00,344.26.00,344.26.00,22,,Riferimento,1,,0,0,0,0,0,0,0,,0,0,,3000-12-31T00:00:00,2023-04-20T09:28:16.833,1,SOGGIORNI,41,"Tavoli Fissi",,,BASIC,,Array,,,
22488,20651374,88,224888,"tavolo 160x90 inox vetro trasp.",POLVEND3,WORLD,"JULIA GRUP FURNITURE SOLUTIONS S.L.",JULI03,"JULIA GRUP FURNITURE SOLUTIONS S.L.",JULI03,557.38.00,322.17.00,557.38.00,557.38.00,22,,Riferimento,1,,0,0,0,0,0,0,0,,0,0,,3000-12-31T00:00:00,2023-04-20T09:28:16.85,1,SOGGIORNI,41,"Tavoli Fissi",,,BASIC,,Array,,,
22489,20651473,88,224895,"tavolo 160x90 naturale vetro trasp.",POLVEND3,WORLD,"JULIA GRUP FURNITURE SOLUTIONS S.L.",JULI03,"JULIA GRUP FURNITURE SOLUTIONS S.L.",JULI03,402.04.00,232.36.00,402.04.00,402.04.00,22,,Riferimento,1,,0,0,0,0,0,0,0,,0,0,,3000-12-31T00:00:00,2023-04-20T09:28:16.85,1,SOGGIORNI,41,"Tavoli Fissi",,,BASIC,,Array,,,
22490,20651459,88,224901,"tavolo 160x90 nero ceramico iron corten",POLVEND3,WORLD,"JULIA GRUP FURNITURE SOLUTIONS S.L.",JULI03,"JULIA GRUP FURNITURE SOLUTIONS S.L.",JULI03,770.49.00,445.35.00,770.49.00,770.49.00,22,,Riferimento,1,,0,0,0,0,0,0,0,,0,0,,3000-12-31T00:00:00,2023-04-20T09:28:16.867,1,SOGGIORNI,41,"Tavoli Fissi",,,RAW,,Array,,,
22491,21600456,88,224918,"tavolo 180x100 h75 inox vetro trasp.",POLVEND3,WORLD,"JULIA GRUP FURNITURE SOLUTIONS S.L.",JULI03,"JULIA GRUP FURNITURE SOLUTIONS S.L.",JULI03,590.16.00,341.13.00,590.16.00,590.16.00,22,,Riferimento,1,,0,0,0,0,0,0,0,,0,0,,3000-12-31T00:00:00,2023-04-20T09:28:16.867,1,SOGGIORNI,41,"Tavoli Fissi",,,BASIC,,Array,,,
22492,21356681,88,224925,"tavolo 180x100xh75 bianco ceramico kalos blanco",POLVEND3,WORLD,"JULIA GRUP FURNITURE SOLUTIONS S.L.",JULI03,"JULIA GRUP FURNITURE SOLUTIONS S.L.",JULI03,967.21.00,559.25.00,967.21.00,967.21.00,22,,Riferimento,1,,0,0,0,0,0,0,0,,0,0,,3000-12-31T00:00:00,2023-04-20T09:28:16.88,1,SOGGIORNI,41,"Tavoli Fissi",,,BASIC,,Array,,,
22493,20651657,88,224932,"tavolo 180x90 cromato vetro trasp.",POLVEND3,CANADA,"JULIA GRUP FURNITURE SOLUTIONS S.L.",JULI03,"JULIA GRUP FURNITURE SOLUTIONS S.L.",JULI03,606.56.00,349.1,606.56.00,606.56.00,22,,Riferimento,1,,0,0,0,0,0,0,0,,0,0,,3000-12-31T00:00:00,2023-04-20T09:28:16.897,1,SOGGIORNI,41,"Tavoli Fissi",,,BASIC,,Array,,,
22494,20651688,88,224949,"tavolo 200x100 cromato vetro trasp.",POLVEND3,CANADA,"JULIA GRUP FURNITURE SOLUTIONS S.L.",JULI03,"JULIA GRUP FURNITURE SOLUTIONS S.L.",JULI03,647.54.00,369.04.00,647.54.00,647.54.00,22,,Riferimento,1,,0,0,0,0,0,0,0,,0,0,,3000-12-31T00:00:00,2023-04-20T09:28:16.897,1,SOGGIORNI,41,"Tavoli Fissi",,,BASIC,,Array,,,
22495,21600463,88,224956,"tavolo 200x100 h75 bianco vetro trasparente",POLVEND3,WORLD,"JULIA GRUP FURNITURE SOLUTIONS S.L.",JULI03,"JULIA GRUP FURNITURE SOLUTIONS S.L.",JULI03,369.25.00,212.42.00,369.25.00,369.25.00,22,,Riferimento,1,,0,0,0,0,0,0,0,,0,0,,3000-12-31T00:00:00,2023-04-20T09:28:16.913,1,SOGGIORNI,41,"Tavoli Fissi",,,BASIC,,Array,,,
22496,21695391,88,224963,"tavolo all.120(180)x80 bianco vetro bianco",POLVEND3,ALTEA,"JULIA GRUP FURNITURE SOLUTIONS S.L.",JULI03,"JULIA GRUP FURNITURE SOLUTIONS S.L.",JULI03,565.57.00,326.32.00,565.57.00,565.57.00,22,,Riferimento,1,,0,0,0,0,0,0,0,,0,0,,3000-12-31T00:00:00,2023-04-20T09:28:16.913,1,SOGGIORNI,46,"Tavoli Allungabili",,,BASIC,,Array,,,
22497,20650896,88,224970,"tavolo all.140(200)x90 antracite ceramico iron cort",POLVEND3,ALTEA,"JULIA GRUP FURNITURE SOLUTIONS S.L.",JULI03,"JULIA GRUP FURNITURE SOLUTIONS S.L.",JULI03,869.25.00,505.15.00,869.25.00,869.25.00,22,,Riferimento,1,,0,0,0,0,0,0,0,,0,0,,3000-12-31T00:00:00,2023-04-20T09:28:16.927,1,SOGGIORNI,46,"Tavoli Allungabili",,,BASIC,,Array,,,
22498,20651114,88,224987,"tavolo all.140(200)x90 antracite ceramico iron moss",POLVEND3,ALTEA,"JULIA GRUP FURNITURE SOLUTIONS S.L.",JULI03,"JULIA GRUP FURNITURE SOLUTIONS S.L.",JULI03,869.25.00,505.15.00,869.25.00,869.25.00,22,,Riferimento,1,,0,0,0,0,0,0,0,,0,0,,3000-12-31T00:00:00,2023-04-20T09:28:16.927,1,SOGGIORNI,46,"Tavoli Allungabili",,,BASIC,,Array,,,
22499,20651107,88,224994,"tavolo all.140(200)x90 antracite ceramico kalos bla",POLVEND3,ALTEA,"JULIA GRUP FURNITURE SOLUTIONS S.L.",JULI03,"JULIA GRUP FURNITURE SOLUTIONS S.L.",JULI03,934.43.00,543.13.00,934.43.00,934.43.00,22,,Riferimento,1,,0,0,0,0,0,0,0,,0,0,,3000-12-31T00:00:00,2023-04-20T09:28:16.943,1,SOGGIORNI,46,"Tavoli Allungabili",,,BASIC,,Array,,,
22500,20651138,88,225007,"tavolo all.140(200)x90 antracite ceramico vulc.r",POLVEND3,ALTEA,"JULIA GRUP FURNITURE SOLUTIONS S.L.",JULI03,"JULIA GRUP FURNITURE SOLUTIONS S.L.",JULI03,877.05.00,509.7,877.05.00,877.05.00,22,,Riferimento,1,,0,0,0,0,0,0,0,,0,0,,3000-12-31T00:00:00,2023-04-20T09:28:16.96,1,SOGGIORNI,46,"Tavoli Allungabili",,,BASIC,,Array,,,
22501,20651084,88,225014,"tavolo all.140(200)x90 antracite vetro grigio scur",POLVEND3,ALTEA,"JULIA GRUP FURNITURE SOLUTIONS S.L.",JULI03,"JULIA GRUP FURNITURE SOLUTIONS S.L.",JULI03,623.35.00,361.06.00,623.35.00,623.35.00,22,,Riferimento,1,,0,0,0,0,0,0,0,,0,0,,3000-12-31T00:00:00,2023-04-20T09:28:16.96,1,SOGGIORNI,46,"Tavoli Allungabili",,,BASIC,,Array,,,
22502,20650940,88,225021,"tavolo all.140(200)x90 bianco ceramico vulc.roca",POLVEND3,ALTEA,"JULIA GRUP FURNITURE SOLUTIONS S.L.",JULI03,"JULIA GRUP FURNITURE SOLUTIONS S.L.",JULI03,815.57.00,473.25.00,815.57.00,815.57.00,22,,Riferimento,1,,0,0,0,0,0,0,0,,0,0,,3000-12-31T00:00:00,2023-04-20T09:28:16.96,1,SOGGIORNI,46,"Tavoli Allungabili",,,BASIC,,Array,,,
22503,20650919,88,225038,"tavolo all.140(200)x90 bianco vetro bianco",POLVEND3,ALTEA,"JULIA GRUP FURNITURE SOLUTIONS S.L.",JULI03,"JULIA GRUP FURNITURE SOLUTIONS S.L.",JULI03,639.34.00,371.31.00,639.34.00,639.34.00,22,,Riferimento,1,,0,0,0,0,0,0,0,,0,0,,3000-12-31T00:00:00,2023-04-20T09:28:16.973,1,SOGGIORNI,46,"Tavoli Allungabili",,,BASIC,,Array,,,
22504,20651008,88,225045,"tavolo all.140(200)x90 grigio ceramico kalos blanc",POLVEND3,ALTEA,"JULIA GRUP FURNITURE SOLUTIONS S.L.",JULI03,"JULIA GRUP FURNITURE SOLUTIONS S.L.",JULI03,934.43.00,543.13.00,934.43.00,934.43.00,22,,Riferimento,1,,0,0,0,0,0,0,0,,0,0,,3000-12-31T00:00:00,2023-04-20T09:28:16.973,1,SOGGIORNI,46,"Tavoli Allungabili",,,BASIC,,Array,,,
22505,20651022,88,225052,"tavolo all.140(200)x90 grigio ceramico vulc.roca",POLVEND3,ALTEA,"JULIA GRUP FURNITURE SOLUTIONS S.L.",JULI03,"JULIA GRUP FURNITURE SOLUTIONS S.L.",JULI03,815.57.00,473.25.00,815.57.00,815.57.00,22,,Riferimento,1,,0,0,0,0,0,0,0,,0,0,,3000-12-31T00:00:00,2023-04-20T09:28:16.973,1,SOGGIORNI,46,"Tavoli Allungabili",,,BASIC,,Array,,,
22506,20650988,88,225069,"tavolo all.140(200)x90 grigio vetro grigio",POLVEND3,ALTEA,"JULIA GRUP FURNITURE SOLUTIONS S.L.",JULI03,"JULIA GRUP FURNITURE SOLUTIONS S.L.",JULI03,557.38.00,317.04.00,557.38.00,557.38.00,22,,Riferimento,1,,0,0,0,0,0,0,0,,0,0,,3000-12-31T00:00:00,2023-04-20T09:28:16.99,1,SOGGIORNI,46,"Tavoli Allungabili",,,BASIC,,Array,,,
22507,20650902,88,225076,"tavolo all.160(220)x90 antracite ceramico iron cort",POLVEND3,ALTEA,"JULIA GRUP FURNITURE SOLUTIONS S.L.",JULI03,"JULIA GRUP FURNITURE SOLUTIONS S.L.",JULI03,943.02.00,547.29.00,943.02.00,943.02.00,22,,Riferimento,1,,0,0,0,0,0,0,0,,0,0,,3000-12-31T00:00:00,2023-04-20T09:28:16.99,1,SOGGIORNI,46,"Tavoli Allungabili",,,BASIC,,Array,,,
22508,20651169,88,225083,"tavolo all.160(220)x90 antracite ceramico kalos bla",POLVEND3,ALTEA,"JULIA GRUP FURNITURE SOLUTIONS S.L.",JULI03,"JULIA GRUP FURNITURE SOLUTIONS S.L.",JULI03,1033.19.00,589.26.00,1033.19.00,1033.19.00,22,,Riferimento,1,,0,0,0,0,0,0,0,,0,0,,3000-12-31T00:00:00,2023-04-20T09:28:18.617,1,SOGGIORNI,46,"Tavoli Allungabili",,,BASIC,,Array,,,
22509,20651190,88,225090,"tavolo all.160(220)x90 antracite ceramico vulc.r",POLVEND3,ALTEA,"JULIA GRUP FURNITURE SOLUTIONS S.L.",JULI03,"JULIA GRUP FURNITURE SOLUTIONS S.L.",JULI03,943.02.00,544.44.00,943.02.00,943.02.00,22,,Riferimento,1,,0,0,0,0,0,0,0,,0,0,,3000-12-31T00:00:00,2023-04-20T09:28:18.677,1,SOGGIORNI,46,"Tavoli Allungabili",,,BASIC,,Array,,,
22510,20651145,88,225106,"tavolo all.160(220)x90 antracite vetro grigio scur",POLVEND3,ALTEA,"JULIA GRUP FURNITURE SOLUTIONS S.L.",JULI03,"JULIA GRUP FURNITURE SOLUTIONS S.L.",JULI03,672.13.00,386.12.00,672.13.00,672.13.00,22,,Riferimento,1,,0,0,0,0,0,0,0,,0,0,,3000-12-31T00:00:00,2023-04-20T09:28:18.693,1,SOGGIORNI,46,"Tavoli Allungabili",,,BASIC,,Array,,,
22511,20650957,88,225113,"tavolo all.160(220)x90 bianco vetro bianco",POLVEND3,ALTEA,"JULIA GRUP FURNITURE SOLUTIONS S.L.",JULI03,"JULIA GRUP FURNITURE SOLUTIONS S.L.",JULI03,688.52.00,395.8,688.52.00,688.52.00,22,,Riferimento,1,,0,0,0,0,0,0,0,,0,0,,3000-12-31T00:00:00,2023-04-20T09:28:18.71,1,SOGGIORNI,46,"Tavoli Allungabili",,,BASIC,,Array,,,
22512,20651053,88,225120,"tavolo all.160(220)x90 grigio ceramico kalos blanc",POLVEND3,ALTEA,"JULIA GRUP FURNITURE SOLUTIONS S.L.",JULI03,"JULIA GRUP FURNITURE SOLUTIONS S.L.",JULI03,1033.19.00,589.26.00,1033.19.00,1033.19.00,22,,Riferimento,1,,0,0,0,0,0,0,0,,0,0,,3000-12-31T00:00:00,2023-04-20T09:28:18.71,1,SOGGIORNI,46,"Tavoli Allungabili",,,BASIC,,Array,,,
22514,56878585,88,225144,"tavolo all.le l160x85(240 ) h75 inox vetro trasp.",POLVEND3,VIEW,"JULIA GRUP FURNITURE SOLUTIONS S.L.",JULI03,"JULIA GRUP FURNITURE SOLUTIONS S.L.",JULI03,647.54.00,371.14.00,647.54.00,647.54.00,22,,Riferimento,1,,0,0,0,0,0,0,0,,0,0,,3000-12-31T00:00:00,2023-04-20T09:28:18.723,1,SOGGIORNI,46,"Tavoli Allungabili",,,BASIC,,Array,,,
22516,21751332,88,225168,"tavolo allung.diam.120(160)x120 h76 nero opaco metallo/vetro",POLVEND3,TOWEL,"JULIA GRUP FURNITURE SOLUTIONS S.L.",JULI03,"JULIA GRUP FURNITURE SOLUTIONS S.L.",JULI03,811.48.00,471.38.00,811.48.00,811.48.00,22,,Riferimento,1,,0,0,0,0,0,0,0,,0,0,,3000-12-31T00:00:00,2023-04-20T09:28:18.74,1,SOGGIORNI,46,"Tavoli Allungabili",,,BASIC,,Array,,,
22517,21751349,88,225175,"tavolo allung.diam.120(160)x120 h76 nero opaco/porcellanato metallo/ceramica",POLVEND3,TOWEL,"JULIA GRUP FURNITURE SOLUTIONS S.L.",JULI03,"JULIA GRUP FURNITURE SOLUTIONS S.L.",JULI03,902.04.00,524.51.00,902.04.00,902.04.00,22,,Riferimento,1,,0,0,0,0,0,0,0,,0,0,,3000-12-31T00:00:00,2023-04-20T09:28:18.757,1,SOGGIORNI,46,"Tavoli Allungabili",,,BASIC,,Array,,,
22519,21961984,88,225199,"tavolo allungabile rovere colore inaturale 180(230)x90x77h",POLVEND3,CORK,"JULIA GRUP FURNITURE SOLUTIONS S.L.",JULI03,"JULIA GRUP FURNITURE SOLUTIONS S.L.",JULI03,1024.59.00,574.06.00,1024.59.00,1024.59.00,22,,Riferimento,1,,0,0,0,0,0,0,0,,0,0,,3000-12-31T00:00:00,2023-04-20T09:28:18.773,1,SOGGIORNI,46,"Tavoli Allungabili",,,BASIC,,Array,,,
22520,21950483,88,225205,"tavolo allungabile rovere colore invecchiato 180(230)x90x77h",POLVEND3,CORK,"JULIA GRUP FURNITURE SOLUTIONS S.L.",JULI03,"JULIA GRUP FURNITURE SOLUTIONS S.L.",JULI03,901.22.00,512.55.00,901.22.00,901.22.00,22,,Riferimento,1,,0,0,0,0,0,0,0,,0,0,,3000-12-31T00:00:00,2023-04-20T09:28:18.787,1,SOGGIORNI,46,"Tavoli Allungabili",,,BASIC,,Array,,,
22521,21950476,88,225212,"tavolo allungabile top laccato bianco gamba legno 120(200)x120x74h",POLVEND3,FLAIR,"JULIA GRUP FURNITURE SOLUTIONS S.L.",JULI03,"JULIA GRUP FURNITURE SOLUTIONS S.L.",JULI03,508.2,287.03.00,508.2,508.2,22,,Riferimento,1,,0,0,0,0,0,0,0,,0,0,,3000-12-31T00:00:00,2023-04-20T09:28:18.787,1,SOGGIORNI,46,"Tavoli Allungabili",,,BASIC,,Array,,,
22522,57938660,88,225229,"tavolo allungabile top laccato bianco gamba legno 120(200)x90x74h",POLVEND3,FLAIR,"JULIA GRUP FURNITURE SOLUTIONS S.L.",JULI03,"JULIA GRUP FURNITURE SOLUTIONS S.L.",JULI03,434.43.00,247.16.00,434.43.00,434.43.00,22,,Riferimento,1,,0,0,0,0,0,0,0,,0,0,,3000-12-31T00:00:00,2023-04-20T09:28:18.803,1,SOGGIORNI,46,"Tavoli Allungabili",,,BASIC,,Array,,,
22523,57938677,88,225236,"tavolo allungabile top laccato bianco gamba legno 140(220)x90x74h",POLVEND3,FLAIR,"JULIA GRUP FURNITURE SOLUTIONS S.L.",JULI03,"JULIA GRUP FURNITURE SOLUTIONS S.L.",JULI03,475.41.00,272.22.00,475.41.00,475.41.00,22,,Riferimento,1,,0,0,0,0,0,0,0,,0,0,,3000-12-31T00:00:00,2023-04-20T09:28:18.803,1,SOGGIORNI,46,"Tavoli Allungabili",,,BASIC,,Array,,,
22524,21975172,88,225243,"tavolo allungabile top laccato bianco gamba legno 160(260)x100x74h",POLVEND3,FLAIR,"JULIA GRUP FURNITURE SOLUTIONS S.L.",JULI03,"JULIA GRUP FURNITURE SOLUTIONS S.L.",JULI03,557.38.00,322.17.00,557.38.00,557.38.00,22,,Riferimento,1,,0,0,0,0,0,0,0,,0,0,,3000-12-31T00:00:00,2023-04-20T09:28:18.82,1,SOGGIORNI,46,"Tavoli Allungabili",,,BASIC,,Array,,,
22525,21950551,88,225250,"tavolo base metallo effetto legno top vetro trasparente 180x100x75h",POLVEND3,WORLD,"JULIA GRUP FURNITURE SOLUTIONS S.L.",JULI03,"JULIA GRUP FURNITURE SOLUTIONS S.L.",JULI03,430.33.00,247.16.00,430.33.00,430.33.00,22,,Riferimento,1,,0,0,0,0,0,0,0,,0,0,,3000-12-31T00:00:00,2023-04-20T09:28:18.833,1,SOGGIORNI,41,"Tavoli Fissi",,,BASIC,,Array,,,
22526,21950544,88,225267,"tavolo base metallo effetto legno top vetro trasparente 200x100x75h",POLVEND3,WORLD,"JULIA GRUP FURNITURE SOLUTIONS S.L.",JULI03,"JULIA GRUP FURNITURE SOLUTIONS S.L.",JULI03,443.02.00,255.14.00,443.02.00,443.02.00,22,,Riferimento,1,,0,0,0,0,0,0,0,,0,0,,3000-12-31T00:00:00,2023-04-20T09:28:18.833,1,SOGGIORNI,41,"Tavoli Fissi",,,BASIC,,Array,,,
22527,21093579,88,225274,"tavolo cm.110x110h75 cromato vetro trasp.",POLVEND3,STAR,"JULIA GRUP FURNITURE SOLUTIONS S.L.",JULI03,"JULIA GRUP FURNITURE SOLUTIONS S.L.",JULI03,270.49.00,148.07.00,270.49.00,270.49.00,22,,Riferimento,1,,0,0,0,0,0,0,0,,0,0,,3000-12-31T00:00:00,2023-04-20T09:28:18.85,1,SOGGIORNI,41,"Tavoli Fissi",,,BASIC,,Array,,,
22528,21093586,88,225281,"tavolo cm.130x130h75 bianco vetro trasp.",POLVEND3,STAR,"JULIA GRUP FURNITURE SOLUTIONS S.L.",JULI03,"JULIA GRUP FURNITURE SOLUTIONS S.L.",JULI03,270.49.00,148.07.00,270.49.00,270.49.00,22,,Riferimento,1,,0,0,0,0,0,0,0,,0,0,,3000-12-31T00:00:00,2023-04-20T09:28:18.85,1,SOGGIORNI,41,"Tavoli Fissi",,,BASIC,,Array,,,
22529,21142420,88,225298,"tavolo cm.160x90 nero vetro trasp.",POLVEND3,WORLD,"JULIA GRUP FURNITURE SOLUTIONS S.L.",JULI03,"JULIA GRUP FURNITURE SOLUTIONS S.L.",JULI03,344.26.00,192.49.00,344.26.00,344.26.00,22,,Riferimento,1,,0,0,0,0,0,0,0,,0,0,,3000-12-31T00:00:00,2023-04-20T09:28:18.867,1,SOGGIORNI,41,"Tavoli Fissi",,,BASIC,,Array,,,
22530,21092640,88,225304,"tavolo cm.160x90h75 cromato vetro trasp.",POLVEND3,JERRY,"JULIA GRUP FURNITURE SOLUTIONS S.L.",JULI03,"JULIA GRUP FURNITURE SOLUTIONS S.L.",JULI03,320.07.00,183.21.00,320.07.00,320.07.00,22,,Riferimento,1,,0,0,0,0,0,0,0,,0,0,,3000-12-31T00:00:00,2023-04-20T09:28:18.867,1,SOGGIORNI,41,"Tavoli Fissi",,,BASIC,,Array,,,
22531,21163098,88,225311,"tavolo cm.180x100 bianco mdf sonoma natur.",POLVEND3,WORLD,"JULIA GRUP FURNITURE SOLUTIONS S.L.",JULI03,"JULIA GRUP FURNITURE SOLUTIONS S.L.",JULI03,402.04.00,232.36.00,402.04.00,402.04.00,22,,Riferimento,1,,0,0,0,0,0,0,0,,0,0,,3000-12-31T00:00:00,2023-04-20T09:28:18.88,1,SOGGIORNI,41,"Tavoli Fissi",,,BASIC,,Array,,,
22532,20945206,88,225328,"tavolo cm.180x100 h75 bianco vtr trasp.",POLVEND3,WORLD,"JULIA GRUP FURNITURE SOLUTIONS S.L.",JULI03,"JULIA GRUP FURNITURE SOLUTIONS S.L.",JULI03,365.15.00,211.12.00,365.15.00,365.15.00,22,,Riferimento,1,,0,0,0,0,0,0,0,,0,0,,3000-12-31T00:00:00,2023-04-20T09:28:18.897,1,SOGGIORNI,41,"Tavoli Fissi",,,BASIC,,Array,,,
22533,21163111,88,225335,"tavolo cm.180x100 nero mdf sonoma natur.",POLVEND3,WORLD,"JULIA GRUP FURNITURE SOLUTIONS S.L.",JULI03,"JULIA GRUP FURNITURE SOLUTIONS S.L.",JULI03,402.04.00,232.36.00,402.04.00,402.04.00,22,,Riferimento,1,,0,0,0,0,0,0,0,,0,0,,3000-12-31T00:00:00,2023-04-20T09:28:18.897,1,SOGGIORNI,41,"Tavoli Fissi",,,BASIC,,Array,,,
22534,21142413,88,225342,"tavolo cm.180x100 nero vetro trasp.",POLVEND3,WORLD,"JULIA GRUP FURNITURE SOLUTIONS S.L.",JULI03,"JULIA GRUP FURNITURE SOLUTIONS S.L.",JULI03,365.15.00,211.12.00,365.15.00,365.15.00,22,,Riferimento,1,,0,0,0,0,0,0,0,,0,0,,3000-12-31T00:00:00,2023-04-20T09:28:18.913,1,SOGGIORNI,41,"Tavoli Fissi",,,BASIC,,Array,,,
22535,21163104,88,225359,"tavolo cm.200x100 bianco mdf sonoma natur.",POLVEND3,WORLD,"JULIA GRUP FURNITURE SOLUTIONS S.L.",JULI03,"JULIA GRUP FURNITURE SOLUTIONS S.L.",JULI03,418.03.00,242.04.00,418.03.00,418.03.00,22,,Riferimento,1,,0,0,0,0,0,0,0,,0,0,,3000-12-31T00:00:00,2023-04-20T09:28:18.913,1,SOGGIORNI,41,"Tavoli Fissi",,,BASIC,,Array,,,
22536,21268236,88,225366,"tavolo cm.200x100 h75 inox vtr trasp.",POLVEND3,WORLD,"JULIA GRUP FURNITURE SOLUTIONS S.L.",JULI03,"JULIA GRUP FURNITURE SOLUTIONS S.L.",JULI03,598.36.00,346.26.00,598.36.00,598.36.00,22,,Riferimento,1,,0,0,0,0,0,0,0,,0,0,,3000-12-31T00:00:00,2023-04-20T09:28:18.913,1,SOGGIORNI,41,"Tavoli Fissi",,,BASIC,,Array,,,
22537,21163128,88,225373,"tavolo cm.200x100 nero mdf sonoma natur.",POLVEND3,WORLD,"JULIA GRUP FURNITURE SOLUTIONS S.L.",JULI03,"JULIA GRUP FURNITURE SOLUTIONS S.L.",JULI03,418.03.00,242.04.00,418.03.00,418.03.00,22,,Riferimento,1,,0,0,0,0,0,0,0,,0,0,,3000-12-31T00:00:00,2023-04-20T09:28:18.927,1,SOGGIORNI,41,"Tavoli Fissi",,,BASIC,,Array,,,
22538,21142406,88,225380,"tavolo cm.200x100 nero vetro trasp.",POLVEND3,WORLD,"JULIA GRUP FURNITURE SOLUTIONS S.L.",JULI03,"JULIA GRUP FURNITURE SOLUTIONS S.L.",JULI03,369.25.00,212.42.00,369.25.00,369.25.00,22,,Riferimento,1,,0,0,0,0,0,0,0,,0,0,,3000-12-31T00:00:00,2023-04-20T09:28:18.927,1,SOGGIORNI,41,"Tavoli Fissi",,,BASIC,,Array,,,
22539,21092978,88,225397,"tavolo cm.200x95h76 c/piano legno mass.acacia natur.gambe nero",POLVEND3,SONO,"JULIA GRUP FURNITURE SOLUTIONS S.L.",JULI03,"JULIA GRUP FURNITURE SOLUTIONS S.L.",JULI03,697.12.00,376.27.00,697.12.00,697.12.00,22,,Riferimento,1,,0,0,0,0,0,0,0,,0,0,,3000-12-31T00:00:00,2023-04-20T09:28:18.927,1,SOGGIORNI,41,"Tavoli Fissi",,,BASIC,,Array,,,
22540,21831324,88,225403,"tavolo diam.120 h75 rovere natur.lac.bianco op",POLVEND3,TORVI,"JULIA GRUP FURNITURE SOLUTIONS S.L.",JULI03,"JULIA GRUP FURNITURE SOLUTIONS S.L.",JULI03,430.33.00,247.16.00,430.33.00,430.33.00,22,,Riferimento,1,,0,0,0,0,0,0,0,,0,0,,3000-12-31T00:00:00,2023-04-20T09:28:18.943,1,SOGGIORNI,41,"Tavoli Fissi",,,BASIC,,Array,,,
22541,21749704,88,225410,"tavolo diam.120 h76 piano vetro grambe natur",POLVEND3,ARYA,"JULIA GRUP FURNITURE SOLUTIONS S.L.",JULI03,"JULIA GRUP FURNITURE SOLUTIONS S.L.",JULI03,324.17.00,178.08.00,324.17.00,324.17.00,22,,Riferimento,1,,0,0,0,0,0,0,0,,0,0,,3000-12-31T00:00:00,2023-04-20T09:28:18.943,1,SOGGIORNI,41,"Tavoli Fissi",,,BASIC,,Array,,,
22543,21831317,88,225434,"tavolo diam.135 h75 rovere natur.lac.bianco op",POLVEND3,TORVI,"JULIA GRUP FURNITURE SOLUTIONS S.L.",JULI03,"JULIA GRUP FURNITURE SOLUTIONS S.L.",JULI03,504.1,291.01.00,504.1,504.1,22,,Riferimento,1,,0,0,0,0,0,0,0,,0,0,,3000-12-31T00:00:00,2023-04-20T09:28:18.96,1,SOGGIORNI,41,"Tavoli Fissi",,,BASIC,,Array,,,
22544,21093562,88,225441,"tavolo epoxy cm.110x110h75 bianco assol.vetro trasp.",POLVEND3,STAR,"JULIA GRUP FURNITURE SOLUTIONS S.L.",JULI03,"JULIA GRUP FURNITURE SOLUTIONS S.L.",JULI03,213.11.00,121.3,213.11.00,213.11.00,22,,Riferimento,1,,0,0,0,0,0,0,0,,0,0,,3000-12-31T00:00:00,2023-04-20T09:28:18.96,1,SOGGIORNI,41,"Tavoli Fissi",,,BASIC,,Array,,,
22550,21751363,88,225502,"tavolo teak colore naturale 120x120x75h",POLVEND3,CHINON,"JULIA GRUP FURNITURE SOLUTIONS S.L.",JULI03,"JULIA GRUP FURNITURE SOLUTIONS S.L.",JULI03,647.54.00,376.27.00,647.54.00,647.54.00,22,,Riferimento,1,,0,0,0,0,0,0,0,,0,0,,3000-12-31T00:00:00,2023-04-20T09:28:19.007,1,SOGGIORNI,41,"Tavoli Fissi",,,BASIC,,Array,,,
22551,21950414,88,225519,"tavolo teak nero 120x120x75h",POLVEND3,CHINON,"JULIA GRUP FURNITURE SOLUTIONS S.L.",JULI03,"JULIA GRUP FURNITURE SOLUTIONS S.L.",JULI03,606.14.00,346.26.00,606.14.00,606.14.00,22,,Riferimento,1,,0,0,0,0,0,0,0,,0,0,,3000-12-31T00:00:00,2023-04-20T09:28:19.007,1,SOGGIORNI,41,"Tavoli Fissi",,,BASIC,,Array,,,
22552,21959714,88,225526,"tavolo tondo diam.90",POLVEND3,TRICK,"JULIA GRUP FURNITURE SOLUTIONS S.L.",JULI03,"JULIA GRUP FURNITURE SOLUTIONS S.L.",JULI03,245.9,138.39.00,245.9,245.9,22,,Riferimento,1,,0,0,0,0,0,0,0,,0,0,,3000-12-31T00:00:00,2023-04-20T09:28:19.007,1,SOGGIORNI,41,"Tavoli Fissi",,,BASIC,,Array,,,
22553,22484697,88,225533,"tavolo top legno mass.acacia nat.gambe nero 160x90h77",POLVEND3,SONO,"JULIA GRUP FURNITURE SOLUTIONS S.L.",JULI03,"JULIA GRUP FURNITURE SOLUTIONS S.L.",JULI03,574.17.00,302.23.00,574.17.00,574.17.00,22,,Riferimento,1,,0,0,0,0,0,0,0,,0,0,,3000-12-31T00:00:00,2023-04-20T09:28:19.023,1,SOGGIORNI,41,"Tavoli Fissi",,,RAW,,Array,,,
22554,22484703,88,225540,"tavolo top legno mass.acacia nat.gambe nero 180x90h77",POLVEND3,SONO,"JULIA GRUP FURNITURE SOLUTIONS S.L.",JULI03,"JULIA GRUP FURNITURE SOLUTIONS S.L.",JULI03,639.34.00,351.38.00,639.34.00,639.34.00,22,,Riferimento,1,,0,0,0,0,0,0,0,,0,0,,3000-12-31T00:00:00,2023-04-20T09:28:19.023,1,SOGGIORNI,41,"Tavoli Fissi",,,RAW,,Array,,,
22555,22484710,88,225557,"tavolo top legno mass.acacia nat.gambe nero 220x100h77",POLVEND3,SONO,"JULIA GRUP FURNITURE SOLUTIONS S.L.",JULI03,"JULIA GRUP FURNITURE SOLUTIONS S.L.",JULI03,779.09.00,411.01.00,779.09.00,779.09.00,22,,Riferimento,1,,0,0,0,0,0,0,0,,0,0,,3000-12-31T00:00:00,2023-04-20T09:28:19.037,1,SOGGIORNI,41,"Tavoli Fissi",,,RAW,,Array,,,
22556,21950339,88,225564,"vetrina acciaio e vetro nero 70x41x143h",POLVEND3,HILO,"JULIA GRUP FURNITURE SOLUTIONS S.L.",JULI03,"JULIA GRUP FURNITURE SOLUTIONS S.L.",JULI03,647.54.00,366.19.00,647.54.00,647.54.00,22,,Riferimento,1,,0,0,0,0,0,0,0,,0,0,,3000-12-31T00:00:00,2023-04-20T09:28:19.037,1,SOGGIORNI,25,Vetrine,,,RAW,,Array,,,
23522,22155238,88,235228,"consolle 100x45x75h basamento acciao verniciato top teak riciclato ",POLVEND3,CULT,"PILMA DISSENY S.A.U",PILM01,"PILMA DISSENY S.A.U",PILM01,533.19.00,258.34.00,533.19.00,533.19.00,22,,Riferimento,1,,0,0,0,0,0,0,0,,0,0,,3000-12-31T00:00:00,2023-04-20T10:37:19.213,1,SOGGIORNI,41,"Tavoli Fissi",,,BASIC,,Array,,,
23523,22155276,88,235235,"libreria struttura acciao verniciato top teak riciclato 80x40x167h",POLVEND3,CULT,"PILMA DISSENY S.A.U",PILM01,"PILMA DISSENY S.A.U",PILM01,1250,597.39.00,1250,1250,22,,Riferimento,1,,0,0,0,0,0,0,0,,0,0,,3000-12-31T00:00:00,2023-04-20T10:37:19.263,1,SOGGIORNI,22,"Librerie a composizione fissa",,,BASIC,,Array,,,
23524,22155283,88,235242,"tavolino basamento acciao verniciato top teak riciclato 120x40x40h",POLVEND3,CULT,"PILMA DISSENY S.A.U",PILM01,"PILMA DISSENY S.A.U",PILM01,451.22.00,216.38.00,451.22.00,451.22.00,22,,Riferimento,1,,0,0,0,0,0,0,0,,0,0,,3000-12-31T00:00:00,2023-04-20T10:37:19.293,1,SOGGIORNI,31,Tavolini,,,BASIC,,Array,,,
23525,22155252,88,235259,"tavolino basamento acciao verniciato top teak riciclato 120x80x35h",POLVEND3,CULT,"PILMA DISSENY S.A.U",PILM01,"PILMA DISSENY S.A.U",PILM01,556.56.00,273.56.00,556.56.00,556.56.00,22,,Riferimento,1,,0,0,0,0,0,0,0,,0,0,,3000-12-31T00:00:00,2023-04-20T10:37:19.293,1,SOGGIORNI,31,Tavolini,,,BASIC,,Array,,,
23526,22155245,88,235266,"tavolino basamento acciao verniciato top teak riciclato 50x50x45h",POLVEND3,CULT,"PILMA DISSENY S.A.U",PILM01,"PILMA DISSENY S.A.U",PILM01,237.7,114.23.00,237.7,237.7,22,,Riferimento,1,,0,0,0,0,0,0,0,,0,0,,3000-12-31T00:00:00,2023-04-20T10:37:19.323,1,SOGGIORNI,31,Tavolini,,,BASIC,,Array,,,
23527,22155290,88,235273,"tavolino basamento acciao verniciato top teak riciclato 80x40x40h",POLVEND3,CULT,"PILMA DISSENY S.A.U",PILM01,"PILMA DISSENY S.A.U",PILM01,356.56.00,170.02.00,356.56.00,356.56.00,22,,Riferimento,1,,0,0,0,0,0,0,0,,0,0,,3000-12-31T00:00:00,2023-04-20T10:37:19.34,1,SOGGIORNI,31,Tavolini,,,BASIC,,Array,,,
23528,22155269,88,235280,"tavolino basamento acciao verniciato top teak riciclato 80x80x35h",POLVEND3,CULT,"PILMA DISSENY S.A.U",PILM01,"PILMA DISSENY S.A.U",PILM01,430.33.00,211.14.00,430.33.00,430.33.00,22,,Riferimento,1,,0,0,0,0,0,0,0,,0,0,,3000-12-31T00:00:00,2023-04-20T10:37:19.357,1,SOGGIORNI,31,Tavolini,,,BASIC,,Array,,,
23529,22155306,88,235297,"tavolo teak riciclato 140x75h",POLVEND3,PULP,"PILMA DISSENY S.A.U",PILM01,"PILMA DISSENY S.A.U",PILM01,1139.34.00,594.02.00,1139.34.00,1139.34.00,22,,Riferimento,1,,0,0,0,0,0,0,0,,0,0,,3000-12-31T00:00:00,2023-04-20T10:37:19.37,1,SOGGIORNI,41,"Tavoli Fissi",,,BASIC,,Array,,,
23530,22155313,88,235303,"tavolo teak riciclato 200x100x75h",POLVEND3,PULP,"PILMA DISSENY S.A.U",PILM01,"PILMA DISSENY S.A.U",PILM01,1106.56.00,575.59.00,1106.56.00,1106.56.00,22,,Riferimento,1,,0,0,0,0,0,0,0,,0,0,,3000-12-31T00:00:00,2023-04-20T10:37:19.387,1,SOGGIORNI,41,"Tavoli Fissi",,,BASIC,,Array,,,
23531,22155320,88,235310,"tavolo teak riciclato 240x100x75h",POLVEND3,PULP,"PILMA DISSENY S.A.U",PILM01,"PILMA DISSENY S.A.U",PILM01,1221.31.00,626.37.00,1221.31.00,1221.31.00,22,,Riferimento,1,,0,0,0,0,0,0,0,,0,0,,3000-12-31T00:00:00,2023-04-20T10:37:19.403,1,SOGGIORNI,41,"Tavoli Fissi",,,BASIC,,Array,,,
23532,22155184,88,235327,"base struttura teak riciclato 2 ante acciao e 1 teack 166x45x92h",POLVEND3,RIDEL,"PILMA DISSENY S.A.U",PILM01,"PILMA DISSENY S.A.U",PILM01,1631.15.00,794.33.00,1631.15.00,1631.15.00,22,,Riferimento,1,,0,0,0,0,0,0,0,,0,0,,3000-12-31T00:00:00,2023-04-20T10:37:19.417,1,SOGGIORNI,43,"Credenze - Buffet - Madie",,,BASIC,,Array,,,
23533,22155191,88,235334,"base struttura teak riciclato 3 ante teack 166x45x92h",POLVEND3,RIDEL,"PILMA DISSENY S.A.U",PILM01,"PILMA DISSENY S.A.U",PILM01,1631.15.00,794.33.00,1631.15.00,1631.15.00,22,,Riferimento,1,,0,0,0,0,0,0,0,,0,0,,3000-12-31T00:00:00,2023-04-20T10:37:19.417,1,SOGGIORNI,43,"Credenze - Buffet - Madie",,,BASIC,,Array,,,
23534,22155160,88,235341,"base struttura teak riciclato ante acciao e teack 111x45x92h",POLVEND3,RIDEL,"PILMA DISSENY S.A.U",PILM01,"PILMA DISSENY S.A.U",PILM01,1221.31.00,583.7,1221.31.00,1221.31.00,22,,Riferimento,1,,0,0,0,0,0,0,0,,0,0,,3000-12-31T00:00:00,2023-04-20T10:37:19.433,1,SOGGIORNI,43,"Credenze - Buffet - Madie",,,BASIC,,Array,,,
23535,22155177,88,235358,"base struttura teak riciclato ante teack 111x45x92h",POLVEND3,RIDEL,"PILMA DISSENY S.A.U",PILM01,"PILMA DISSENY S.A.U",PILM01,1221.31.00,583.7,1221.31.00,1221.31.00,22,,Riferimento,1,,0,0,0,0,0,0,0,,0,0,,3000-12-31T00:00:00,2023-04-20T10:37:19.45,1,SOGGIORNI,43,"Credenze - Buffet - Madie",,,BASIC,,Array,,,
23536,22490179,88,235365,"cassetiera 4cassetti teak riciclato ante teak 56x45x92h",POLVEND3,RIDEL,"PILMA DISSENY S.A.U",PILM01,"PILMA DISSENY S.A.U",PILM01,1188.52.00,549.09.00,1188.52.00,1188.52.00,22,,Riferimento,1,,0,0,0,0,0,0,0,,0,0,,3000-12-31T00:00:00,2023-04-20T10:37:19.463,3,CAMERE,14,Cassettiere,,,RAW,,Array,,,
23537,22490186,88,235372,"como cassetti+anta teak riciclato ante teak 111x45x92h",POLVEND3,RIDEL,"PILMA DISSENY S.A.U",PILM01,"PILMA DISSENY S.A.U",PILM01,1270.49.00,583.7,1270.49.00,1270.49.00,22,,Riferimento,1,,0,0,0,0,0,0,0,,0,0,,3000-12-31T00:00:00,2023-04-20T10:37:19.463,3,CAMERE,14,Cassettiere,,,RAW,,Array,,,
23538,22490162,88,235389,"comodino 2cassetti teak riciclato ante teak 56x45x55h",POLVEND3,RIDEL,"PILMA DISSENY S.A.U",PILM01,"PILMA DISSENY S.A.U",PILM01,647.54.00,310.59.00,647.54.00,647.54.00,22,,Riferimento,1,,0,0,0,0,0,0,0,,0,0,,3000-12-31T00:00:00,2023-04-20T10:37:19.48,3,CAMERE,13,Comodini,,,RAW,,Array,,,
23539,22155153,88,235396,"madia struttura teak riciclato ante acciao e teack 111x45x184h",POLVEND3,RIDEL,"PILMA DISSENY S.A.U",PILM01,"PILMA DISSENY S.A.U",PILM01,2369.25.00,1130.22.00,2369.25.00,2369.25.00,22,,Riferimento,1,,0,0,0,0,0,0,0,,0,0,,3000-12-31T00:00:00,2023-04-20T10:37:19.527,1,SOGGIORNI,43,"Credenze - Buffet - Madie",,,BASIC,,Array,,,
23540,22155214,88,235402,"porta tv struttura teak riciclato 2 ante acciao e 1 teack 166x45x55h",POLVEND3,RIDEL,"PILMA DISSENY S.A.U",PILM01,"PILMA DISSENY S.A.U",PILM01,1139.34.00,559.11.00,1139.34.00,1139.34.00,22,,Riferimento,1,,0,0,0,0,0,0,0,,0,0,,3000-12-31T00:00:00,2023-04-20T10:37:19.573,1,SOGGIORNI,34,"Mobiletti HI-FI",,,BASIC,,Array,,,
23541,22155207,88,235419,"porta tv struttura teak riciclato ante acciao e teack 111x45x55h",POLVEND3,RIDEL,"PILMA DISSENY S.A.U",PILM01,"PILMA DISSENY S.A.U",PILM01,861.06.00,409.17.00,861.06.00,861.06.00,22,,Riferimento,1,,0,0,0,0,0,0,0,,0,0,,3000-12-31T00:00:00,2023-04-20T10:37:19.59,1,SOGGIORNI,34,"Mobiletti HI-FI",,,BASIC,,Array,,,
23543,22155221,88,235433,"porta tv struttura teak riciclato ante teack 166x45x55h",POLVEND3,RIDEL,"PILMA DISSENY S.A.U",PILM01,"PILMA DISSENY S.A.U",PILM01,1139.34.00,559.11.00,1139.34.00,1139.34.00,22,,Riferimento,1,,0,0,0,0,0,0,0,,0,0,,3000-12-31T00:00:00,2023-04-20T10:37:19.607,1,SOGGIORNI,34,"Mobiletti HI-FI",,,BASIC,,Array,,,
23544,22155139,88,235440,"tavolo basamento acciao verniciato top teak riciclato 160x90x76h",POLVEND3,RIDEL,"PILMA DISSENY S.A.U",PILM01,"PILMA DISSENY S.A.U",PILM01,1187.7,582.01.00,1187.7,1187.7,22,,Riferimento,1,,0,0,0,0,0,0,0,,0,0,,3000-12-31T00:00:00,2023-04-20T10:37:19.607,1,SOGGIORNI,41,"Tavoli Fissi",,,BASIC,,Array,,,
23545,22053022,88,235457,"tavolo basamento acciao verniciato top teak riciclato 200x100x76h",POLVEND3,RIDEL,"PILMA DISSENY S.A.U",PILM01,"PILMA DISSENY S.A.U",PILM01,1303.28.00,685.23.00,1303.28.00,1303.28.00,22,,Riferimento,1,,0,0,0,0,0,0,0,,0,0,,3000-12-31T00:00:00,2023-04-20T10:37:19.62,1,SOGGIORNI,41,"Tavoli Fissi",,,BASIC,,Array,,,
23546,22155146,88,235464,"tavolo basamento acciao verniciato top teak riciclato 230x100x76h",POLVEND3,RIDEL,"PILMA DISSENY S.A.U",PILM01,"PILMA DISSENY S.A.U",PILM01,1597.54.00,784.37.00,1597.54.00,1597.54.00,22,,Riferimento,1,,0,0,0,0,0,0,0,,0,0,,3000-12-31T00:00:00,2023-04-20T10:37:19.62,1,SOGGIORNI,41,"Tavoli Fissi",,,BASIC,,Array,,,
23747,22489937,88,237475,"consolle lac. 90x42,5/302,5x76h 5 all. da 52cm bco",POLVEND3,ZIMMER,"STONES SRL",STON01,"STONES SRL",STON01,975.41.00,436.05.00,975.41.00,975.41.00,22,,Riferimento,1,,0,0,0,0,0,0,0,,0,0,,3000-12-31T00:00:00,2023-04-20T13:08:26.28,1,SOGGIORNI,46,"Tavoli Allungabili",,,BASIC,,Array,,,
23748,22489920,88,237482,"consolle lac. 90x42,5/302,5x76h 5 all. da 52cm gri",POLVEND3,ZIMMER,"STONES SRL",STON01,"STONES SRL",STON01,975.41.00,436.05.00,975.41.00,975.41.00,22,,Riferimento,1,,0,0,0,0,0,0,0,,0,0,,3000-12-31T00:00:00,2023-04-20T13:08:26.297,1,SOGGIORNI,46,"Tavoli Allungabili",,,BASIC,,Array,,,
23749,22489913,88,237499,"consolle lac. 90x42,5/302,5x76h 5 all. da 52cm tort",POLVEND3,ZIMMER,"STONES SRL",STON01,"STONES SRL",STON01,975.41.00,436.05.00,975.41.00,975.41.00,22,,Riferimento,1,,0,0,0,0,0,0,0,,0,0,,3000-12-31T00:00:00,2023-04-20T13:08:26.297,1,SOGGIORNI,46,"Tavoli Allungabili",,,BASIC,,Array,,,
23754,21521010,88,237543,"madia 4a.cm.201x47 h62 grigio scruro mdf/melam.",POLVEND3,BARRY,"STONES SRL",STON01,"STONES SRL",STON01,1129.09.00,500.37.00,1129.09.00,1129.09.00,22,,Riferimento,1,,0,0,0,0,0,0,0,,0,0,,3000-12-31T00:00:00,2023-04-20T13:08:26.36,1,SOGGIORNI,43,"Credenze - Buffet - Madie",,,BASIC,,Array,,,
23757,21822964,88,237574,"poltrona  cm.66x64 h87 grigio pelliccia sintetica",POLVEND3,ORBIS,"STONES SRL",STON01,"STONES SRL",STON01,416.39.00,194.31.00,416.39.00,416.39.00,22,,Riferimento,1,,0,0,0,0,0,0,0,,0,0,,3000-12-31T00:00:00,2023-04-20T13:08:26.39,2,"DIVANI E POLTRONE",11,Poltrone,,,BASIC,,Array,,,
23758,21520990,88,237581,"poltrona girevole ecop.beige/cromo cm.68x72 h85",POLVEND3,STAY,"STONES SRL",STON01,"STONES SRL",STON01,402.04.00,187.42.00,402.04.00,402.04.00,22,,Riferimento,1,,0,0,0,0,0,0,0,,0,0,,3000-12-31T00:00:00,2023-04-20T13:08:26.407,2,"DIVANI E POLTRONE",11,Poltrone,,,BASIC,,Array,,,
23759,21520983,88,237598,"poltrona girevole ecop.bianco/cromo cm.68x72 h85",POLVEND3,STAY,"STONES SRL",STON01,"STONES SRL",STON01,402.04.00,187.42.00,402.04.00,402.04.00,22,,Riferimento,1,,0,0,0,0,0,0,0,,0,0,,3000-12-31T00:00:00,2023-04-20T13:08:26.42,2,"DIVANI E POLTRONE",11,Poltrone,,,BASIC,,Array,,,
23760,21521003,88,237604,"poltrona girevole ecop.tortora/cromo cm.68x72 h85",POLVEND3,STAY,"STONES SRL",STON01,"STONES SRL",STON01,402.04.00,187.42.00,402.04.00,402.04.00,22,,Riferimento,1,,0,0,0,0,0,0,0,,0,0,,3000-12-31T00:00:00,2023-04-20T13:08:26.42,2,"DIVANI E POLTRONE",11,Poltrone,,,BASIC,,Array,,,
23761,21520969,88,237611,"poltrona relax recl.tess.beige/cromo cm.70,5x75 h104",POLVEND3,ODEON,"STONES SRL",STON01,"STONES SRL",STON01,437.7,204.26.00,437.7,437.7,22,,Riferimento,1,,0,0,0,0,0,0,0,,0,0,,3000-12-31T00:00:00,2023-04-20T13:08:26.437,2,"DIVANI E POLTRONE",11,Poltrone,,,BASIC,,Array,,,
23762,21520976,88,237628,"poltrona relax recl.tess.grigio scuro/cromo cm.70,5x75 h104",POLVEND3,ODEON,"STONES SRL",STON01,"STONES SRL",STON01,437.7,204.26.00,437.7,437.7,22,,Riferimento,1,,0,0,0,0,0,0,0,,0,0,,3000-12-31T00:00:00,2023-04-20T13:08:26.453,2,"DIVANI E POLTRONE",11,Poltrone,,,BASIC,,Array,,,
23763,21520945,88,237635,"poltrona rivestimento rosa antico/cromo cm.68x72 h85",POLVEND3,STAY,"STONES SRL",STON01,"STONES SRL",STON01,414.33.00,193.16.00,414.33.00,414.33.00,22,,Riferimento,1,,0,0,0,0,0,0,0,,0,0,,3000-12-31T00:00:00,2023-04-20T13:08:26.453,2,"DIVANI E POLTRONE",11,Poltrone,,,BASIC,,Array,,,
23764,21520952,88,237642,"poltrona rivestimento verde petr./cromo cm.68x72 h85",POLVEND3,STAY,"STONES SRL",STON01,"STONES SRL",STON01,414.33.00,193.16.00,414.33.00,414.33.00,22,,Riferimento,1,,0,0,0,0,0,0,0,,0,0,,3000-12-31T00:00:00,2023-04-20T13:08:26.467,2,"DIVANI E POLTRONE",11,Poltrone,,,BASIC,,Array,,,
23765,21679292,88,237659,"sedia 41x42 h95 similcuoio beige",POLVEND3,LOLL,"STONES SRL",STON01,"STONES SRL",STON01,133.19.00,59.27.00,133.19.00,133.19.00,22,,Riferimento,1,,0,0,0,0,0,0,0,,0,0,,3000-12-31T00:00:00,2023-04-20T13:08:26.483,1,SOGGIORNI,42,Sedie,,,BASIC,,Array,,,
23766,21679308,88,237666,"sedia 41x42 h95 similcuoio bianco",POLVEND3,LOLL,"STONES SRL",STON01,"STONES SRL",STON01,133.19.00,59.27.00,133.19.00,133.19.00,22,,Riferimento,1,,0,0,0,0,0,0,0,,0,0,,3000-12-31T00:00:00,2023-04-20T13:08:26.483,1,SOGGIORNI,42,Sedie,,,BASIC,,Array,,,
23767,21679254,88,237673,"sedia 41x42 h95 similcuoio grigio",POLVEND3,LOLL,"STONES SRL",STON01,"STONES SRL",STON01,133.19.00,59.27.00,133.19.00,133.19.00,22,,Riferimento,1,,0,0,0,0,0,0,0,,0,0,,3000-12-31T00:00:00,2023-04-20T13:08:26.5,1,SOGGIORNI,42,Sedie,,,BASIC,,Array,,,
23768,21679261,88,237680,"sedia 41x42 h95 similcuoio marrone",POLVEND3,LOLL,"STONES SRL",STON01,"STONES SRL",STON01,133.19.00,59.27.00,133.19.00,133.19.00,22,,Riferimento,1,,0,0,0,0,0,0,0,,0,0,,3000-12-31T00:00:00,2023-04-20T13:08:26.513,1,SOGGIORNI,42,Sedie,,,BASIC,,Array,,,
23769,21679247,88,237697,"sedia 41x42 h95 similcuoio nero",POLVEND3,LOLL,"STONES SRL",STON01,"STONES SRL",STON01,133.19.00,59.27.00,133.19.00,133.19.00,22,,Riferimento,1,,0,0,0,0,0,0,0,,0,0,,3000-12-31T00:00:00,2023-04-20T13:08:26.513,1,SOGGIORNI,42,Sedie,,,BASIC,,Array,,,
23770,21679278,88,237703,"sedia 41x42 h95 similcuoio rosso",POLVEND3,LOLL,"STONES SRL",STON01,"STONES SRL",STON01,133.19.00,59.27.00,133.19.00,133.19.00,22,,Riferimento,1,,0,0,0,0,0,0,0,,0,0,,3000-12-31T00:00:00,2023-04-20T13:08:26.53,1,SOGGIORNI,42,Sedie,,,BASIC,,Array,,,
23771,21679230,88,237710,"sedia 42x40 h96 ecopel.bianco",POLVEND3,CLO,"STONES SRL",STON01,"STONES SRL",STON01,102.46.00,45.42.00,102.46.00,102.46.00,22,,Riferimento,1,,0,0,0,0,0,0,0,,0,0,,3000-12-31T00:00:00,2023-04-20T13:08:26.547,1,SOGGIORNI,42,Sedie,,,BASIC,,Array,,,
23772,21679216,88,237727,"sedia 42x40 h96 ecopel.grigio",POLVEND3,CLO,"STONES SRL",STON01,"STONES SRL",STON01,102.46.00,45.42.00,102.46.00,102.46.00,22,,Riferimento,1,,0,0,0,0,0,0,0,,0,0,,3000-12-31T00:00:00,2023-04-20T13:08:26.547,1,SOGGIORNI,42,Sedie,,,BASIC,,Array,,,
23773,21679209,88,237734,"sedia 42x40 h96 ecopel.grigio chiaro",POLVEND3,CLO,"STONES SRL",STON01,"STONES SRL",STON01,102.46.00,45.42.00,102.46.00,102.46.00,22,,Riferimento,1,,0,0,0,0,0,0,0,,0,0,,3000-12-31T00:00:00,2023-04-20T13:08:26.563,1,SOGGIORNI,42,Sedie,,,BASIC,,Array,,,
23774,21679223,88,237741,"sedia 42x40 h96 ecopel.tortora",POLVEND3,CLO,"STONES SRL",STON01,"STONES SRL",STON01,102.46.00,45.42.00,102.46.00,102.46.00,22,,Riferimento,1,,0,0,0,0,0,0,0,,0,0,,3000-12-31T00:00:00,2023-04-20T13:08:26.563,1,SOGGIORNI,42,Sedie,,,BASIC,,Array,,,
23775,21679193,88,237758,"sedia 57x64 h85 imbot.stoffa giallo gambe vern.antracite",POLVEND3,PINE,"STONES SRL",STON01,"STONES SRL",STON01,130.33.00,70.17.00,130.33.00,130.33.00,22,,Riferimento,1,,0,0,0,0,0,0,0,,0,0,,3000-12-31T00:00:00,2023-04-20T13:08:26.577,1,SOGGIORNI,42,Sedie,,,BASIC,,Array,,,
23776,21679186,88,237765,"sedia 57x64 h85 imbot.stoffa grigio gambe vern.antracite",POLVEND3,PINE,"STONES SRL",STON01,"STONES SRL",STON01,130.33.00,70.17.00,130.33.00,130.33.00,22,,Riferimento,1,,0,0,0,0,0,0,0,,0,0,,3000-12-31T00:00:00,2023-04-20T13:08:26.593,1,SOGGIORNI,42,Sedie,,,BASIC,,Array,,,
23777,22489838,88,237772,"sedia 57x64h85 imbot.stoffa arancione gambe v.antracite",POLVEND3,PINE,"STONES SRL",STON01,"STONES SRL",STON01,130.33.00,70.17.00,130.33.00,130.33.00,22,,Riferimento,1,,0,0,0,0,0,0,0,,0,0,,3000-12-31T00:00:00,2023-04-20T13:08:26.593,1,SOGGIORNI,42,Sedie,,,BASIC,,Array,,,
23778,21521249,88,237789,"sedia cm.38x43 h86,5 beige similcuoio/str.metallo vern",POLVEND3,SIDDE,"STONES SRL",STON01,"STONES SRL",STON01,81.15.00,45.06.00,81.15.00,81.15.00,22,,Riferimento,1,,0,0,0,0,0,0,0,,0,0,,3000-12-31T00:00:00,2023-04-20T13:08:26.61,1,SOGGIORNI,42,Sedie,,,BASIC,,Array,,,
23779,21521317,88,237796,"sedia cm.38x43 h86,5 grigio scuro tessuto/str.metallo vern",POLVEND3,WAL,"STONES SRL",STON01,"STONES SRL",STON01,155.32.00,69.08.00,155.32.00,155.32.00,22,,Riferimento,1,,0,0,0,0,0,0,0,,0,0,,3000-12-31T00:00:00,2023-04-20T13:08:26.623,1,SOGGIORNI,42,Sedie,,,BASIC,,Array,,,
23780,21521232,88,237802,"sedia cm.38x43 h86,5 marrone similcuoio/str.metallo vern",POLVEND3,SIDDE,"STONES SRL",STON01,"STONES SRL",STON01,81.15.00,45.06.00,81.15.00,81.15.00,22,,Riferimento,1,,0,0,0,0,0,0,0,,0,0,,3000-12-31T00:00:00,2023-04-20T13:08:26.623,1,SOGGIORNI,42,Sedie,,,BASIC,,Array,,,
23781,21521324,88,237819,"sedia cm.38x43 h86,5 marrone tessuto/str.metallo vern",POLVEND3,WAL,"STONES SRL",STON01,"STONES SRL",STON01,155.32.00,69.08.00,155.32.00,155.32.00,22,,Riferimento,1,,0,0,0,0,0,0,0,,0,0,,3000-12-31T00:00:00,2023-04-20T13:08:26.64,1,SOGGIORNI,42,Sedie,,,BASIC,,Array,,,
23782,21521331,88,237826,"sedia cm.38x43 h86,5 rosa antico tessuto/str.metallo vern",POLVEND3,WAL,"STONES SRL",STON01,"STONES SRL",STON01,155.32.00,69.08.00,155.32.00,155.32.00,22,,Riferimento,1,,0,0,0,0,0,0,0,,0,0,,3000-12-31T00:00:00,2023-04-20T13:08:26.657,1,SOGGIORNI,42,Sedie,,,BASIC,,Array,,,
23783,21521348,88,237833,"sedia cm.38x43 h86,5 verde petr.tessuto/str.metallo vern",POLVEND3,WAL,"STONES SRL",STON01,"STONES SRL",STON01,155.32.00,69.08.00,155.32.00,155.32.00,22,,Riferimento,1,,0,0,0,0,0,0,0,,0,0,,3000-12-31T00:00:00,2023-04-20T13:08:26.67,1,SOGGIORNI,42,Sedie,,,BASIC,,Array,,,
23784,21521041,88,237840,"sedia cm.39x48 h80 bianco mdf/str.faggio",POLVEND3,GRACEFULL,"STONES SRL",STON01,"STONES SRL",STON01,130.33.00,58.18.00,130.33.00,130.33.00,22,,Riferimento,1,,0,0,0,0,0,0,0,,0,0,,3000-12-31T00:00:00,2023-04-20T13:08:26.67,1,SOGGIORNI,42,Sedie,,,BASIC,,Array,,,
23785,21521058,88,237857,"sedia cm.39x48 h80 grigio chiaro mdf/str.faggio",POLVEND3,GRACEFULL,"STONES SRL",STON01,"STONES SRL",STON01,130.33.00,58.18.00,130.33.00,130.33.00,22,,Riferimento,1,,0,0,0,0,0,0,0,,0,0,,3000-12-31T00:00:00,2023-04-20T13:08:26.687,1,SOGGIORNI,42,Sedie,,,BASIC,,Array,,,
23786,21521065,88,237864,"sedia cm.39x48 h80 pesca mdf/str.faggio",POLVEND3,GRACEFULL,"STONES SRL",STON01,"STONES SRL",STON01,130.33.00,58.18.00,130.33.00,130.33.00,22,,Riferimento,1,,0,0,0,0,0,0,0,,0,0,,3000-12-31T00:00:00,2023-04-20T13:08:26.703,1,SOGGIORNI,42,Sedie,,,BASIC,,Array,,,
23787,21521072,88,237871,"sedia cm.39x48 h80 tortora mdf/str.faggio",POLVEND3,GRACEFULL,"STONES SRL",STON01,"STONES SRL",STON01,130.33.00,58.18.00,130.33.00,130.33.00,22,,Riferimento,1,,0,0,0,0,0,0,0,,0,0,,3000-12-31T00:00:00,2023-04-20T13:08:26.703,1,SOGGIORNI,42,Sedie,,,BASIC,,Array,,,
23788,21521089,88,237888,"sedia cm.39x48 h80 turchese mdf/str.faggio",POLVEND3,GRACEFULL,"STONES SRL",STON01,"STONES SRL",STON01,130.33.00,58.18.00,130.33.00,130.33.00,22,,Riferimento,1,,0,0,0,0,0,0,0,,0,0,,3000-12-31T00:00:00,2023-04-20T13:08:28.28,1,SOGGIORNI,42,Sedie,,,BASIC,,Array,,,
23789,21521096,88,237895,"sedia cm.39x48 h80 verde mdf/str.faggio",POLVEND3,GRACEFULL,"STONES SRL",STON01,"STONES SRL",STON01,130.33.00,58.18.00,130.33.00,130.33.00,22,,Riferimento,1,,0,0,0,0,0,0,0,,0,0,,3000-12-31T00:00:00,2023-04-20T13:08:28.297,1,SOGGIORNI,42,Sedie,,,BASIC,,Array,,,
23790,21922831,88,237901,"sedia cm.44x41 h84 poliprop.bianco",POLVEND3,AMELIE,"STONES SRL",STON01,"STONES SRL",STON01,98.36.00,43.6,98.36.00,98.36.00,22,,Riferimento,1,,0,0,0,0,0,0,0,,0,0,,3000-12-31T00:00:00,2023-04-20T13:08:28.313,1,SOGGIORNI,42,Sedie,,,BASIC,,Array,,,
23791,21683930,88,237918,"sedia cm.44x43 h92 grigio chiaro metallo/similpelle",POLVEND3,IVETTE,"STONES SRL",STON01,"STONES SRL",STON01,115.15.00,51.24.00,115.15.00,115.15.00,22,,Riferimento,1,,0,0,0,0,0,0,0,,0,0,,3000-12-31T00:00:00,2023-04-20T13:08:28.313,1,SOGGIORNI,42,Sedie,,,BASIC,,Array,,,
23792,22052575,88,237925,"sedia cm.44x43 h92 similpelle bianca",POLVEND3,IVETTE,"STONES SRL",STON01,"STONES SRL",STON01,115.15.00,51.24.00,115.15.00,115.15.00,22,,Riferimento,1,,0,0,0,0,0,0,0,,0,0,,3000-12-31T00:00:00,2023-04-20T13:08:28.327,1,SOGGIORNI,42,Sedie,,,BASIC,,Array,,,
23794,21521102,88,237949,"sedia cm.45x44 h82 bianco ecop/str.faggio",POLVEND3,DUBLIN,"STONES SRL",STON01,"STONES SRL",STON01,93.44.00,41.3,93.44.00,93.44.00,22,,Riferimento,1,,0,0,0,0,0,0,0,,0,0,,3000-12-31T00:00:00,2023-04-20T13:08:28.36,1,SOGGIORNI,42,Sedie,,,BASIC,,Array,,,
23795,21521119,88,237956,"sedia cm.45x44 h82 grigio chiaro ecop/str.faggio",POLVEND3,DUBLIN,"STONES SRL",STON01,"STONES SRL",STON01,93.44.00,41.3,93.44.00,93.44.00,22,,Riferimento,1,,0,0,0,0,0,0,0,,0,0,,3000-12-31T00:00:00,2023-04-20T13:08:28.36,1,SOGGIORNI,42,Sedie,,,BASIC,,Array,,,
23796,21521126,88,237963,"sedia cm.45x44 h82 grigio scuro ecop/str.faggio",POLVEND3,DUBLIN,"STONES SRL",STON01,"STONES SRL",STON01,93.44.00,41.3,93.44.00,93.44.00,22,,Riferimento,1,,0,0,0,0,0,0,0,,0,0,,3000-12-31T00:00:00,2023-04-20T13:08:28.373,1,SOGGIORNI,42,Sedie,,,BASIC,,Array,,,
23797,21521133,88,237970,"sedia cm.45x44 h82 tortora ecop/str.faggio",POLVEND3,DUBLIN,"STONES SRL",STON01,"STONES SRL",STON01,93.44.00,41.3,93.44.00,93.44.00,22,,Riferimento,1,,0,0,0,0,0,0,0,,0,0,,3000-12-31T00:00:00,2023-04-20T13:08:28.39,1,SOGGIORNI,42,Sedie,,,BASIC,,Array,,,
23798,21579158,0,237987,"sedia cm.46x48x91 ecop.grigio viintage",POLVEND2,FACETT,"STONES SRL",STON01,"STONES SRL",STON01,65.15.00,32,65.15.00,65.15.00,22,,Stock,1,,0,0,0,0,0,0,0,,0,0,,3000-12-31T00:00:00,2023-04-20T13:08:28.39,1,SOGGIORNI,42,Sedie,,,BASIC,,Array,,,
23799,21579165,0,237994,"sedia cm.46x48x91 ecop.marrone vintage",POLVEND2,FACETT,"STONES SRL",STON01,"STONES SRL",STON01,65.15.00,32,65.15.00,65.15.00,22,,Stock,1,,0,0,0,0,0,0,0,,0,0,,3000-12-31T00:00:00,2023-04-20T13:08:28.407,1,SOGGIORNI,42,Sedie,,,BASIC,,Array,,,
23800,21521256,88,238007,"sedia cm.50x44 h84 marrone similcuoio/str.metallo vern",POLVEND3,CRIS,"STONES SRL",STON01,"STONES SRL",STON01,98.36.00,43.6,98.36.00,98.36.00,22,,Riferimento,1,,0,0,0,0,0,0,0,,0,0,,3000-12-31T00:00:00,2023-04-20T13:08:28.42,1,SOGGIORNI,42,Sedie,,,BASIC,,Array,,,
23801,21521263,88,238014,"sedia cm.50x44 h84 moka vintage similcuoio/str.metallo vern",POLVEND3,CRIS,"STONES SRL",STON01,"STONES SRL",STON01,98.36.00,43.6,98.36.00,98.36.00,22,,Riferimento,1,,0,0,0,0,0,0,0,,0,0,,3000-12-31T00:00:00,2023-04-20T13:08:28.42,1,SOGGIORNI,42,Sedie,,,BASIC,,Array,,,
23802,21521270,88,238021,"sedia cm.50x44 h84 tortora similcuoio/str.metallo vern",POLVEND3,CRIS,"STONES SRL",STON01,"STONES SRL",STON01,98.36.00,43.6,98.36.00,98.36.00,22,,Riferimento,1,,0,0,0,0,0,0,0,,0,0,,3000-12-31T00:00:00,2023-04-20T13:08:28.437,1,SOGGIORNI,42,Sedie,,,BASIC,,Array,,,
23804,21923197,88,238045,"sedia cm.52x52x79h strut.metallo seduta polipr.giallo",POLVEND3,BETTY,"STONES SRL",STON01,"STONES SRL",STON01,86.07.00,39.28.00,86.07.00,86.07.00,22,,Riferimento,1,,0,0,0,0,0,0,0,,0,0,,3000-12-31T00:00:00,2023-04-20T13:08:28.47,1,SOGGIORNI,42,Sedie,,,BASIC,,Array,,,
23805,21923203,88,238052,"sedia cm.52x52x79h strut.metallo seduta polipr.grigio scuro",POLVEND3,BETTY,"STONES SRL",STON01,"STONES SRL",STON01,86.07.00,39.28.00,86.07.00,86.07.00,22,,Riferimento,1,,0,0,0,0,0,0,0,,0,0,,3000-12-31T00:00:00,2023-04-20T13:08:28.47,1,SOGGIORNI,42,Sedie,,,BASIC,,Array,,,
23806,21923210,88,238069,"sedia cm.52x52x79h strut.metallo seduta polipr.nero",POLVEND3,BETTY,"STONES SRL",STON01,"STONES SRL",STON01,86.07.00,39.28.00,86.07.00,86.07.00,22,,Riferimento,1,,0,0,0,0,0,0,0,,0,0,,3000-12-31T00:00:00,2023-04-20T13:08:28.483,1,SOGGIORNI,42,Sedie,,,BASIC,,Array,,,
23807,21923227,88,238076,"sedia cm.52x52x79h strut.metallo seduta polipr.ruggine",POLVEND3,BETTY,"STONES SRL",STON01,"STONES SRL",STON01,86.07.00,39.28.00,86.07.00,86.07.00,22,,Riferimento,1,,0,0,0,0,0,0,0,,0,0,,3000-12-31T00:00:00,2023-04-20T13:08:28.5,1,SOGGIORNI,42,Sedie,,,BASIC,,Array,,,
23808,21822902,88,238083,"sedia cm.55x46 h80 grigio chiaro similcuoio/polipropilene",POLVEND3,MAG,"STONES SRL",STON01,"STONES SRL",STON01,56.56.00,38.19.00,56.56.00,56.56.00,22,,Riferimento,1,,0,0,0,0,0,0,0,,0,0,,3000-12-31T00:00:00,2023-04-20T13:08:28.517,1,SOGGIORNI,42,Sedie,,,BASIC,,Array,,,
23809,21822919,88,238090,"sedia cm.55x46 h80 grigio scuro similcuoio/polipropilene",POLVEND3,MAG,"STONES SRL",STON01,"STONES SRL",STON01,56.56.00,38.19.00,56.56.00,56.56.00,22,,Riferimento,1,,0,0,0,0,0,0,0,,0,0,,3000-12-31T00:00:00,2023-04-20T13:08:28.517,1,SOGGIORNI,42,Sedie,,,BASIC,,Array,,,
23810,21521171,88,238106,"sedia cm.56x48 h80 arancione poliprop.",POLVEND3,ROLLY,"STONES SRL",STON01,"STONES SRL",STON01,110.24.00,49.09.00,110.24.00,110.24.00,22,,Riferimento,1,,0,0,0,0,0,0,0,,0,0,,3000-12-31T00:00:00,2023-04-20T13:08:28.53,1,SOGGIORNI,42,Sedie,,,BASIC,,Array,,,
23811,21521188,88,238113,"sedia cm.56x48 h80 beige poliprop.",POLVEND3,ROLLY,"STONES SRL",STON01,"STONES SRL",STON01,110.24.00,49.09.00,110.24.00,110.24.00,22,,Riferimento,1,,0,0,0,0,0,0,0,,0,0,,3000-12-31T00:00:00,2023-04-20T13:08:28.547,1,SOGGIORNI,42,Sedie,,,BASIC,,Array,,,
23812,21521195,88,238120,"sedia cm.56x48 h80 bianco poliprop.",POLVEND3,ROLLY,"STONES SRL",STON01,"STONES SRL",STON01,110.24.00,49.09.00,110.24.00,110.24.00,22,,Riferimento,1,,0,0,0,0,0,0,0,,0,0,,3000-12-31T00:00:00,2023-04-20T13:08:28.547,1,SOGGIORNI,42,Sedie,,,BASIC,,Array,,,
23813,21521201,88,238137,"sedia cm.56x48 h80 blu poliprop.",POLVEND3,ROLLY,"STONES SRL",STON01,"STONES SRL",STON01,110.24.00,49.09.00,110.24.00,110.24.00,22,,Riferimento,1,,0,0,0,0,0,0,0,,0,0,,3000-12-31T00:00:00,2023-04-20T13:08:28.563,1,SOGGIORNI,42,Sedie,,,BASIC,,Array,,,
23814,21521218,88,238144,"sedia cm.56x48 h80 senape poliprop.",POLVEND3,ROLLY,"STONES SRL",STON01,"STONES SRL",STON01,110.24.00,49.09.00,110.24.00,110.24.00,22,,Riferimento,1,,0,0,0,0,0,0,0,,0,0,,3000-12-31T00:00:00,2023-04-20T13:08:28.577,1,SOGGIORNI,42,Sedie,,,BASIC,,Array,,,
23815,22489890,88,238151,"sgabel cm.42x52x93h moka similcuoio/str.metallo vern",POLVEND3,CRIS,"STONES SRL",STON01,"STONES SRL",STON01,106.14.00,48,106.14.00,106.14.00,22,,Riferimento,1,,0,0,0,0,0,0,0,,0,0,,3000-12-31T00:00:00,2023-04-20T13:08:28.577,1,SOGGIORNI,47,Sgabelli,,,RAW,,Array,,,
23816,22489883,88,238168,"sgabel cm.42x52x93h tortora similcuoio/str.metallo vern",POLVEND3,CRIS,"STONES SRL",STON01,"STONES SRL",STON01,106.14.00,48,106.14.00,106.14.00,22,,Riferimento,1,,0,0,0,0,0,0,0,,0,0,,3000-12-31T00:00:00,2023-04-20T13:08:28.593,1,SOGGIORNI,47,Sgabelli,,,RAW,,Array,,,
23817,22489876,88,238175,"sgabel. cm.42x52x93h grigio similcuoio/str.metallo vern",POLVEND3,CRIS,"STONES SRL",STON01,"STONES SRL",STON01,106.14.00,48,106.14.00,106.14.00,22,,Riferimento,1,,0,0,0,0,0,0,0,,0,0,,3000-12-31T00:00:00,2023-04-20T13:08:28.61,1,SOGGIORNI,47,Sgabelli,,,RAW,,Array,,,
23818,22489906,88,238182,"sgabellcm.42x52x93h marrone similcuoio/str.metallo vern",POLVEND3,CRIS,"STONES SRL",STON01,"STONES SRL",STON01,106.14.00,48,106.14.00,106.14.00,22,,Riferimento,1,,0,0,0,0,0,0,0,,0,0,,3000-12-31T00:00:00,2023-04-20T13:08:28.61,1,SOGGIORNI,47,Sgabelli,,,RAW,,Array,,,
23819,21695490,88,238199,"sgabello 36x36 h77,5 alazata gas.metal.vernic.nero op.seduta imb.beige",POLVEND3,SUM,"STONES SRL",STON01,"STONES SRL",STON01,148.36.00,66.17.00,148.36.00,148.36.00,22,,Riferimento,1,,0,0,0,0,0,0,0,,0,0,,3000-12-31T00:00:00,2023-04-20T13:08:28.623,1,SOGGIORNI,47,Sgabelli,,,BASIC,,Array,,,
23820,21695506,88,238205,"sgabello 36x36 h77,5 alazata gas.metal.vernic.nero op.seduta imb.grigio sc",POLVEND3,SUM,"STONES SRL",STON01,"STONES SRL",STON01,148.36.00,66.17.00,148.36.00,148.36.00,22,,Riferimento,1,,0,0,0,0,0,0,0,,0,0,,3000-12-31T00:00:00,2023-04-20T13:08:28.64,1,SOGGIORNI,47,Sgabelli,,,BASIC,,Array,,,
23825,22489852,88,238250,"sgabello 50x52 h89 imbot.stoffa giallo gambe v.antracite",POLVEND3,PINE,"STONES SRL",STON01,"STONES SRL",STON01,179.51.00,81,179.51.00,179.51.00,22,,Riferimento,1,,0,0,0,0,0,0,0,,0,0,,3000-12-31T00:00:00,2023-04-20T13:08:28.687,1,SOGGIORNI,47,Sgabelli,,,BASIC,,Array,,,
23826,22489869,88,238267,"sgabello 50x52 h89 imbot.stoffa grig. gambe v.antracite",POLVEND3,PINE,"STONES SRL",STON01,"STONES SRL",STON01,179.51.00,81,179.51.00,179.51.00,22,,Riferimento,1,,0,0,0,0,0,0,0,,0,0,,3000-12-31T00:00:00,2023-04-20T13:08:28.703,1,SOGGIORNI,47,Sgabelli,,,BASIC,,Array,,,
23827,22489845,88,238274,"sgabello 50x52h89 imbot.stoffa arancione gambe v.antracite",POLVEND3,PINE,"STONES SRL",STON01,"STONES SRL",STON01,179.51.00,81,179.51.00,179.51.00,22,,Riferimento,1,,0,0,0,0,0,0,0,,0,0,,3000-12-31T00:00:00,2023-04-20T13:08:28.703,1,SOGGIORNI,47,Sgabelli,,,BASIC,,Array,,,
23828,21601088,88,238281,"sgabello cm 36x38.5xh83/98 bianco alzata gas met.crom/seduta imbot ecopel.",POLVEND3,KURT,"STONES SRL",STON01,"STONES SRL",STON01,152.46.00,67.59.00,152.46.00,152.46.00,22,,Riferimento,1,,0,0,0,0,0,0,0,,0,0,,3000-12-31T00:00:00,2023-04-20T13:08:28.72,1,SOGGIORNI,47,Sgabelli,,,BASIC,,Array,,,
23829,22487223,88,238298,"sgabello cm 36x38.5xh83/98 grigio scuro alzata gas met.crom/seduta imbot ecopel.",POLVEND3,KURT,"STONES SRL",STON01,"STONES SRL",STON01,152.46.00,67.59.00,152.46.00,152.46.00,22,,Riferimento,1,,0,0,0,0,0,0,0,,0,0,,3000-12-31T00:00:00,2023-04-20T13:08:28.733,1,SOGGIORNI,47,Sgabelli,,,BASIC,,Array,,,
23830,21601095,88,238304,"sgabello cm 36x38.5xh83/98 tortora alzata gas met.crom/seduta imbot ecopel.",POLVEND3,KURT,"STONES SRL",STON01,"STONES SRL",STON01,152.46.00,67.59.00,152.46.00,152.46.00,22,,Riferimento,1,,0,0,0,0,0,0,0,,0,0,,3000-12-31T00:00:00,2023-04-20T13:08:28.733,1,SOGGIORNI,47,Sgabelli,,,BASIC,,Array,,,
23838,21916342,88,238380,"specchio  12x80",POLVEND3,ROWAN,"STONES SRL",STON01,"STONES SRL",STON01,215.15.00,100.22.00,215.15.00,215.15.00,22,,Riferimento,1,,0,0,0,0,0,0,0,,0,0,,3000-12-31T00:00:00,2023-04-20T13:08:30.36,11,DECORAZIONE,51,Specchi,,,BASIC,,Array,,,
23839,21922923,88,238397,"specchio cm.70x100 da parete",POLVEND3,WALL,"STONES SRL",STON01,"STONES SRL",STON01,111.48.00,52.02.00,111.48.00,111.48.00,22,,Riferimento,1,,0,0,0,0,0,0,0,,0,0,,3000-12-31T00:00:00,2023-04-20T13:08:30.373,11,DECORAZIONE,51,Specchi,,,BASIC,,Array,,,
23840,21921469,88,238403,"specchio cm.80 h120",POLVEND3,WINDY,"STONES SRL",STON01,"STONES SRL",STON01,184.43.00,86.06.00,184.43.00,184.43.00,22,,Riferimento,1,,0,0,0,0,0,0,0,,0,0,,3000-12-31T00:00:00,2023-04-20T13:08:30.39,11,DECORAZIONE,51,Specchi,,,BASIC,,Array,,,
23841,21916366,88,238410,"specchio con cornice 168x4x61 bronzo",POLVEND3,FOX,"STONES SRL",STON01,"STONES SRL",STON01,340.16.00,159.14.00,340.16.00,340.16.00,22,,Riferimento,1,,0,0,0,0,0,0,0,,0,0,,3000-12-31T00:00:00,2023-04-20T13:08:30.407,11,DECORAZIONE,51,Specchi,,,BASIC,,Array,,,
23842,21683886,88,238427,"specchio parete cm.75x75",POLVEND3,SWING,"STONES SRL",STON01,"STONES SRL",STON01,171.31.00,80.34.00,171.31.00,171.31.00,22,,Riferimento,1,,0,0,0,0,0,0,0,,0,0,,3000-12-31T00:00:00,2023-04-20T13:08:30.407,11,DECORAZIONE,51,Specchi,,,BASIC,,Array,,,
23843,21572586,88,238434,"tavolino cm.100x100 h42,5 pietra fossile gray",POLVEND3,GRAY,"STONES SRL",STON01,"STONES SRL",STON01,574.17.00,268.15.00,574.17.00,574.17.00,22,,Riferimento,1,,0,0,0,0,0,0,0,,0,0,,3000-12-31T00:00:00,2023-04-20T13:08:30.423,1,SOGGIORNI,31,Tavolini,,,BASIC,,Array,,,
23844,21521492,88,238441,"tavolino cm.60x60h50 grigio chiaro tasselli pietra fossile",POLVEND3,GEM,"STONES SRL",STON01,"STONES SRL",STON01,365.57.00,170.6,365.57.00,365.57.00,22,,Riferimento,1,,0,0,0,0,0,0,0,,0,0,,3000-12-31T00:00:00,2023-04-20T13:08:30.437,1,SOGGIORNI,31,Tavolini,,,BASIC,,Array,,,
23845,22489944,88,238458,"tavolino top vtr basamento metallo, d38x43h, nero",POLVEND3,BOTO,"STONES SRL",STON01,"STONES SRL",STON01,56.56.00,29.26.00,56.56.00,56.56.00,22,,Riferimento,1,,0,0,0,0,0,0,0,,0,0,,3000-12-31T00:00:00,2023-04-20T13:08:30.437,1,SOGGIORNI,31,Tavolini,,,BASIC,,Array,,,
23846,21665844,88,238465,"tavolo 160x90xh76 impial.rovere natur.gambe met.vernic.bianco",POLVEND3,VITA,"STONES SRL",STON01,"STONES SRL",STON01,1511.06.00,669.7,1511.06.00,1511.06.00,22,,Riferimento,1,,0,0,0,0,0,0,0,,0,0,,3000-12-31T00:00:00,2023-04-20T13:08:30.453,1,SOGGIORNI,41,"Tavoli Fissi",,,BASIC,,Array,,,
23847,21665882,88,238472,"tavolo 160x90xh76 impial.rovere natur.gambe met.vernic.nero",POLVEND3,VITA,"STONES SRL",STON01,"STONES SRL",STON01,1511.06.00,669.7,1511.06.00,1511.06.00,22,,Riferimento,1,,0,0,0,0,0,0,0,,0,0,,3000-12-31T00:00:00,2023-04-20T13:08:30.47,1,SOGGIORNI,41,"Tavoli Fissi",,,BASIC,,Array,,,
23848,21666001,88,238489,"tavolo 160x90xh76 impial.rovere naturale.gambe vetro temper.",POLVEND3,MIAMI,"STONES SRL",STON01,"STONES SRL",STON01,1152.46.00,511.31.00,1152.46.00,1152.46.00,22,,Riferimento,1,,0,0,0,0,0,0,0,,0,0,,3000-12-31T00:00:00,2023-04-20T13:08:30.483,1,SOGGIORNI,41,"Tavoli Fissi",,,BASIC,,Array,,,
23849,21665837,88,238496,"tavolo 200x100xh76 impial.rovere natur.gambe met.vernic.bianco",POLVEND3,VITA,"STONES SRL",STON01,"STONES SRL",STON01,1587.29.00,703.49.00,1587.29.00,1587.29.00,22,,Riferimento,1,,0,0,0,0,0,0,0,,0,0,,3000-12-31T00:00:00,2023-04-20T13:08:30.483,1,SOGGIORNI,41,"Tavoli Fissi",,,BASIC,,Array,,,
23850,21665875,88,238502,"tavolo 200x100xh76 impial.rovere natur.gambe met.vernic.nero",POLVEND3,VITA,"STONES SRL",STON01,"STONES SRL",STON01,1587.29.00,703.49.00,1587.29.00,1587.29.00,22,,Riferimento,1,,0,0,0,0,0,0,0,,0,0,,3000-12-31T00:00:00,2023-04-20T13:08:30.5,1,SOGGIORNI,41,"Tavoli Fissi",,,BASIC,,Array,,,
23851,21665998,88,238519,"tavolo 200x100xh76 impial.rovere naturale.gambe vetro temper.",POLVEND3,MIAMI,"STONES SRL",STON01,"STONES SRL",STON01,1228.27.00,544.34.00,1228.27.00,1228.27.00,22,,Riferimento,1,,0,0,0,0,0,0,0,,0,0,,3000-12-31T00:00:00,2023-04-20T13:08:30.517,1,SOGGIORNI,41,"Tavoli Fissi",,,BASIC,,Array,,,
23853,21665493,88,238533,"tavolo allungabile 136(236)x85 h76 bianco",POLVEND3,SKY,"STONES SRL",STON01,"STONES SRL",STON01,853.28.00,378.27.00,853.28.00,853.28.00,22,,Riferimento,1,,0,0,0,0,0,0,0,,0,0,,3000-12-31T00:00:00,2023-04-20T13:08:30.53,1,SOGGIORNI,46,"Tavoli Allungabili",,,BASIC,,Array,,,
23855,21665820,88,238557,"tavolo allungabile 160/240x90xh76 impial.rovere natur.gambe met.vernic.bianco",POLVEND3,VITA,"STONES SRL",STON01,"STONES SRL",STON01,2293.02.00,1016.36.00,2293.02.00,2293.02.00,22,,Riferimento,1,,0,0,0,0,0,0,0,,0,0,,3000-12-31T00:00:00,2023-04-20T13:08:30.563,1,SOGGIORNI,46,"Tavoli Allungabili",,,BASIC,,Array,,,
23856,21665868,88,238564,"tavolo allungabile 160/240x90xh76 impial.rovere natur.gambe met.vernic.nero",POLVEND3,VITA,"STONES SRL",STON01,"STONES SRL",STON01,2293.02.00,1016.36.00,2293.02.00,2293.02.00,22,,Riferimento,1,,0,0,0,0,0,0,0,,0,0,,3000-12-31T00:00:00,2023-04-20T13:08:30.563,1,SOGGIORNI,46,"Tavoli Allungabili",,,BASIC,,Array,,,
23858,21665813,88,238588,"tavolo allungabile 200/300x100xh76 impial.rovere natur.gambe met.vernic.bianco",POLVEND3,VITA,"STONES SRL",STON01,"STONES SRL",STON01,2657.38.00,1178.06.00,2657.38.00,2657.38.00,22,,Riferimento,1,,0,0,0,0,0,0,0,,0,0,,3000-12-31T00:00:00,2023-04-20T13:08:30.593,1,SOGGIORNI,46,"Tavoli Allungabili",,,BASIC,,Array,,,
23859,21665851,88,238595,"tavolo allungabile 200/300x100xh76 impial.rovere natur.gambe met.vernic.nero",POLVEND3,VITA,"STONES SRL",STON01,"STONES SRL",STON01,2657.38.00,1178.06.00,2657.38.00,2657.38.00,22,,Riferimento,1,,0,0,0,0,0,0,0,,0,0,,3000-12-31T00:00:00,2023-04-20T13:08:30.593,1,SOGGIORNI,46,"Tavoli Allungabili",,,BASIC,,Array,,,
23860,21665974,88,238601,"tavolo allungabile 200/300x100xh76 impial.rovere naturale.gambe vetro temper.",POLVEND3,MIAMI,"STONES SRL",STON01,"STONES SRL",STON01,2298.36.00,1018.9,2298.36.00,2298.36.00,22,,Riferimento,1,,0,0,0,0,0,0,0,,0,0,,3000-12-31T00:00:00,2023-04-20T13:08:30.61,1,SOGGIORNI,46,"Tavoli Allungabili",,,BASIC,,Array,,,
23863,21923128,88,238632,"tavolo allungabile cm.110(150)x110x76h top melam.cemento grigio gambe massello antracite",POLVEND3,HOLLY,"STONES SRL",STON01,"STONES SRL",STON01,484.01.00,250.04.00,484.01.00,484.01.00,22,,Riferimento,1,,0,0,0,0,0,0,0,,0,0,,3000-12-31T00:00:00,2023-04-20T13:08:30.64,1,SOGGIORNI,46,"Tavoli Allungabili",,,BASIC,,Array,,,
23864,21923135,88,238649,"tavolo allungabile cm.110(150)x110x76h top melam.noce gambe massello antracite",POLVEND3,HOLLY,"STONES SRL",STON01,"STONES SRL",STON01,484.01.00,250.04.00,484.01.00,484.01.00,22,,Riferimento,1,,0,0,0,0,0,0,0,,0,0,,3000-12-31T00:00:00,2023-04-20T13:08:30.657,1,SOGGIORNI,46,"Tavoli Allungabili",,,BASIC,,Array,,,
23865,21699573,88,238656,"tavolo allungabile cm.110(170)x75 h75 top bianco acid/gambe bianco",POLVEND3,BAUD,"STONES SRL",STON01,"STONES SRL",STON01,547.12.00,242.37.00,547.12.00,547.12.00,22,,Riferimento,1,,0,0,0,0,0,0,0,,0,0,,3000-12-31T00:00:00,2023-04-20T13:08:30.657,1,SOGGIORNI,46,"Tavoli Allungabili",,,BASIC,,Array,,,
23868,21875267,88,238687,"tavolo allungabile cm.130/210x80x76 top bco fras.gambe bianche",POLVEND3,LEVIRA,"STONES SRL",STON01,"STONES SRL",STON01,522.13.00,231.47.00,522.13.00,522.13.00,22,,Riferimento,1,,0,0,0,0,0,0,0,,0,0,,3000-12-31T00:00:00,2023-04-20T13:08:30.703,1,SOGGIORNI,46,"Tavoli Allungabili",,,BASIC,,Array,,,
23869,21922930,88,238694,"tavolo allungabile cm.140(200)x80x76h top marmo gambe metallo, bianco",POLVEND3,TRAPP,"STONES SRL",STON01,"STONES SRL",STON01,655.32.00,339.39.00,655.32.00,655.32.00,22,,Riferimento,1,,0,0,0,0,0,0,0,,0,0,,3000-12-31T00:00:00,2023-04-20T13:08:30.703,1,SOGGIORNI,46,"Tavoli Allungabili",,,BASIC,,Array,,,
23870,21922947,88,238700,"tavolo allungabile cm.140(200)x80x76h top marmo grigio gambe metal.antracite",POLVEND3,TRAPP,"STONES SRL",STON01,"STONES SRL",STON01,655.32.00,339.39.00,655.32.00,655.32.00,22,,Riferimento,1,,0,0,0,0,0,0,0,,0,0,,3000-12-31T00:00:00,2023-04-20T13:08:30.72,1,SOGGIORNI,46,"Tavoli Allungabili",,,BASIC,,Array,,,
23871,21922954,88,238717,"tavolo allungabile cm.140(200)x80x76h top marmo nero gambe metal.antracite",POLVEND3,TRAPP,"STONES SRL",STON01,"STONES SRL",STON01,655.32.00,339.39.00,655.32.00,655.32.00,22,,Riferimento,1,,0,0,0,0,0,0,0,,0,0,,3000-12-31T00:00:00,2023-04-20T13:08:30.733,1,SOGGIORNI,46,"Tavoli Allungabili",,,BASIC,,Array,,,
23872,21691386,88,238724,"tavolo allungabile cm.140(220)x90 h75 top ceram.bianco gambe bco",POLVEND3,ORBIS,"STONES SRL",STON01,"STONES SRL",STON01,1005.32.00,445.5,1005.32.00,1005.32.00,22,,Riferimento,1,,0,0,0,0,0,0,0,,0,0,,3000-12-31T00:00:00,2023-04-20T13:08:30.733,1,SOGGIORNI,46,"Tavoli Allungabili",,,BASIC,,Array,,,
23873,21923043,88,238731,"tavolo allungabile cm.160(240)x90x76h top impiall.rovere naturale gambe metal.nero",POLVEND3,DOMINO,"STONES SRL",STON01,"STONES SRL",STON01,2045.9,907.38.00,2045.9,2045.9,22,,Riferimento,1,,0,0,0,0,0,0,0,,0,0,,3000-12-31T00:00:00,2023-04-20T13:08:30.75,1,SOGGIORNI,46,"Tavoli Allungabili",,,BASIC,,Array,,,
23874,21923050,88,238748,"tavolo allungabile cm.160(240)x90x76h top impiall.rovere naturale gambe metal.ruggine",POLVEND3,DOMINO,"STONES SRL",STON01,"STONES SRL",STON01,2045.9,907.38.00,2045.9,2045.9,22,,Riferimento,1,,0,0,0,0,0,0,0,,0,0,,3000-12-31T00:00:00,2023-04-20T13:08:30.767,1,SOGGIORNI,46,"Tavoli Allungabili",,,BASIC,,Array,,,
23875,21923067,88,238755,"tavolo allungabile cm.160(240)x90x76h top impiall.rovere termocotto gambe metal.nero",POLVEND3,DOMINO,"STONES SRL",STON01,"STONES SRL",STON01,2108.2,934.6,2108.2,2108.2,22,,Riferimento,1,,0,0,0,0,0,0,0,,0,0,,3000-12-31T00:00:00,2023-04-20T13:08:30.767,1,SOGGIORNI,46,"Tavoli Allungabili",,,BASIC,,Array,,,
23876,21923074,88,238762,"tavolo allungabile cm.160(240)x90x76h top impiall.rovere termocotto gambe metal.ruggine",POLVEND3,DOMINO,"STONES SRL",STON01,"STONES SRL",STON01,2108.2,934.6,2108.2,2108.2,22,,Riferimento,1,,0,0,0,0,0,0,0,,0,0,,3000-12-31T00:00:00,2023-04-20T13:08:30.78,1,SOGGIORNI,46,"Tavoli Allungabili",,,BASIC,,Array,,,
23877,21679131,88,238779,"tavolo allungabile cm.160/240x90 h76 top ceramica/vetro gambre met.vernic.antracite",POLVEND3,CERAMIK,"STONES SRL",STON01,"STONES SRL",STON01,1254.1,558.18.00,1254.1,1254.1,22,,Riferimento,1,,0,0,0,0,0,0,0,,0,0,,3000-12-31T00:00:00,2023-04-20T13:08:30.797,1,SOGGIORNI,46,"Tavoli Allungabili",,,BASIC,,Array,,,
23878,21679124,88,238786,"tavolo allungabile cm.160/240x90 h76 top vetro temp nero fume/strut.metal nero",POLVEND3,BARRY,"STONES SRL",STON01,"STONES SRL",STON01,573.35.00,307.42.00,573.35.00,573.35.00,22,,Riferimento,1,,0,0,0,0,0,0,0,,0,0,,3000-12-31T00:00:00,2023-04-20T13:08:30.797,1,SOGGIORNI,46,"Tavoli Allungabili",,,BASIC,,Array,,,
23879,21923081,88,238793,"tavolo allungabile cm.200(300)x100x76h top impiall.rovere naturale gambe metal.nero",POLVEND3,DOMINO,"STONES SRL",STON01,"STONES SRL",STON01,2411.48.00,1069.05.00,2411.48.00,2411.48.00,22,,Riferimento,1,,0,0,0,0,0,0,0,,0,0,,3000-12-31T00:00:00,2023-04-20T13:08:30.813,1,SOGGIORNI,46,"Tavoli Allungabili",,,BASIC,,Array,,,
23880,21923098,88,238809,"tavolo allungabile cm.200(300)x100x76h top impiall.rovere naturale gambe metal.ruggine",POLVEND3,DOMINO,"STONES SRL",STON01,"STONES SRL",STON01,2411.48.00,1069.05.00,2411.48.00,2411.48.00,22,,Riferimento,1,,0,0,0,0,0,0,0,,0,0,,3000-12-31T00:00:00,2023-04-20T13:08:30.827,1,SOGGIORNI,46,"Tavoli Allungabili",,,BASIC,,Array,,,
23881,21923104,88,238816,"tavolo allungabile cm.200(300)x100x76h top impiall.rovere termocotto gambe metal.nero",POLVEND3,DOMINO,"STONES SRL",STON01,"STONES SRL",STON01,2470.07.00,1095.25.00,2470.07.00,2470.07.00,22,,Riferimento,1,,0,0,0,0,0,0,0,,0,0,,3000-12-31T00:00:00,2023-04-20T13:08:30.827,1,SOGGIORNI,46,"Tavoli Allungabili",,,BASIC,,Array,,,
23882,21923111,88,238823,"tavolo allungabile cm.200(300)x100x76h top impiall.rovere termocotto gambe metal.ruggine",POLVEND3,DOMINO,"STONES SRL",STON01,"STONES SRL",STON01,2470.07.00,1095.25.00,2470.07.00,2470.07.00,22,,Riferimento,1,,0,0,0,0,0,0,0,,0,0,,3000-12-31T00:00:00,2023-04-20T13:08:30.843,1,SOGGIORNI,46,"Tavoli Allungabili",,,BASIC,,Array,,,
23883,21521416,88,238830,"tavolo allungabile cm140/220x90 h75 bianco top vtr gambe met.",POLVEND3,ORBIS,"STONES SRL",STON01,"STONES SRL",STON01,806.14.00,357.2,806.14.00,806.14.00,22,,Riferimento,1,,0,0,0,0,0,0,0,,0,0,,3000-12-31T00:00:00,2023-04-20T13:08:30.86,1,SOGGIORNI,46,"Tavoli Allungabili",,,BASIC,,Array,,,
23884,21521430,88,238847,"tavolo allungabile cm140/220x90 h75 grigio top vtr gambe met.",POLVEND3,ORBIS,"STONES SRL",STON01,"STONES SRL",STON01,772.13.00,342.3,772.13.00,772.13.00,22,,Riferimento,1,,0,0,0,0,0,0,0,,0,0,,3000-12-31T00:00:00,2023-04-20T13:08:30.86,1,SOGGIORNI,46,"Tavoli Allungabili",,,BASIC,,Array,,,
23885,21521454,88,238854,"tavolo allungabile cm160/240x90 h76  grigio gfrafite top ceram.gambe met.",POLVEND3,CERAMIK,"STONES SRL",STON01,"STONES SRL",STON01,1197.12.00,531.29.00,1197.12.00,1197.12.00,22,,Riferimento,1,,0,0,0,0,0,0,0,,0,0,,3000-12-31T00:00:00,2023-04-20T13:08:30.873,1,SOGGIORNI,46,"Tavoli Allungabili",,,BASIC,,Array,,,
23886,21521478,88,238861,"tavolo allungabile cm160/240x90 h76  marmo antracitetop ceram.gambe met.",POLVEND3,CERAMIK,"STONES SRL",STON01,"STONES SRL",STON01,1254.1,558.18.00,1254.1,1254.1,22,,Riferimento,1,,0,0,0,0,0,0,0,,0,0,,3000-12-31T00:00:00,2023-04-20T13:08:30.873,1,SOGGIORNI,46,"Tavoli Allungabili",,,BASIC,,Array,,,
23887,21521447,88,238878,"tavolo allungabile cm160/240x90 h76 bianco top ceram.gambe met.",POLVEND3,CERAMIK,"STONES SRL",STON01,"STONES SRL",STON01,1197.12.00,531.29.00,1197.12.00,1197.12.00,22,,Riferimento,1,,0,0,0,0,0,0,0,,0,0,,3000-12-31T00:00:00,2023-04-20T13:08:30.89,1,SOGGIORNI,46,"Tavoli Allungabili",,,BASIC,,Array,,,
23888,21521461,88,238885,"tavolo allungabile cm160/240x90 h76 marmo bianco top ceram.gambe met.",POLVEND3,CERAMIK,"STONES SRL",STON01,"STONES SRL",STON01,1254.1,558.18.00,1254.1,1254.1,22,,Riferimento,1,,0,0,0,0,0,0,0,,0,0,,3000-12-31T00:00:00,2023-04-20T13:08:32.453,1,SOGGIORNI,46,"Tavoli Allungabili",,,BASIC,,Array,,,
23889,21922961,88,238892,"tavolo cm.160x90x76h top impiall.rovere naturale gambe metal.nero",POLVEND3,DOMINO,"STONES SRL",STON01,"STONES SRL",STON01,1265.15.00,561.09.00,1265.15.00,1265.15.00,22,,Riferimento,1,,0,0,0,0,0,0,0,,0,0,,3000-12-31T00:00:00,2023-04-20T13:08:32.47,1,SOGGIORNI,41,"Tavoli Fissi",,,BASIC,,Array,,,
23890,21922978,88,238908,"tavolo cm.160x90x76h top impiall.rovere naturale gambe metal.ruggine",POLVEND3,DOMINO,"STONES SRL",STON01,"STONES SRL",STON01,1265.15.00,561.09.00,1265.15.00,1265.15.00,22,,Riferimento,1,,0,0,0,0,0,0,0,,0,0,,3000-12-31T00:00:00,2023-04-20T13:08:32.47,1,SOGGIORNI,41,"Tavoli Fissi",,,BASIC,,Array,,,
23891,21922985,88,238915,"tavolo cm.160x90x76h top impiall.rovere termocotto gambe metal.nero",POLVEND3,DOMINO,"STONES SRL",STON01,"STONES SRL",STON01,1310.24.00,581.07.00,1310.24.00,1310.24.00,22,,Riferimento,1,,0,0,0,0,0,0,0,,0,0,,3000-12-31T00:00:00,2023-04-20T13:08:32.483,1,SOGGIORNI,41,"Tavoli Fissi",,,BASIC,,Array,,,
23892,21922992,88,238922,"tavolo cm.160x90x76h top impiall.rovere termocotto gambe metal.ruggine",POLVEND3,DOMINO,"STONES SRL",STON01,"STONES SRL",STON01,1310.24.00,581.07.00,1310.24.00,1310.24.00,22,,Riferimento,1,,0,0,0,0,0,0,0,,0,0,,3000-12-31T00:00:00,2023-04-20T13:08:32.5,1,SOGGIORNI,41,"Tavoli Fissi",,,BASIC,,Array,,,
23893,21923005,88,238939,"tavolo cm.200x100x76h top impiall.rovere naturale gambe metal.nero",POLVEND3,DOMINO,"STONES SRL",STON01,"STONES SRL",STON01,1340.16.00,594.12.00,1340.16.00,1340.16.00,22,,Riferimento,1,,0,0,0,0,0,0,0,,0,0,,3000-12-31T00:00:00,2023-04-20T13:08:32.5,1,SOGGIORNI,41,"Tavoli Fissi",,,BASIC,,Array,,,
23894,21923012,88,238946,"tavolo cm.200x100x76h top impiall.rovere naturale gambe metal.ruggine",POLVEND3,DOMINO,"STONES SRL",STON01,"STONES SRL",STON01,1340.16.00,594.12.00,1340.16.00,1340.16.00,22,,Riferimento,1,,0,0,0,0,0,0,0,,0,0,,3000-12-31T00:00:00,2023-04-20T13:08:32.517,1,SOGGIORNI,41,"Tavoli Fissi",,,BASIC,,Array,,,
23895,21923029,88,238953,"tavolo cm.200x100x76h top impiall.rovere termocotto gambe metal.nero",POLVEND3,DOMINO,"STONES SRL",STON01,"STONES SRL",STON01,1390.16.00,616.28.00,1390.16.00,1390.16.00,22,,Riferimento,1,,0,0,0,0,0,0,0,,0,0,,3000-12-31T00:00:00,2023-04-20T13:08:32.517,1,SOGGIORNI,41,"Tavoli Fissi",,,BASIC,,Array,,,
23896,21923036,88,238960,"tavolo cm.200x100x76h top impiall.rovere termocotto gambe metal.ruggine",POLVEND3,DOMINO,"STONES SRL",STON01,"STONES SRL",STON01,1390.16.00,616.28.00,1390.16.00,1390.16.00,22,,Riferimento,1,,0,0,0,0,0,0,0,,0,0,,3000-12-31T00:00:00,2023-04-20T13:08:32.533,1,SOGGIORNI,41,"Tavoli Fissi",,,BASIC,,Array,,,
23897,21683787,88,238977,"tavolo cm.220x110 h76 top ceramica su vetro gambe met.vern.",POLVEND3,MAUDE,"STONES SRL",STON01,"STONES SRL",STON01,2052.04.00,909.53.00,2052.04.00,2052.04.00,22,,Riferimento,1,,0,0,0,0,0,0,0,,0,0,,3000-12-31T00:00:00,2023-04-20T13:08:32.547,1,SOGGIORNI,41,"Tavoli Fissi",,,BASIC,,Array,,,
23898,21579103,88,238984,"tavolo fisso diam.120 h75 vtr trasp./gambe antrac",POLVEND3,DRUM,"STONES SRL",STON01,"STONES SRL",STON01,348.36.00,154.43.00,348.36.00,348.36.00,22,,Riferimento,1,,0,0,0,0,0,0,0,,0,0,,3000-12-31T00:00:00,2023-04-20T13:08:32.563,1,SOGGIORNI,41,"Tavoli Fissi",,,BASIC,,Array,,,
23899,21579097,88,238991,"tavolo fisso diam.120 h75 vtr trasp./gambe bco",POLVEND3,DRUM,"STONES SRL",STON01,"STONES SRL",STON01,348.36.00,154.43.00,348.36.00,348.36.00,22,,Riferimento,1,,0,0,0,0,0,0,0,,0,0,,3000-12-31T00:00:00,2023-04-20T13:08:32.563,1,SOGGIORNI,41,"Tavoli Fissi",,,BASIC,,Array,,,
23900,21679148,88,239004,"tavolo tondo diam.120 h76 top solid ceramic eff.marmo grigio base met.vern.nero",POLVEND3,NIVEN,"STONES SRL",STON01,"STONES SRL",STON01,852.46.00,378.31.00,852.46.00,852.46.00,22,,Riferimento,1,,0,0,0,0,0,0,0,,0,0,,3000-12-31T00:00:00,2023-04-20T13:08:32.58,1,SOGGIORNI,41,"Tavoli Fissi",,,BASIC,,Array,,,
23930,22457851,88,239301,"anta 19 web codice da non usare",POLVEND3,CARRERA,"VENETA CUCINE SPA",VENE23,"VENETA CUCINE SPA",VENE23,245.9,100,245.9,245.9,22,,Riferimento,1,,0,0,0,0,0,0,0,,0,0,,3000-12-31T00:00:00,2023-04-20T16:17:52.67,4,CUCINE,17,"Composizioni fisse",,,BASIC,,Array,,,
23931,22457899,88,239318,"anta 19 web codice da non usare",POLVEND3,LIKE,"VENETA CUCINE SPA",VENE23,"VENETA CUCINE SPA",VENE23,245.9,100,245.9,245.9,22,,Riferimento,1,,0,0,0,0,0,0,0,,0,0,,3000-12-31T00:00:00,2023-04-20T16:17:52.67,4,CUCINE,17,"Composizioni fisse",,,BASIC,,Array,,,
23932,22457875,88,239325,"anta 19 web codice da non usare",POLVEND3,"START TIME","VENETA CUCINE SPA",VENE23,"VENETA CUCINE SPA",VENE23,245.9,100,245.9,245.9,22,,Riferimento,1,,0,0,0,0,0,0,0,,0,0,,3000-12-31T00:00:00,2023-04-20T16:17:52.683,4,CUCINE,17,"Composizioni fisse",,,BASIC,,Array,,,
23933,22457912,88,239332,"anta 22 telaio web codice da non usare",POLVEND3,EXTRA,"VENETA CUCINE SPA",VENE23,"VENETA CUCINE SPA",VENE23,245.9,100,245.9,245.9,22,,Riferimento,1,,0,0,0,0,0,0,0,,0,0,,3000-12-31T00:00:00,2023-04-20T16:17:52.7,4,CUCINE,17,"Composizioni fisse",,,BASIC,,Array,,,
23934,22457929,88,239349,"anta 22 web codice da non usare",POLVEND3,ETHICA,"VENETA CUCINE SPA",VENE23,"VENETA CUCINE SPA",VENE23,245.9,100,245.9,245.9,22,,Riferimento,1,,0,0,0,0,0,0,0,,0,0,,3000-12-31T00:00:00,2023-04-20T16:17:52.7,4,CUCINE,17,"Composizioni fisse",,,BASIC,,Array,,,
23935,22457868,88,239356,"anta 22 web codice da non usare",POLVEND3,LOUNGE,"VENETA CUCINE SPA",VENE23,"VENETA CUCINE SPA",VENE23,245.9,100,245.9,245.9,22,,Riferimento,1,,0,0,0,0,0,0,0,,0,0,,3000-12-31T00:00:00,2023-04-20T16:17:52.717,4,CUCINE,17,"Composizioni fisse",,,BASIC,,Array,,,
23936,22457905,88,239363,"anta 22 web codice da non usare",POLVEND3,OYSTER,"VENETA CUCINE SPA",VENE23,"VENETA CUCINE SPA",VENE23,245.9,100,245.9,245.9,22,,Riferimento,1,,0,0,0,0,0,0,0,,0,0,,3000-12-31T00:00:00,2023-04-20T16:17:52.73,4,CUCINE,17,"Composizioni fisse",,,BASIC,,Array,,,
23937,22457936,88,239370,"anta 22 web codice da non usare",POLVEND3,RI-FLEX,"VENETA CUCINE SPA",VENE23,"VENETA CUCINE SPA",VENE23,245.9,100,245.9,245.9,22,,Riferimento,1,,0,0,0,0,0,0,0,,0,0,,3000-12-31T00:00:00,2023-04-20T16:17:52.73,4,CUCINE,17,"Composizioni fisse",,,BASIC,,Array,,,
23939,22457882,88,239394,"anta telaio web codice da non usare",POLVEND3,TABLET,"VENETA CUCINE SPA",VENE23,"VENETA CUCINE SPA",VENE23,245.9,100,245.9,245.9,22,,Riferimento,1,,0,0,0,0,0,0,0,,0,0,,3000-12-31T00:00:00,2023-04-20T16:17:52.747,4,CUCINE,17,"Composizioni fisse",,,BASIC,,Array,,,
24332,22457837,88,243322,"cucina anta telaio web codice da non usare",POLVEND3,ARMONIA,"VENETA CUCINE SPA",VENE23,"VENETA CUCINE SPA",VENE23,245.9,100,245.9,245.9,22,,Riferimento,1,,0,0,0,0,0,0,0,,0,0,,3000-12-31T00:00:00,2023-04-20T16:18:08.627,4,CUCINE,17,"Composizioni fisse",,,BASIC,,Array,,,
24333,22457844,88,243339,"cucina anta telaio web codice da non usare",POLVEND3,MILANO,"VENETA CUCINE SPA",VENE23,"VENETA CUCINE SPA",VENE23,245.9,100,245.9,245.9,22,,Riferimento,1,,0,0,0,0,0,0,0,,0,0,,3000-12-31T00:00:00,2023-04-20T16:18:08.64,4,CUCINE,17,"Composizioni fisse",,,BASIC,,Array,,,
24334,22457967,88,243346,"d'este telaio web codice da non usare",POLVEND3,"VILLA D'ESTE","VENETA CUCINE SPA",VENE23,"VENETA CUCINE SPA",VENE23,245.9,100,245.9,245.9,22,,Riferimento,1,,0,0,0,0,0,0,0,,0,0,,3000-12-31T00:00:00,2023-04-20T16:18:08.64,4,CUCINE,17,"Composizioni fisse",,,BASIC,,Array,,,
25618,22457943,88,256186,"telaio web codice da non usare",POLVEND3,DIALOGO,"VENETA CUCINE SPA",VENE23,"VENETA CUCINE SPA",VENE23,245.9,100,245.9,245.9,22,,Riferimento,1,,0,0,0,0,0,0,0,,0,0,,3000-12-31T00:00:00,2023-04-20T16:19:03.713,4,CUCINE,17,"Composizioni fisse",,,BASIC,,Array,,,
25619,22457974,88,256193,"telaio web codice da non usare",POLVEND3,MEMORY,"VENETA CUCINE SPA",VENE23,"VENETA CUCINE SPA",VENE23,245.9,100,245.9,245.9,22,,Riferimento,1,,0,0,0,0,0,0,0,,0,0,,3000-12-31T00:00:00,2023-04-20T16:19:03.73,4,CUCINE,17,"Composizioni fisse",,,BASIC,,Array,,,
25620,22457981,88,256209,"web codice da non usare",POLVEND3,PAVESE,"VENETA CUCINE SPA",VENE23,"VENETA CUCINE SPA",VENE23,245.9,100,245.9,245.9,22,,Riferimento,1,,0,0,0,0,0,0,0,,0,0,,3000-12-31T00:00:00,2023-04-20T16:19:03.73,4,CUCINE,17,"Composizioni fisse",,,BASIC,,Array,,,
25754,22497789,200,257541,"samsung-02 abbinata frigorifero 267l e lavastoviglie",POLVEND3,"OFFERTA SAMSUNG-02","MAS ELETTRODOMESTICI DA INCASSO SRL",MASE02,"MAS ELETTRODOMESTICI DA INCASSO SRL",MASE02,729.51.00,846,729.51.00,729.51.00,22,,Riferimento,1,,0,0,0,0,0,0,0,,0,0,,2023-06-09T00:00:00,2023-04-21T10:29:04.707,4,CUCINE,14,Lavelli,,,BASIC,,Array,,,
25755,22497796,200,257558,"samsung-03 abbinata frigorifero 267l e lavastoviglie slide",POLVEND3,"OFFERTA SAMSUNG-03","MAS ELETTRODOMESTICI DA INCASSO SRL",MASE02,"MAS ELETTRODOMESTICI DA INCASSO SRL",MASE02,811.48.00,985,811.48.00,811.48.00,22,,Riferimento,1,,0,0,0,0,0,0,0,,0,0,,2023-06-09T00:00:00,2023-04-21T10:29:04.723,4,CUCINE,14,Lavelli,,,BASIC,,Array,,,
25757,22457677,88,257572,"web codice da non usare camera single 101",POLVEND3,NOVA_01,"ZG MOBILI SRL",ZGMO01,"ZG MOBILI SRL",ZGMO01,245.9,100,245.9,245.9,22,,Riferimento,1,,0,0,0,0,0,0,0,,0,0,,3000-12-31T00:00:00,2023-04-21T11:36:43.673,3,CAMERE,44,"Composizioni bloccate",,,BASIC,,Array,,,
25758,22457684,88,257589,"web codice da non usare camera single 102",POLVEND3,NOVA_02,"ZG MOBILI SRL",ZGMO01,"ZG MOBILI SRL",ZGMO01,245.9,100,245.9,245.9,22,,Riferimento,1,,0,0,0,0,0,0,0,,0,0,,3000-12-31T00:00:00,2023-04-21T11:36:43.69,3,CAMERE,44,"Composizioni bloccate",,,BASIC,,Array,,,
25759,22457691,88,257596,"web codice da non usare camera single 103",POLVEND3,NOVA_03,"ZG MOBILI SRL",ZGMO01,"ZG MOBILI SRL",ZGMO01,245.9,100,245.9,245.9,22,,Riferimento,1,,0,0,0,0,0,0,0,,0,0,,3000-12-31T00:00:00,2023-04-21T11:36:43.707,3,CAMERE,44,"Composizioni bloccate",,,BASIC,,Array,,,
25760,22457707,88,257602,"web codice da non usare camera single 104",POLVEND3,NOVA_04,"ZG MOBILI SRL",ZGMO01,"ZG MOBILI SRL",ZGMO01,245.9,100,245.9,245.9,22,,Riferimento,1,,0,0,0,0,0,0,0,,0,0,,3000-12-31T00:00:00,2023-04-21T11:36:43.707,3,CAMERE,44,"Composizioni bloccate",,,BASIC,,Array,,,
25761,22457714,88,257619,"web codice da non usare camera single 105",POLVEND3,NOVA_05,"ZG MOBILI SRL",ZGMO01,"ZG MOBILI SRL",ZGMO01,245.9,100,245.9,245.9,22,,Riferimento,1,,0,0,0,0,0,0,0,,0,0,,3000-12-31T00:00:00,2023-04-21T11:36:43.707,3,CAMERE,44,"Composizioni bloccate",,,BASIC,,Array,,,
25762,22457721,88,257626,"web codice da non usare camera single 106",POLVEND3,NOVA_06,"ZG MOBILI SRL",ZGMO01,"ZG MOBILI SRL",ZGMO01,245.9,100,245.9,245.9,22,,Riferimento,1,,0,0,0,0,0,0,0,,0,0,,3000-12-31T00:00:00,2023-04-21T11:36:43.72,3,CAMERE,44,"Composizioni bloccate",,,BASIC,,Array,,,
25763,22457738,88,257633,"web codice da non usare camera single 107",POLVEND3,NOVA_07,"ZG MOBILI SRL",ZGMO01,"ZG MOBILI SRL",ZGMO01,245.9,100,245.9,245.9,22,,Riferimento,1,,0,0,0,0,0,0,0,,0,0,,3000-12-31T00:00:00,2023-04-21T11:36:43.72,3,CAMERE,44,"Composizioni bloccate",,,BASIC,,Array,,,
25764,22457745,88,257640,"web codice da non usare camera single 108",POLVEND3,NOVA_08,"ZG MOBILI SRL",ZGMO01,"ZG MOBILI SRL",ZGMO01,245.9,100,245.9,245.9,22,,Riferimento,1,,0,0,0,0,0,0,0,,0,0,,3000-12-31T00:00:00,2023-04-21T11:36:43.737,3,CAMERE,44,"Composizioni bloccate",,,BASIC,,Array,,,
25765,22457752,88,257657,"web codice da non usare camera single 109",POLVEND3,NOVA_09,"ZG MOBILI SRL",ZGMO01,"ZG MOBILI SRL",ZGMO01,245.9,100,245.9,245.9,22,,Riferimento,1,,0,0,0,0,0,0,0,,0,0,,3000-12-31T00:00:00,2023-04-21T11:36:43.737,3,CAMERE,44,"Composizioni bloccate",,,BASIC,,Array,,,
25766,22457769,88,257664,"web codice da non usare camera single 110",POLVEND3,NOVA_10,"ZG MOBILI SRL",ZGMO01,"ZG MOBILI SRL",ZGMO01,245.9,100,245.9,245.9,22,,Riferimento,1,,0,0,0,0,0,0,0,,0,0,,3000-12-31T00:00:00,2023-04-21T11:36:43.753,3,CAMERE,44,"Composizioni bloccate",,,BASIC,,Array,,,
25767,22457776,88,257671,"web codice da non usare camera single 111",POLVEND3,NOVA_11,"ZG MOBILI SRL",ZGMO01,"ZG MOBILI SRL",ZGMO01,245.9,100,245.9,245.9,22,,Riferimento,1,,0,0,0,0,0,0,0,,0,0,,3000-12-31T00:00:00,2023-04-21T11:36:43.753,3,CAMERE,44,"Composizioni bloccate",,,BASIC,,Array,,,
25768,22457783,88,257688,"web codice da non usare camera single 112",POLVEND3,NOVA_12,"ZG MOBILI SRL",ZGMO01,"ZG MOBILI SRL",ZGMO01,245.9,100,245.9,245.9,22,,Riferimento,1,,0,0,0,0,0,0,0,,0,0,,3000-12-31T00:00:00,2023-04-21T11:36:43.753,3,CAMERE,44,"Composizioni bloccate",,,BASIC,,Array,,,
25769,22457790,88,257695,"web codice da non usare camera single 113",POLVEND3,NOVA_13,"ZG MOBILI SRL",ZGMO01,"ZG MOBILI SRL",ZGMO01,245.9,100,245.9,245.9,22,,Riferimento,1,,0,0,0,0,0,0,0,,0,0,,3000-12-31T00:00:00,2023-04-21T11:36:43.767,3,CAMERE,44,"Composizioni bloccate",,,BASIC,,Array,,,
25771,22457806,88,257718,"web codice da non usare camera 2 letto 114",POLVEND3,POLAR_01,"ZG MOBILI SRL",ZGMO01,"ZG MOBILI SRL",ZGMO01,245.9,100,245.9,245.9,22,,Riferimento,1,,0,0,0,0,0,0,0,,0,0,,3000-12-31T00:00:00,2023-04-21T11:36:43.783,3,CAMERE,44,"Composizioni bloccate",,,BASIC,,Array,,,
25772,22457813,88,257725,"web codice da non usare camera 2 letto 115",POLVEND3,POLAR_02,"ZG MOBILI SRL",ZGMO01,"ZG MOBILI SRL",ZGMO01,245.9,100,245.9,245.9,22,,Riferimento,1,,0,0,0,0,0,0,0,,0,0,,3000-12-31T00:00:00,2023-04-21T11:36:43.783,3,CAMERE,44,"Composizioni bloccate",,,BASIC,,Array,,,
25773,22457820,88,257732,"web codice da non usare camera 2 letto 115",POLVEND3,POLAR_03,"ZG MOBILI SRL",ZGMO01,"ZG MOBILI SRL",ZGMO01,245.9,100,245.9,245.9,22,,Riferimento,1,,0,0,0,0,0,0,0,,0,0,,3000-12-31T00:00:00,2023-04-21T11:36:43.8,3,CAMERE,44,"Composizioni bloccate",,,BASIC,,Array,,,
25904,22457516,88,259040,"web codice da non usare camera teenager 116",POLVEND3,SPIDER_01,"ZG MOBILI SRL",ZGMO01,"ZG MOBILI SRL",ZGMO01,245.9,100,245.9,245.9,22,,Riferimento,1,,0,0,0,0,0,0,0,,0,0,,3000-12-31T00:00:00,2023-04-21T11:36:47.77,3,CAMERE,44,"Composizioni bloccate",,,BASIC,,Array,,,
25905,22457523,88,259057,"web codice da non usare camera teenager 117",POLVEND3,SPIDER_02,"ZG MOBILI SRL",ZGMO01,"ZG MOBILI SRL",ZGMO01,245.9,100,245.9,245.9,22,,Riferimento,1,,0,0,0,0,0,0,0,,0,0,,3000-12-31T00:00:00,2023-04-21T11:36:47.77,3,CAMERE,44,"Composizioni bloccate",,,BASIC,,Array,,,
25906,22457530,88,259064,"web codice da non usare camera teenager 118",POLVEND3,SPIDER_03,"ZG MOBILI SRL",ZGMO01,"ZG MOBILI SRL",ZGMO01,245.9,100,245.9,245.9,22,,Riferimento,1,,0,0,0,0,0,0,0,,0,0,,3000-12-31T00:00:00,2023-04-21T11:36:49.177,3,CAMERE,44,"Composizioni bloccate",,,BASIC,,Array,,,
25907,22457547,88,259071,"web codice da non usare camera teenager 119",POLVEND3,SPIDER_04,"ZG MOBILI SRL",ZGMO01,"ZG MOBILI SRL",ZGMO01,245.9,100,245.9,245.9,22,,Riferimento,1,,0,0,0,0,0,0,0,,0,0,,3000-12-31T00:00:00,2023-04-21T11:36:49.177,3,CAMERE,44,"Composizioni bloccate",,,BASIC,,Array,,,
25908,22457554,88,259088,"web codice da non usare camera teenager 120",POLVEND3,SPIDER_05,"ZG MOBILI SRL",ZGMO01,"ZG MOBILI SRL",ZGMO01,245.9,100,245.9,245.9,22,,Riferimento,1,,0,0,0,0,0,0,0,,0,0,,3000-12-31T00:00:00,2023-04-21T11:36:49.19,3,CAMERE,44,"Composizioni bloccate",,,BASIC,,Array,,,
25909,22457561,88,259095,"web codice da non usare camera teenager 121",POLVEND3,SPIDER_06,"ZG MOBILI SRL",ZGMO01,"ZG MOBILI SRL",ZGMO01,245.9,100,245.9,245.9,22,,Riferimento,1,,0,0,0,0,0,0,0,,0,0,,3000-12-31T00:00:00,2023-04-21T11:36:49.19,3,CAMERE,44,"Composizioni bloccate",,,BASIC,,Array,,,
25910,22457578,88,259101,"web codice da non usare camera teenager 122",POLVEND3,SPIDER_07,"ZG MOBILI SRL",ZGMO01,"ZG MOBILI SRL",ZGMO01,245.9,100,245.9,245.9,22,,Riferimento,1,,0,0,0,0,0,0,0,,0,0,,3000-12-31T00:00:00,2023-04-21T11:36:49.207,3,CAMERE,44,"Composizioni bloccate",,,BASIC,,Array,,,
25911,22457585,88,259118,"web codice da non usare camera teenager 123",POLVEND3,SPIDER_08,"ZG MOBILI SRL",ZGMO01,"ZG MOBILI SRL",ZGMO01,245.9,100,245.9,245.9,22,,Riferimento,1,,0,0,0,0,0,0,0,,0,0,,3000-12-31T00:00:00,2023-04-21T11:36:49.207,3,CAMERE,44,"Composizioni bloccate",,,BASIC,,Array,,,
25912,22457592,88,259125,"web codice da non usare camera teenager 124",POLVEND3,SPIDER_09,"ZG MOBILI SRL",ZGMO01,"ZG MOBILI SRL",ZGMO01,245.9,100,245.9,245.9,22,,Riferimento,1,,0,0,0,0,0,0,0,,0,0,,3000-12-31T00:00:00,2023-04-21T11:36:49.223,3,CAMERE,44,"Composizioni bloccate",,,BASIC,,Array,,,
25913,22457608,88,259132,"web codice da non usare camera teenager 125",POLVEND3,SPIDER_10,"ZG MOBILI SRL",ZGMO01,"ZG MOBILI SRL",ZGMO01,245.9,100,245.9,245.9,22,,Riferimento,1,,0,0,0,0,0,0,0,,0,0,,3000-12-31T00:00:00,2023-04-21T11:36:49.237,3,CAMERE,44,"Composizioni bloccate",,,BASIC,,Array,,,
25914,22457615,88,259149,"web codice da non usare camera teenager 126",POLVEND3,SPIDER_11,"ZG MOBILI SRL",ZGMO01,"ZG MOBILI SRL",ZGMO01,245.9,100,245.9,245.9,22,,Riferimento,1,,0,0,0,0,0,0,0,,0,0,,3000-12-31T00:00:00,2023-04-21T11:36:49.237,3,CAMERE,44,"Composizioni bloccate",,,BASIC,,Array,,,
25915,22457622,88,259156,"web codice da non usare camera teenager 127",POLVEND3,SPIDER_12,"ZG MOBILI SRL",ZGMO01,"ZG MOBILI SRL",ZGMO01,245.9,100,245.9,245.9,22,,Riferimento,1,,0,0,0,0,0,0,0,,0,0,,3000-12-31T00:00:00,2023-04-21T11:36:49.253,3,CAMERE,44,"Composizioni bloccate",,,BASIC,,Array,,,
25916,22457639,88,259163,"web codice da non usare camera teenager 128",POLVEND3,SPIDER_13,"ZG MOBILI SRL",ZGMO01,"ZG MOBILI SRL",ZGMO01,245.9,100,245.9,245.9,22,,Riferimento,1,,0,0,0,0,0,0,0,,0,0,,3000-12-31T00:00:00,2023-04-21T11:36:49.253,3,CAMERE,44,"Composizioni bloccate",,,BASIC,,Array,,,
25917,22457646,88,259170,"web codice da non usare camera teenager 129",POLVEND3,SPIDER_14,"ZG MOBILI SRL",ZGMO01,"ZG MOBILI SRL",ZGMO01,245.9,100,245.9,245.9,22,,Riferimento,1,,0,0,0,0,0,0,0,,0,0,,3000-12-31T00:00:00,2023-04-21T11:36:49.27,3,CAMERE,44,"Composizioni bloccate",,,BASIC,,Array,,,
25918,22457653,88,259187,"web codice da non usare camera teenager 130",POLVEND3,SPIDER_15,"ZG MOBILI SRL",ZGMO01,"ZG MOBILI SRL",ZGMO01,245.9,100,245.9,245.9,22,,Riferimento,1,,0,0,0,0,0,0,0,,0,0,,3000-12-31T00:00:00,2023-04-21T11:36:49.283,3,CAMERE,44,"Composizioni bloccate",,,BASIC,,Array,,,
25919,22457660,88,259194,"web codice da non usare camera teenager 131",POLVEND3,SPIDER_16,"ZG MOBILI SRL",ZGMO01,"ZG MOBILI SRL",ZGMO01,245.9,100,245.9,245.9,22,,Riferimento,1,,0,0,0,0,0,0,0,,0,0,,3000-12-31T00:00:00,2023-04-21T11:36:49.283,3,CAMERE,44,"Composizioni bloccate",,,BASIC,,Array,,,
25940,22491787,0,3664848227660,"quadro volto donna oro e nero 100x140cm",POLVEND1,DIAMOND,"BLONDE ATTITUDE",BLON02,"BLONDE ATTITUDE",BLON02,163.11.00,65,163.11.00,163.11.00,22,,Stock,1,,0,0,0,0,0,0,0,,0,0,,3000-12-31T00:00:00,2023-04-21T14:35:40.317,11,DECORAZIONE,14,"Quadri incorniciati e Decorazioni a parete",,,RAW,,Array,,,
25944,22491800,0,3664848227660,"quadro donna bianca fiori 80x120cm",POLVEND1,PENELOPE,"BLONDE ATTITUDE",BLON02,"BLONDE ATTITUDE",BLON02,147.12.00,60,147.12.00,147.12.00,22,,Stock,1,,0,0,0,0,0,0,0,,0,0,,3000-12-31T00:00:00,2023-04-21T14:35:40.377,11,DECORAZIONE,14,"Quadri incorniciati e Decorazioni a parete",,,ICON,,Array,,,
25947,22491794,0,3664848227660,"quadro donna farfalla bianco-nero 100x140cm",POLVEND1,BUTTERFLY,"BLONDE ATTITUDE",BLON02,"BLONDE ATTITUDE",BLON02,163.11.00,65,163.11.00,163.11.00,22,,Stock,1,,0,0,0,0,0,0,0,,0,0,,3000-12-31T00:00:00,2023-04-21T14:35:40.423,11,DECORAZIONE,14,"Quadri incorniciati e Decorazioni a parete",,,ICON,,Array,,,
25949,22491770,0,3664848227660,"quadro dipinto a mano donna 80x120cm",POLVEND1,DREAM,"BLONDE ATTITUDE",BLON02,"BLONDE ATTITUDE",BLON02,163.11.00,85,163.11.00,163.11.00,22,,Stock,1,,0,0,0,0,0,0,0,,0,0,,3000-12-31T00:00:00,2023-04-21T14:35:40.457,11,DECORAZIONE,14,"Quadri incorniciati e Decorazioni a parete",,,ICON,,Array,,,
25950,22487803,0,259507,"spray profumo ambiente x tessuti fragranza  500ml camelia e pompelmo",POLVEND1,LAUNDRY,"CARBALINE S.R.L.",CARB04,"CARBALINE S.R.L.",CARB04,16.35,4.7,16.35,16.35,22,,Stock,1,,0,0,0,0,0,0,0,,0,0,,3000-12-31T00:00:00,2023-04-21T14:52:34.703,11,DECORAZIONE,42,"Profuma ambienti",,,BASIC,,Array,,,
25961,21708343,0,259613,"profuma ambiente 250 frag legni di mare",POLVEND1,SPA,"CARBALINE S.R.L.",CARB04,"CARBALINE S.R.L.",CARB04,16.35,7.38,16.35,16.35,22,,Stock,1,,0,0,0,0,0,0,0,,0,0,,3000-12-31T00:00:00,2023-04-21T14:52:34.847,11,DECORAZIONE,42,"Profuma ambienti",,,BASIC,,Array,,,
25968,22209306,0,259682,"diffusore profumo ambiente fragranza terre d'oriente trasparente 250ml",POLVEND1,SPA,"CARBALINE S.R.L.",CARB04,"CARBALINE S.R.L.",CARB04,16.35,7.38,16.35,16.35,22,,Stock,1,,0,0,0,0,0,0,0,,0,0,,3000-12-31T00:00:00,2023-04-21T14:52:34.923,11,DECORAZIONE,42,"Profuma ambienti",,,BASIC,,Array,,,
25969,22209320,0,259699,"diffusore profumo ambiente fragranza ocean turchese 250ml",POLVEND1,SPA,"CARBALINE S.R.L.",CARB04,"CARBALINE S.R.L.",CARB04,16.35,7,16.35,16.35,22,,Stock,1,,0,0,0,0,0,0,0,,0,0,,3000-12-31T00:00:00,2023-04-21T14:52:34.94,11,DECORAZIONE,42,"Profuma ambienti",,,BASIC,,Array,,,
25970,22209269,0,259705,"diffusore profumo ambiente fragranza bolgheri rosso 250ml",POLVEND1,SPA,"CARBALINE S.R.L.",CARB04,"CARBALINE S.R.L.",CARB04,16.35,7.38,16.35,16.35,22,,Stock,1,,0,0,0,0,0,0,0,,0,0,,3000-12-31T00:00:00,2023-04-21T14:52:34.94,11,DECORAZIONE,42,"Profuma ambienti",,,BASIC,,Array,,,
25974,96534281,0,259743,"profumo ambiente 250 frag. lotus nero vetro",POLVEND1,SPA,"CARBALINE S.R.L.",CARB04,"CARBALINE S.R.L.",CARB04,16.35,7.38,16.35,16.35,22,,Stock,1,,0,0,0,0,0,0,0,,0,0,,3000-12-31T00:00:00,2023-04-21T14:52:34.987,11,DECORAZIONE,42,"Profuma ambienti",,,BASIC,,Array,,,
22442,21684081,88,224420,"specchio cm.93x90",POLVEND3,JOYA,"JULIA GRUP FURNITURE SOLUTIONS S.L.",JULI03,"JULIA GRUP FURNITURE SOLUTIONS S.L.",JULI03,147.12.00,67.03.00,147.12.00,147.12.00,22,,Riferimento,1,,0,0,0,0,0,0,0,,0,0,,3000-12-31T00:00:00,2023-04-26T09:29:10.56,11,DECORAZIONE,51,Specchi,,,BASIC,,Array,,,
26809,22209108,0,8056684355914,"centrifuga multi",POLVEND1,SALAD,"NOI SRL",NOIS02,"NOI SRL",NOIS02,14.29,5.5,14.29,14.29,22,,Stock,1,,0,0,0,0,0,0,0,,0,0,,3000-12-31T00:00:00,2023-04-27T14:35:46.777,10,CASALINGHI,43,"Insalatiere e ciotole",,,BASIC,,Array,,,
26810,22209146,0,8056684356751,"contenitore acciaio galvanizzato c/coperchio  bamboo nero-naturale",POLVEND1,TEA,"NOI SRL",NOIS02,"NOI SRL",NOIS02,11.01,5.05,11.01,11.01,22,,Stock,1,,0,0,0,0,0,0,0,,0,0,,3000-12-31T00:00:00,2023-04-27T14:35:46.81,10,CASALINGHI,21,"Barattoli e contenitori",,,BASIC,,Array,,,
26812,22209122,0,8056684356737,"contenitore acciaio galvanizzato c/coperchio  bamboo nero-naturale",POLVEND1,COFFEE,"NOI SRL",NOIS02,"NOI SRL",NOIS02,8.19,3.6,8.19,8.19,22,,Stock,1,,0,0,0,0,0,0,0,,0,0,,3000-12-31T00:00:00,2023-04-27T14:35:46.84,10,CASALINGHI,21,"Barattoli e contenitori",,,BASIC,,Array,,,
26814,22209115,0,8056684356720,"contenitore acciaio galvanizzato c/coperchio  bamboo nero-naturale",POLVEND1,SUGAR,"NOI SRL",NOIS02,"NOI SRL",NOIS02,8.19,3.6,8.19,8.19,22,,Stock,1,,0,0,0,0,0,0,0,,0,0,,3000-12-31T00:00:00,2023-04-27T14:35:46.857,10,CASALINGHI,21,"Barattoli e contenitori",,,BASIC,,Array,,,
26815,22209177,0,8056684358151,"set 4 coltelli  nero",POLVEND1,CHEF,"NOI SRL",NOIS02,"NOI SRL",NOIS02,33.15.00,15.25,33.15.00,33.15.00,22,,Stock,1,,0,0,0,0,0,0,0,,0,0,,3000-12-31T00:00:00,2023-04-27T14:35:46.873,10,CASALINGHI,17,"Taglieri e coltelli",,,BASIC,,Array,,,
26816,22222152,200,8056585110155,"set 6pz bicchieri vetro multi",POLVEND1,COLOURS,"NOI SRL",NOIS02,"NOI SRL",NOIS02,19.21,7,19.21,19.21,22,,Stock,1,,0,0,0,0,0,0,0,,0,0,,3000-12-31T00:00:00,2023-04-27T14:35:46.887,10,CASALINGHI,44,Bicchieri,,,BASIC,,Array,,,
26831,21269066,0,8056684354641,"set 6 coltelli lama seghettata acciaio manico pp nero 22cm",POLVEND1,T-BONE,"NOI SRL",NOIS02,"NOI SRL",NOIS02,11.01,5.19,11.01,11.01,22,,Stock,1,,0,0,0,0,0,0,0,,0,0,,3000-12-31T00:00:00,2023-04-27T14:35:47.013,10,CASALINGHI,46,"Posate singole e in set",,,BASIC,,Array,,,
26832,21333323,0,8056684358229,"sottopentola maiolica ceramica e fondo in sughero ass",POLVEND1,MAYO,"NOI SRL",NOIS02,"NOI SRL",NOIS02,6.55,3.17,6.55,6.55,22,,Stock,1,,0,0,0,0,0,0,0,,0,0,,3000-12-31T00:00:00,2023-04-27T14:35:47.027,10,CASALINGHI,49,"Accessori vari",,,BASIC,,Array,,,
26842,20852481,0,8003512613920,"6pz calici cl.61",POLVEND1,BAROLO,"PENGO SPA",PENG02,"PENGO SPA",PENG02,12.25,6.31,12.25,12.25,22,,Stock,1,,0,0,0,0,0,0,0,,0,0,,3000-12-31T00:00:00,2023-04-27T15:25:19.017,10,CASALINGHI,44,Bicchieri,,,BASIC,,Array,,,
26848,21267949,0,8003512730382,"barattolo brs t/bambu'cc600",POLVEND1,PANDA,"PENGO SPA",PENG02,"PENGO SPA",PENG02,11.01,4.23,11.01,11.01,22,,Stock,1,,0,0,0,0,0,0,0,,0,0,,3000-12-31T00:00:00,2023-04-27T15:25:19.08,10,CASALINGHI,21,"Barattoli e contenitori",,,BASIC,,Array,,,
26849,58817759,0,8003512976049,"bicchiere acqua 35 trasp arente vetro",POLVEND1,LIGHT,"PENGO SPA",PENG02,"PENGO SPA",PENG02,2.03,1.19,2.03,2.03,22,,Stock,1,,0,0,0,0,0,0,0,,0,0,,3000-12-31T00:00:00,2023-04-27T15:25:19.097,10,CASALINGHI,44,Bicchieri,,,BASIC,,Array,,,
26864,20959111,0,8003512677458,"bicchiere vetro sfumature bianco 23 cl",POLVEND1,BLEND,"PENGO SPA",PENG02,"PENGO SPA",PENG02,3.27,2.09,3.27,3.27,22,,Stock,1,,0,0,0,0,0,0,0,,0,0,,3000-12-31T00:00:00,2023-04-27T15:25:19.22,10,CASALINGHI,44,Bicchieri,,,BASIC,,Array,,,
26876,22191243,0,268769,"brocca vetro borosilicato lt2",POLVEND1,CHLOE,"PENGO SPA",PENG02,"PENGO SPA",PENG02,14.29,6.55,14.29,14.29,22,,Stock,1,,0,0,0,0,0,0,0,,0,0,,3000-12-31T00:00:00,2023-04-27T15:25:19.317,10,CASALINGHI,44,Bicchieri,,,BASIC,,Array,,,
26879,55618199,0,8003912838862,"ciotola 18,5 traspar ente vetro borosilicato",POLVEND1,INVISIBLE,"PENGO SPA",PENG02,"PENGO SPA",PENG02,8.19,3.4,8.19,8.19,22,,Stock,1,,0,0,0,0,0,0,0,,0,0,,3000-12-31T00:00:00,2023-04-27T15:25:19.33,10,CASALINGHI,43,"Insalatiere e ciotole",,,BASIC,,Array,,,
26884,22221988,0,8003512590023,"ciotola d.12cm  multi",POLVEND1,KIMONO,"PENGO SPA",PENG02,"PENGO SPA",PENG02,5.31,2.42,5.31,5.31,22,,Stock,1,,0,0,0,0,0,0,0,,0,0,,3000-12-31T00:00:00,2023-04-27T15:25:19.377,10,CASALINGHI,43,"Insalatiere e ciotole",,,FUSION,,Array,,,
26899,60342904,0,8003512638879,"coppa diam.22 trasp. vetro borosilicato",POLVEND1,INVISIBLE,"PENGO SPA",PENG02,"PENGO SPA",PENG02,11.01,5.04,11.01,11.01,22,,Stock,1,,0,0,0,0,0,0,0,,0,0,,3000-12-31T00:00:00,2023-04-27T15:25:21.067,10,CASALINGHI,43,"Insalatiere e ciotole",,,BASIC,,Array,,,
26906,60569028,0,8003512695056,"insalatiera cm.22 bianc o ston.",POLVEND1,DANISH,"PENGO SPA",PENG02,"PENGO SPA",PENG02,8.19,3.56,8.19,8.19,22,,Stock,1,,0,0,0,0,0,0,0,,0,0,,3000-12-31T00:00:00,2023-04-27T15:25:21.127,10,CASALINGHI,43,"Insalatiere e ciotole",,,BASIC,,Array,,,
26913,22150592,0,8003512761911,"nero tovaglietta pet/pl nero cm38",POLVEND1,"BREACK NERO","PENGO SPA",PENG02,"PENGO SPA",PENG02,4.09,2.35,4.09,4.09,22,,Stock,1,,0,0,0,0,0,0,0,,0,0,,3000-12-31T00:00:00,2023-04-27T15:25:21.173,9,TESSILE,51,"Tovaglie,tovaglitte,tovaglioli",,,BASIC,,Array,,,
26921,59653592,0,8003512649646,"piatto fondo 20.5 bianco porcellana",POLVEND1,OSLO,"PENGO SPA",PENG02,"PENGO SPA",PENG02,5.31,2.32,5.31,5.31,22,,Stock,1,,0,0,0,0,0,0,0,,0,0,,3000-12-31T00:00:00,2023-04-27T15:25:21.237,10,CASALINGHI,41,Piatti,,,BASIC,,Array,,,
26922,21870873,0,8003512695025,"piatto fondo bianco cm 20",POLVEND1,DANISH,"PENGO SPA",PENG02,"PENGO SPA",PENG02,4.09,2.21,4.09,4.09,22,,Stock,1,,0,0,0,0,0,0,0,,0,0,,3000-12-31T00:00:00,2023-04-27T15:25:21.237,10,CASALINGHI,41,Piatti,,,BASIC,,Array,,,
26923,22221896,0,8003512782824,"piatto fondo d.19cm avorio",POLVEND1,NATURE,"PENGO SPA",PENG02,"PENGO SPA",PENG02,5.31,2.39,5.31,5.31,22,,Stock,1,,0,0,0,0,0,0,0,,0,0,,3000-12-31T00:00:00,2023-04-27T15:25:21.253,10,CASALINGHI,41,Piatti,,,BASIC,,Array,,,
26924,22221940,0,8003512771484,"piatto fondo d.21cm multi",POLVEND1,KIMONO,"PENGO SPA",PENG02,"PENGO SPA",PENG02,5.31,2.28,5.31,5.31,22,,Stock,1,,0,0,0,0,0,0,0,,0,0,,3000-12-31T00:00:00,2023-04-27T15:25:21.253,10,CASALINGHI,41,Piatti,,,FUSION,,Array,,,
26925,21870842,200,8003512695124,"piatto fondo nero cm 20",POLVEND1,DANISH,"PENGO SPA",PENG02,"PENGO SPA",PENG02,4.09,2.02,4.09,4.09,22,,Stock,1,,0,0,0,0,0,0,0,,0,0,,3000-12-31T00:00:00,2023-04-27T15:25:21.253,10,CASALINGHI,41,Piatti,,,BASIC,,Array,,,
26932,59653455,0,8003512649653,"piatto frutta 19 bianco p orcellana",POLVEND1,OSLO,"PENGO SPA",PENG02,"PENGO SPA",PENG02,5.31,2.32,5.31,5.31,22,,Stock,1,,0,0,0,0,0,0,0,,0,0,,3000-12-31T00:00:00,2023-04-27T15:25:21.317,10,CASALINGHI,41,Piatti,,,BASIC,,Array,,,
26934,21870880,0,8003512695032,"piatto frutta bianco cm 20",POLVEND1,DANISH,"PENGO SPA",PENG02,"PENGO SPA",PENG02,4.09,2.17,4.09,4.09,22,,Stock,1,,0,0,0,0,0,0,0,,0,0,,3000-12-31T00:00:00,2023-04-27T15:25:21.33,10,CASALINGHI,41,Piatti,,,BASIC,,Array,,,
26935,22221919,0,8003512782831,"piatto frutta d.19cm avorio",POLVEND1,NATURE,"PENGO SPA",PENG02,"PENGO SPA",PENG02,4.09,2.05,4.09,4.09,22,,Stock,1,,0,0,0,0,0,0,0,,0,0,,3000-12-31T00:00:00,2023-04-27T15:25:21.33,10,CASALINGHI,41,Piatti,,,BASIC,,Array,,,
26936,22221926,0,8003512771491,"piatto frutta d.19cm multi",POLVEND1,KIMONO,"PENGO SPA",PENG02,"PENGO SPA",PENG02,4.09,2.02,4.09,4.09,22,,Stock,1,,0,0,0,0,0,0,0,,0,0,,3000-12-31T00:00:00,2023-04-27T15:25:21.347,10,CASALINGHI,41,Piatti,,,FUSION,,Array,,,
26942,59653486,0,8003512649639,"piatto piano 26 bianco po rcellana",POLVEND1,OSLO,"PENGO SPA",PENG02,"PENGO SPA",PENG02,6.13,2.32,6.13,6.13,22,,Stock,1,,0,0,0,0,0,0,0,,0,0,,3000-12-31T00:00:00,2023-04-27T15:25:22.94,10,CASALINGHI,41,Piatti,,,BASIC,,Array,,,
26943,21870866,0,8003512695018,"piatto piano bianco cm 26",POLVEND1,DANISH,"PENGO SPA",PENG02,"PENGO SPA",PENG02,6.13,2.52,6.13,6.13,22,,Stock,1,,0,0,0,0,0,0,0,,0,0,,3000-12-31T00:00:00,2023-04-27T15:25:22.94,10,CASALINGHI,41,Piatti,,,BASIC,,Array,,,
26947,22221902,0,8003512782817,"piatto piano d.27cm avorio",POLVEND1,NATURE,"PENGO SPA",PENG02,"PENGO SPA",PENG02,6.13,3.31,6.13,6.13,22,,Stock,1,,0,0,0,0,0,0,0,,0,0,,3000-12-31T00:00:00,2023-04-27T15:25:22.973,10,CASALINGHI,41,Piatti,,,BASIC,,Array,,,
26948,22221933,0,8003512771477,"piatto piano d.27cm multi",POLVEND1,KIMONO,"PENGO SPA",PENG02,"PENGO SPA",PENG02,6.55,3.35,6.55,6.55,22,,Stock,1,,0,0,0,0,0,0,0,,0,0,,3000-12-31T00:00:00,2023-04-27T15:25:22.973,10,CASALINGHI,41,Piatti,,,FUSION,,Array,,,
26949,21870835,200,8003512695117,"piatto piano nero cm 26",POLVEND1,DANISH,"PENGO SPA",PENG02,"PENGO SPA",PENG02,6.13,2.49,6.13,6.13,22,,Stock,1,,0,0,0,0,0,0,0,,0,0,,3000-12-31T00:00:00,2023-04-27T15:25:22.973,10,CASALINGHI,41,Piatti,,,BASIC,,Array,,,
26957,21342448,0,8003512698545,"piatto risotto/dolce/pasta d. 28 bianco stoneware opaco",POLVEND1,DANISH,"PENGO SPA",PENG02,"PENGO SPA",PENG02,6.55,3.25,6.55,6.55,22,,Stock,1,,0,0,0,0,0,0,0,,0,0,,3000-12-31T00:00:00,2023-04-27T15:25:23.02,10,CASALINGHI,41,Piatti,,,BASIC,,Array,,,
26959,60568984,0,8003512695049,"piatto tondo cm.32 bianco ston.",POLVEND1,DANISH,"PENGO SPA",PENG02,"PENGO SPA",PENG02,7.37,3.48,7.37,7.37,22,,Stock,1,,0,0,0,0,0,0,0,,0,0,,3000-12-31T00:00:00,2023-04-27T15:25:23.02,10,CASALINGHI,41,Piatti,,,BASIC,,Array,,,
26960,60568977,200,8003512695148,"piatto tondo cm.32 nero ston.",POLVEND1,DANISH,"PENGO SPA",PENG02,"PENGO SPA",PENG02,7.37,3.3,7.37,7.37,22,,Stock,1,,0,0,0,0,0,0,0,,0,0,,3000-12-31T00:00:00,2023-04-27T15:25:23.033,10,CASALINGHI,41,Piatti,,,BASIC,,Array,,,
26964,40747491,0,8714793364943,"rinfrescatore 48x32x23 ne ro plastica",POLVEND1,WINE,"PENGO SPA",PENG02,"PENGO SPA",PENG02,24.55.00,12.37,24.55.00,24.55.00,22,,Stock,1,,0,0,0,0,0,0,0,,0,0,,3000-12-31T00:00:00,2023-04-27T15:25:23.05,10,CASALINGHI,49,"Accessori vari",,,BASIC,,Array,,,
26971,21183706,0,8693357407077,"set 6 bicchieri con fondo colorato cl 25.5",POLVEND1,DRINKY,"PENGO SPA",PENG02,"PENGO SPA",PENG02,11.01,5.32,11.01,11.01,22,,Stock,1,,0,0,0,0,0,0,0,,0,0,,3000-12-31T00:00:00,2023-04-27T15:25:23.113,10,CASALINGHI,44,Bicchieri,,,BASIC,,Array,,,
26972,21335464,0,8004360087772,"set 6 bicchieri vetro line rosa cl 29",POLVEND1,TIMELESS,"PENGO SPA",PENG02,"PENGO SPA",PENG02,8.19,3.52,8.19,8.19,22,,Stock,1,,0,0,0,0,0,0,0,,0,0,,3000-12-31T00:00:00,2023-04-27T15:25:23.127,10,CASALINGHI,44,Bicchieri,,,BASIC,,Array,,,
26974,20195229,0,8003512702457,"set 6 tazzine caffe decorativo",POLVEND1,TEXTURE,"PENGO SPA",PENG02,"PENGO SPA",PENG02,29.05.00,12.23,29.05.00,29.05.00,22,,Stock,1,,0,0,0,0,0,0,0,,0,0,,3000-12-31T00:00:00,2023-04-27T15:25:23.143,10,CASALINGHI,42,"Tazze(caffe',the,mug,colaz.)",,,BASIC,,Array,,,
26981,57338514,0,8693357016873,"tazza caffe' c/piattino trasparente vetro",POLVEND1,NIKITA,"PENGO SPA",PENG02,"PENGO SPA",PENG02,3.27,1.4,3.27,3.27,22,,Stock,1,,0,0,0,0,0,0,0,,0,0,,3000-12-31T00:00:00,2023-04-27T15:25:23.207,10,CASALINGHI,42,"Tazze(caffe',the,mug,colaz.)",,,BASIC,,Array,,,
26984,20195236,0,8003512702419,"tazza da te decorativo",POLVEND1,TEXTURE,"PENGO SPA",PENG02,"PENGO SPA",PENG02,3.27,1.51,3.27,3.27,22,,Stock,1,,0,0,0,0,0,0,0,,0,0,,3000-12-31T00:00:00,2023-04-27T15:25:23.237,10,CASALINGHI,42,"Tazze(caffe',the,mug,colaz.)",,,BASIC,,Array,,,
26987,22222008,0,8003512774300,"tovaglietta   multi",POLVEND1,KIMONO,"PENGO SPA",PENG02,"PENGO SPA",PENG02,3.27,0.9,3.27,3.27,22,,Stock,1,,0,0,0,0,0,0,0,,0,0,,3000-12-31T00:00:00,2023-04-27T15:25:23.27,9,TESSILE,51,"Tovaglie,tovaglitte,tovaglioli",,,FUSION,,Array,,,
27118,60592545,0,3014627846818,"tenda 135x260 bianco 100% poly",POLVEND1,BREEZE,"SA STOF",STOF02,"SA STOF",STOF02,11.01,3.8,11.01,11.01,22,,Stock,1,,0,0,0,0,0,0,0,,0,0,,3000-12-31T00:00:00,2023-04-27T17:45:52.58,9,TESSILE,41,"Tende in tessuto",,,,,Array,,,
27126,22485304,0,3665269252743,"spugna ospite 30x50cm antracite 100% cotone",POLVEND1,DAILY,"SA STOF",STOF02,"SA STOF",STOF02,3.27,1,3.27,3.27,22,,Stock,1,,0,0,0,0,0,0,0,,0,0,,3000-12-31T00:00:00,2023-04-27T17:45:52.657,9,TESSILE,21,Spugna,,,BASIC,,Array,,,
27127,22485359,0,3665269252897,"spugna telo doccia 70x140cm canapa 100% cotone",POLVEND1,DAILY,"SA STOF",STOF02,"SA STOF",STOF02,12.25,5.2,12.25,12.25,22,,Stock,1,,0,0,0,0,0,0,0,,0,0,,3000-12-31T00:00:00,2023-04-27T17:45:52.657,9,TESSILE,21,Spugna,,,BASIC,,Array,,,
27128,22485373,0,3665269255577,"spugna 50x90cm nero 100% cotone",POLVEND1,DAILY,"SA STOF",STOF02,"SA STOF",STOF02,6.55,2.4,6.55,6.55,22,,Stock,1,,0,0,0,0,0,0,0,,0,0,,3000-12-31T00:00:00,2023-04-27T17:45:52.673,9,TESSILE,21,Spugna,,,RAW,,Array,,,
27129,22485380,0,3665269255584,"spugna telo doccia 70x140cm nero 100% cotone",POLVEND1,DAILY,"SA STOF",STOF02,"SA STOF",STOF02,12.25,5.2,12.25,12.25,22,,Stock,1,,0,0,0,0,0,0,0,,0,0,,3000-12-31T00:00:00,2023-04-27T17:45:52.687,9,TESSILE,21,Spugna,,,RAW,,Array,,,
27130,22485243,0,3665269252705,"spugna ospite 30x50cm eucalipto 100% cotone",POLVEND1,DAILY,"SA STOF",STOF02,"SA STOF",STOF02,3.27,1,3.27,3.27,22,,Stock,1,,0,0,0,0,0,0,0,,0,0,,3000-12-31T00:00:00,2023-04-27T17:45:52.687,9,TESSILE,21,Spugna,,,FUSION,,Array,,,
27131,22485311,0,3665269252842,"spugna 50x90cm antracite 100% cotone",POLVEND1,DAILY,"SA STOF",STOF02,"SA STOF",STOF02,6.55,2.4,6.55,6.55,22,,Stock,1,,0,0,0,0,0,0,0,,0,0,,3000-12-31T00:00:00,2023-04-27T17:45:52.703,9,TESSILE,21,Spugna,,,BASIC,,Array,,,
27132,22485274,0,3665269252767,"spugna ospite 30x50cm senape 100% cotone",POLVEND1,DAILY,"SA STOF",STOF02,"SA STOF",STOF02,3.27,1,3.27,3.27,22,,Stock,1,,0,0,0,0,0,0,0,,0,0,,3000-12-31T00:00:00,2023-04-27T17:45:52.703,9,TESSILE,21,Spugna,,,FUSION,,Array,,,
27133,22485366,0,3665269255560,"spugna ospite 30x50cm nero 100% cotone",POLVEND1,DAILY,"SA STOF",STOF02,"SA STOF",STOF02,3.27,1,3.27,3.27,22,,Stock,1,,0,0,0,0,0,0,0,,0,0,,3000-12-31T00:00:00,2023-04-27T17:45:52.72,9,TESSILE,21,Spugna,,,RAW,,Array,,,
27135,22485342,0,3665269252798,"spugna 50x90cm canapa 100% cotone",POLVEND1,DAILY,"SA STOF",STOF02,"SA STOF",STOF02,6.55,2.4,6.55,6.55,22,,Stock,1,,0,0,0,0,0,0,0,,0,0,,3000-12-31T00:00:00,2023-04-27T17:45:52.733,9,TESSILE,21,Spugna,,,BASIC,,Array,,,
27137,22485229,0,3665269252828,"spugna 50x90cm ottanio 100% cotone",POLVEND1,DAILY,"SA STOF",STOF02,"SA STOF",STOF02,6.55,2.4,6.55,6.55,22,,Stock,1,,0,0,0,0,0,0,0,,0,0,,3000-12-31T00:00:00,2023-04-27T17:45:52.75,9,TESSILE,21,Spugna,,,ICON,,Array,,,
27138,22485250,0,3665269252804,"spugna 50x90cm eucalipto 100% cotone",POLVEND1,DAILY,"SA STOF",STOF02,"SA STOF",STOF02,6.55,2.4,6.55,6.55,22,,Stock,1,,0,0,0,0,0,0,0,,0,0,,3000-12-31T00:00:00,2023-04-27T17:45:52.75,9,TESSILE,21,Spugna,,,FUSION,,Array,,,
27139,22485335,0,3665269252699,"spugna ospite 30x50cm canapa 100% cotone",POLVEND1,DAILY,"SA STOF",STOF02,"SA STOF",STOF02,3.27,1,3.27,3.27,22,,Stock,1,,0,0,0,0,0,0,0,,0,0,,3000-12-31T00:00:00,2023-04-27T17:45:52.75,9,TESSILE,21,Spugna,,,BASIC,,Array,,,
27142,22485236,0,3665269252927,"spugna telo doccia 70x140cm ottanio 100% cotone",POLVEND1,DAILY,"SA STOF",STOF02,"SA STOF",STOF02,12.25,5.2,12.25,12.25,22,,Stock,1,,0,0,0,0,0,0,0,,0,0,,3000-12-31T00:00:00,2023-04-27T17:45:52.767,9,TESSILE,21,Spugna,,,ICON,,Array,,,
27143,22485267,0,3665269252903,"spugna telo doccia 70x140cm eucalipto 100% cotone",POLVEND1,DAILY,"SA STOF",STOF02,"SA STOF",STOF02,12.25,5.2,12.25,12.25,22,,Stock,1,,0,0,0,0,0,0,0,,0,0,,3000-12-31T00:00:00,2023-04-27T17:45:52.78,9,TESSILE,21,Spugna,,,FUSION,,Array,,,
27144,22485281,0,3665269252866,"spugna 50x90cm senape 100% cotone",POLVEND1,DAILY,"SA STOF",STOF02,"SA STOF",STOF02,6.55,2.4,6.55,6.55,22,,Stock,1,,0,0,0,0,0,0,0,,0,0,,3000-12-31T00:00:00,2023-04-27T17:45:52.78,9,TESSILE,21,Spugna,,,FUSION,,Array,,,
27147,22485212,0,3665269252729,"spugna ospite 30x50cm ottanio 100% cotone",POLVEND1,DAILY,"SA STOF",STOF02,"SA STOF",STOF02,3.27,1,3.27,3.27,22,,Stock,1,,0,0,0,0,0,0,0,,0,0,,3000-12-31T00:00:00,2023-04-27T17:45:52.797,9,TESSILE,21,Spugna,,,ICON,,Array,,,
27148,22485298,0,3665269252965,"spugna telo doccia 70x140cm senape 100% cotone",POLVEND1,DAILY,"SA STOF",STOF02,"SA STOF",STOF02,12.25,5.2,12.25,12.25,22,,Stock,1,,0,0,0,0,0,0,0,,0,0,,3000-12-31T00:00:00,2023-04-27T17:45:52.813,9,TESSILE,21,Spugna,,,FUSION,,Array,,,
27151,22485328,0,3665269252941,"spugna telo doccia 70x140cm antracite 100% cotone",POLVEND1,DAILY,"SA STOF",STOF02,"SA STOF",STOF02,12.25,5.2,12.25,12.25,22,,Stock,1,,0,0,0,0,0,0,0,,0,0,,3000-12-31T00:00:00,2023-04-27T17:45:52.83,9,TESSILE,21,Spugna,,,BASIC,,Array,,,
27176,22485199,0,3665269241686,"copripiumino matrim.240x220cm lino",POLVEND1,LAND,"SA STOF",STOF02,"SA STOF",STOF02,37.24.00,13.9,41.34.00,41.34.00,22,,Stock,1,,0,0,0,0,0,0,0,,0,0,,3000-12-31T00:00:00,2023-04-27T17:45:54.547,9,TESSILE,12,Copripiumini,,,BASIC,,Array,,,
27212,22141378,0,3665269013276,"tenda cm.140x260  bianco 100%poliestere",POLVEND1,MARY,"SA STOF",STOF02,"SA STOF",STOF02,20.45,7.9,20.45,20.45,22,,Stock,1,,0,0,0,0,0,0,0,,0,0,,3000-12-31T00:00:00,2023-04-27T17:45:56.343,9,TESSILE,41,"Tende in tessuto",,,,,Array,,,
27216,22485496,0,3665269233353,"set copripiumino matrim.c/2 federe 240x220cm perla-grigio 100%cotone",POLVEND1,MOON,"SA STOF",STOF02,"SA STOF",STOF02,41.34.00,15.9,45.04.00,45.04.00,22,,Stock,1,,0,0,0,0,0,0,0,,0,0,,3000-12-31T00:00:00,2023-04-27T17:45:56.377,9,TESSILE,12,Copripiumini,,,BASIC,,Array,,,
27223,22485083,0,3665269233322,"set copripiumino matrim.c/2 federe 240x220cm multi",POLVEND1,NUIT,"SA STOF",STOF02,"SA STOF",STOF02,41.34.00,15.9,45.04.00,45.04.00,22,,Stock,1,,0,0,0,0,0,0,0,,0,0,,3000-12-31T00:00:00,2023-04-27T17:45:56.437,9,TESSILE,12,Copripiumini,,,ICON,,Array,,,
27228,21971266,0,3665269168174,"copripiumino c/2 federe cm.240x220 nero 100% coton",POLVEND1,PARROT,"SA STOF",STOF02,"SA STOF",STOF02,49.14.00,20.9,49.14.00,49.14.00,22,,Stock,1,,0,0,0,0,0,0,0,,0,0,,3000-12-31T00:00:00,2023-04-27T17:45:56.47,9,TESSILE,12,Copripiumini,,,,,Array,,,
27239,21704437,0,3665269103601,"plaid 130x160 cm mostarda 100% pe",POLVEND1,SINGLE,"SA STOF",STOF02,"SA STOF",STOF02,20.45,8.9,20.45,20.45,22,,Stock,1,,0,0,0,0,0,0,0,,0,0,,3000-12-31T00:00:00,2023-04-27T17:45:56.533,9,TESSILE,14,"Coperte, Copriletti e Plaid",,,,,Array,,,
27241,22141286,0,3665269205367,"set copripiumino matr.c/2federe 100%cotone cm.240x220+63x63",POLVEND1,SOPHIE,"SA STOF",STOF02,"SA STOF",STOF02,41.34.00,16.9,45.04.00,45.04.00,22,,Stock,1,,0,0,0,0,0,0,0,,0,0,,2023-06-08T00:00:00,2023-04-27T17:45:56.547,9,TESSILE,12,Copripiumini,,,,,Array,,,
27244,21971297,0,3665269085013,"cuscino cm.60x60 senape 50% coton50% polyester",POLVEND1,SUN,"SA STOF",STOF02,"SA STOF",STOF02,24.55.00,10.6,24.55.00,24.55.00,22,,Stock,1,,0,0,0,0,0,0,0,,0,0,,3000-12-31T00:00:00,2023-04-27T17:45:56.563,9,TESSILE,44,"Cuscini d'arredamento",,,,,Array,,,
27246,21704413,0,3665269095203,"tenda 135x260 cm oro 100%pe righe",POLVEND1,THEATER,"SA STOF",STOF02,"SA STOF",STOF02,20.45,7.5,20.45,20.45,22,,Stock,1,,0,0,0,0,0,0,0,,0,0,,3000-12-31T00:00:00,2023-04-27T17:45:56.58,9,TESSILE,41,"Tende in tessuto",,,,,Array,,,
27249,22488688,0,3665269134315,"lenzuolo sopra 2p 240x300cm verde eucalipto 100%cotone",POLVEND1,TREND,"SA STOF",STOF02,"SA STOF",STOF02,29.05.00,14.9,29.05.00,29.05.00,22,,Stock,1,,0,0,0,0,0,0,0,,0,0,,3000-12-31T00:00:00,2023-04-27T17:45:56.593,9,TESSILE,13,"Lenzuola e federe",,,BASIC,,Array,,,
27250,22488701,0,3665269133516,"lenzuolo sopra 2p 240x300cm colore lino 100%cotone",POLVEND1,TREND,"SA STOF",STOF02,"SA STOF",STOF02,29.05.00,14.9,29.05.00,29.05.00,22,,Stock,1,,0,0,0,0,0,0,0,,0,0,,3000-12-31T00:00:00,2023-04-27T17:45:56.61,9,TESSILE,13,"Lenzuola e federe",,,BASIC,,Array,,,
27251,22488763,0,3665269134025,"lenzuolo sopra 2p 240x300cm terracotta 100%cotone",POLVEND1,TREND,"SA STOF",STOF02,"SA STOF",STOF02,24.55.00,11.9,29.05.00,29.05.00,22,,Stock,1,,0,0,0,0,0,0,0,,0,0,,3000-12-31T00:00:00,2023-04-27T17:45:56.61,9,TESSILE,13,"Lenzuola e federe",,,FUSION,,Array,,,
27253,22488695,0,3665269133899,"lenzuolo sopra 2p 240x300cm senape 100%cotone",POLVEND1,TREND,"SA STOF",STOF02,"SA STOF",STOF02,29.05.00,14.9,29.05.00,29.05.00,22,,Stock,1,,0,0,0,0,0,0,0,,0,0,,3000-12-31T00:00:00,2023-04-27T17:45:56.627,9,TESSILE,13,"Lenzuola e federe",,,FUSION,,Array,,,
27254,22488756,0,3665269134100,"lenzuolo sotto 2p con gli angoli 180x200cm terracotta 100%cotone",POLVEND1,TREND,"SA STOF",STOF02,"SA STOF",STOF02,20.45,9.8,24.55.00,24.55.00,22,,Stock,1,,0,0,0,0,0,0,0,,0,0,,3000-12-31T00:00:00,2023-04-27T17:45:56.64,9,TESSILE,13,"Lenzuola e federe",,,FUSION,,Array,,,
27255,22488589,0,3665269134339,"federa 50x80cm verde eucalipto 100% cotone",POLVEND1,TREND,"SA STOF",STOF02,"SA STOF",STOF02,6.55,3.2,6.55,6.55,22,,Stock,1,,0,0,0,0,0,0,0,,0,0,,3000-12-31T00:00:00,2023-04-27T17:45:58.11,9,TESSILE,13,"Lenzuola e federe",,,BASIC,,Array,,,
27256,22488596,0,3665269133912,"federa 50x80cm senape 100% cotone",POLVEND1,TREND,"SA STOF",STOF02,"SA STOF",STOF02,6.55,3.2,6.55,6.55,22,,Stock,1,,0,0,0,0,0,0,0,,0,0,,3000-12-31T00:00:00,2023-04-27T17:45:58.127,9,TESSILE,13,"Lenzuola e federe",,,FUSION,,Array,,,
27257,22488671,0,3665269134445,"lenzuolo sopra 2p 240x300cm ottanio 100%cotone",POLVEND1,TREND,"SA STOF",STOF02,"SA STOF",STOF02,29.05.00,14.9,29.05.00,29.05.00,22,,Stock,1,,0,0,0,0,0,0,0,,0,0,,3000-12-31T00:00:00,2023-04-27T17:45:58.14,9,TESSILE,13,"Lenzuola e federe",,,ICON,,Array,,,
27259,22488633,0,3665269134391,"lenzuolo sotto 2p con gli angoli 180x200cm verde eucalipto 100%cotone",POLVEND1,TREND,"SA STOF",STOF02,"SA STOF",STOF02,24.55.00,12.9,24.55.00,24.55.00,22,,Stock,1,,0,0,0,0,0,0,0,,0,0,,3000-12-31T00:00:00,2023-04-27T17:45:58.157,9,TESSILE,13,"Lenzuola e federe",,,BASIC,,Array,,,
27260,22488640,0,3665269133974,"lenzuolo sotto 2p con gli angoli 180x200cm senape 100%cotone",POLVEND1,TREND,"SA STOF",STOF02,"SA STOF",STOF02,24.55.00,12.9,24.55.00,24.55.00,22,,Stock,1,,0,0,0,0,0,0,0,,0,0,,3000-12-31T00:00:00,2023-04-27T17:45:58.157,9,TESSILE,13,"Lenzuola e federe",,,FUSION,,Array,,,
27261,22488718,0,3665269134599,"federa 50x80cm verde cachi 100%cotone",POLVEND1,TREND,"SA STOF",STOF02,"SA STOF",STOF02,6.55,3.2,6.55,6.55,22,,Stock,1,,0,0,0,0,0,0,0,,0,0,,3000-12-31T00:00:00,2023-04-27T17:45:58.173,9,TESSILE,13,"Lenzuola e federe",,,BASIC,,Array,,,
27264,22488602,0,3665269133547,"federa 50x80cm colore lino 100% cotone",POLVEND1,TREND,"SA STOF",STOF02,"SA STOF",STOF02,6.55,3.2,6.55,6.55,22,,Stock,1,,0,0,0,0,0,0,0,,0,0,,3000-12-31T00:00:00,2023-04-27T17:45:58.19,9,TESSILE,13,"Lenzuola e federe",,,BASIC,,Array,,,
27265,22488619,0,3665269133721,"lenzuolo sotto 2p con gli angoli 180x200cm antracite 100%cotone",POLVEND1,TREND,"SA STOF",STOF02,"SA STOF",STOF02,20.45,9.8,24.55.00,24.55.00,22,,Stock,1,,0,0,0,0,0,0,0,,0,0,,3000-12-31T00:00:00,2023-04-27T17:45:58.203,9,TESSILE,13,"Lenzuola e federe",,,RAW,,Array,,,
27266,22488657,0,3665269133592,"lenzuolo sotto 2p con gli angoli 180x200cm colore lino 100%cotone",POLVEND1,TREND,"SA STOF",STOF02,"SA STOF",STOF02,24.55.00,12.9,24.55.00,24.55.00,22,,Stock,1,,0,0,0,0,0,0,0,,0,0,,3000-12-31T00:00:00,2023-04-27T17:45:58.203,9,TESSILE,13,"Lenzuola e federe",,,BASIC,,Array,,,
27270,22488787,0,272704,"lenzuolo sotto 2p con gli angoli 180x200cm argento 100%cotone",POLVEND1,TREND,"SA STOF",STOF02,"SA STOF",STOF02,20.45,9.8,24.55.00,24.55.00,22,,Stock,1,,0,0,0,0,0,0,0,,0,0,,3000-12-31T00:00:00,2023-04-27T17:45:58.237,9,TESSILE,13,"Lenzuola e federe",,,BASIC,,Array,,,
27271,22485397,0,3665269133998,"copripiumino matrimoniale 240x220cm 100% cotone senape",POLVEND1,TREND,"SA STOF",STOF02,"SA STOF",STOF02,41.34.00,19.9,41.34.00,41.34.00,22,,Stock,1,,0,0,0,0,0,0,0,,0,0,,3000-12-31T00:00:00,2023-04-27T17:45:58.237,9,TESSILE,12,Copripiumini,,,BASIC,,Array,,,
27272,22488572,0,3665269141825,"federa 50x80cm ottanio 100% cotone",POLVEND1,TREND,"SA STOF",STOF02,"SA STOF",STOF02,6.55,3.2,6.55,6.55,22,,Stock,1,,0,0,0,0,0,0,0,,0,0,,3000-12-31T00:00:00,2023-04-27T17:45:58.25,9,TESSILE,13,"Lenzuola e federe",,,ICON,,Array,,,
27273,22488794,0,272735,"lenzuolo sopra 2p 240x300cm argento 100%cotone",POLVEND1,TREND,"SA STOF",STOF02,"SA STOF",STOF02,24.55.00,11.9,29.05.00,29.05.00,22,,Stock,1,,0,0,0,0,0,0,0,,0,0,,3000-12-31T00:00:00,2023-04-27T17:45:58.25,9,TESSILE,13,"Lenzuola e federe",,,BASIC,,Array,,,
27275,22488626,0,3665269134520,"lenzuolo sotto 2p con gli angoli 180x200cm ottanio 100%cotone",POLVEND1,TREND,"SA STOF",STOF02,"SA STOF",STOF02,24.55.00,12.9,24.55.00,24.55.00,22,,Stock,1,,0,0,0,0,0,0,0,,0,0,,3000-12-31T00:00:00,2023-04-27T17:45:58.267,9,TESSILE,13,"Lenzuola e federe",,,ICON,,Array,,,
27276,22488664,0,3665269133646,"lenzuolo sopra 2p 240x300cm antracite 100%cotone",POLVEND1,TREND,"SA STOF",STOF02,"SA STOF",STOF02,24.55.00,11.9,29.05.00,29.05.00,22,,Stock,1,,0,0,0,0,0,0,0,,0,0,,3000-12-31T00:00:00,2023-04-27T17:45:58.267,9,TESSILE,13,"Lenzuola e federe",,,RAW,,Array,,,
27277,22488725,0,3665269134667,"lenzuolo sotto 2p con gli angoli 180x200cm verde cachi 100%cotone",POLVEND1,TREND,"SA STOF",STOF02,"SA STOF",STOF02,24.55.00,12.9,24.55.00,24.55.00,22,,Stock,1,,0,0,0,0,0,0,0,,0,0,,3000-12-31T00:00:00,2023-04-27T17:45:58.283,9,TESSILE,13,"Lenzuola e federe",,,BASIC,,Array,,,
27278,22488732,0,3665269134575,"lenzuolo sopra 2p 240x300cm verde cachi 100%cotone",POLVEND1,TREND,"SA STOF",STOF02,"SA STOF",STOF02,29.05.00,14.9,29.05.00,29.05.00,22,,Stock,1,,0,0,0,0,0,0,0,,0,0,,3000-12-31T00:00:00,2023-04-27T17:45:58.283,9,TESSILE,13,"Lenzuola e federe",,,BASIC,,Array,,,
27280,21561306,0,3665269038477,"tenda 140x260 naturale 100% poliestere",POLVEND1,TUNNEL,"SA STOF",STOF02,"SA STOF",STOF02,20.45,7.9,20.45,20.45,22,,Stock,1,,0,0,0,0,0,0,0,,0,0,,3000-12-31T00:00:00,2023-04-27T17:45:58.297,9,TESSILE,41,"Tende in tessuto",,,,,Array,,,
27344,20900694,0,5414780039450,"piatto dessert in porcellana bianco 22 cm",POLVEND1,ORGANIC,"STUDIO SACEF SRL",SACE02,"STUDIO SACEF SRL",SACE02,8.19,3.44,8.19,8.19,22,,Stock,1,,0,0,0,0,0,0,0,,0,0,,3000-12-31T00:00:00,2023-05-02T14:33:29.063,10,CASALINGHI,41,Piatti,,,BASIC,,Array,,,
27345,20900724,0,5414780039443,"piatto fondo in porcellana bianco 21 cm",POLVEND1,ORGANIC,"STUDIO SACEF SRL",SACE02,"STUDIO SACEF SRL",SACE02,8.19,4.37,8.19,8.19,22,,Stock,1,,0,0,0,0,0,0,0,,0,0,,3000-12-31T00:00:00,2023-05-02T14:33:29.077,10,CASALINGHI,41,Piatti,,,BASIC,,Array,,,
27347,20900717,0,5414780039436,"piatto piano in porcellana bianco 28 cm",POLVEND1,ORGANIC,"STUDIO SACEF SRL",SACE02,"STUDIO SACEF SRL",SACE02,11.01,5.24,11.01,11.01,22,,Stock,1,,0,0,0,0,0,0,0,,0,0,,3000-12-31T00:00:00,2023-05-02T14:33:29.093,10,CASALINGHI,41,Piatti,,,BASIC,,Array,,,
27393,21599705,0,3664323135633,"cestino poliresina verde/naturale",POLVEND1,SAGE,TENDANCE,TEND02,TENDANCE,TEND02,14.29,6.5,14.29,14.29,22,,Stock,1,,0,0,0,0,0,0,0,,0,0,,3000-12-31T00:00:00,2023-05-02T14:46:36.89,5,"ALTRE STANZE",33,"Pattumiere,bacinelle",,,BASIC,,Array,,,
27503,22222176,0,8059340225088,"tappeto  vinile lavabile 50x180 nero-bianco",POLVEND1,ARTE,"W.M.D. SRL",WMDS01,"W.M.D. SRL",WMDS01,33.15.00,12.6,33.15.00,33.15.00,22,,Stock,1,,0,0,0,0,0,0,0,,0,0,,3000-12-31T00:00:00,2023-05-02T15:08:36.763,8,TAPPETI,14,"Tappeti polipropilene, Heat set, PVC",,,ICON,,Array,,,
27504,21921353,0,8059015100559,"tappeto 140x200 70% cotone riciclato 30% poliester (peso 1600gr/m2)",POLVEND1,KIRA,"W.M.D. SRL",WMDS01,"W.M.D. SRL",WMDS01,97.54.00,44.05.00,97.54.00,97.54.00,22,,Stock,1,,0,0,0,0,0,0,0,,0,0,,3000-12-31T00:00:00,2023-05-02T15:08:36.763,8,TAPPETI,11,"Dhurries, pezzotti e cotone",,,BASIC,,Array,,,
27505,21921254,0,8059015100252,"tappeto 140x200 70% cotone riciclato 30% poliester (peso 1600gr/m2)",POLVEND1,TADAKI,"W.M.D. SRL",WMDS01,"W.M.D. SRL",WMDS01,97.54.00,44.05.00,97.54.00,97.54.00,22,,Stock,1,,0,0,0,0,0,0,0,,0,0,,3000-12-31T00:00:00,2023-05-02T15:08:36.78,8,TAPPETI,11,"Dhurries, pezzotti e cotone",,,BASIC,,Array,,,
27506,21921261,0,8059015100269,"tappeto 150x230 70% cotone riciclato 30% poliester (peso 1600gr/m2)",POLVEND1,TADAKI,"W.M.D. SRL",WMDS01,"W.M.D. SRL",WMDS01,122.13.00,54.28.00,122.13.00,122.13.00,22,,Stock,1,,0,0,0,0,0,0,0,,0,0,,3000-12-31T00:00:00,2023-05-02T15:08:36.78,8,TAPPETI,11,"Dhurries, pezzotti e cotone",,,BASIC,,Array,,,
27507,21921360,0,8059015100566,"tappeto 150x230 70% cotone riciclato 30% poliester (peso 1600gr/m2)",POLVEND1,KIRA,"W.M.D. SRL",WMDS01,"W.M.D. SRL",WMDS01,122.13.00,54.28.00,122.13.00,122.13.00,22,,Stock,1,,0,0,0,0,0,0,0,,0,0,,3000-12-31T00:00:00,2023-05-02T15:08:36.793,8,TAPPETI,11,"Dhurries, pezzotti e cotone",,,BASIC,,Array,,,
27510,21268526,0,8055765716637,"tappeto 160x230 b/w astratto polipropilene",POLVEND1,PLANETS,"W.M.D. SRL",WMDS01,"W.M.D. SRL",WMDS01,122.13.00,55.01.00,122.13.00,122.13.00,22,,Stock,1,,0,0,0,0,0,0,0,,0,0,,3000-12-31T00:00:00,2023-05-02T15:08:36.81,8,TAPPETI,14,"Tappeti polipropilene, Heat set, PVC",,,BASIC,,Array,,,
27512,21564611,200,275125,"tappeto 160x230 grigio poliestere marrakesh",POLVEND1,ABU,"W.M.D. SRL",WMDS01,"W.M.D. SRL",WMDS01,163.11.00,76.12.00,163.11.00,163.11.00,22,,Stock,1,,0,0,0,0,0,0,0,,0,0,,3000-12-31T00:00:00,2023-05-02T15:08:36.827,8,TAPPETI,14,"Tappeti polipropilene, Heat set, PVC",,,BASIC,,Array,,,
27513,21476471,200,275132,"tappeto 160x230 tortora poliestere marrakesh",POLVEND1,ABU,"W.M.D. SRL",WMDS01,"W.M.D. SRL",WMDS01,163.11.00,76.12.00,163.11.00,163.11.00,22,,Stock,1,,0,0,0,0,0,0,0,,0,0,,3000-12-31T00:00:00,2023-05-02T15:08:36.827,8,TAPPETI,14,"Tappeti polipropilene, Heat set, PVC",,,BASIC,,Array,,,
27517,21476457,200,275170,"tappeto 200x300 grigio poliestere marrakesh",POLVEND1,ABU,"W.M.D. SRL",WMDS01,"W.M.D. SRL",WMDS01,270.07.00,123.45.00,270.07.00,270.07.00,22,,Stock,1,,0,0,0,0,0,0,0,,0,0,,3000-12-31T00:00:00,2023-05-02T15:08:36.857,8,TAPPETI,14,"Tappeti polipropilene, Heat set, PVC",,,BASIC,,Array,,,
27518,21564604,200,8056157927495,"tappeto 200x300 tortora poliestere marrakesh",POLVEND1,ABU,"W.M.D. SRL",WMDS01,"W.M.D. SRL",WMDS01,270.07.00,123.45.00,270.07.00,270.07.00,22,,Stock,1,,0,0,0,0,0,0,0,,0,0,,3000-12-31T00:00:00,2023-05-02T15:08:36.857,8,TAPPETI,14,"Tappeti polipropilene, Heat set, PVC",,,BASIC,,Array,,,
27520,21921384,0,8059015108449,"tappeto 57x140 70% cotone riciclato 30% poliester (peso 1600gr/m2) grigio",POLVEND1,SARDINIA,"W.M.D. SRL",WMDS01,"W.M.D. SRL",WMDS01,16.35,9.03,16.35,16.35,22,,Stock,1,,0,0,0,0,0,0,0,,0,0,,3000-12-31T00:00:00,2023-05-02T15:08:36.873,8,TAPPETI,11,"Dhurries, pezzotti e cotone",,,BASIC,,Array,,,
27523,21921377,0,8059015100306,"tappeto 57x180 70% cotone riciclato 30% poliester (peso 1600gr/m2)",POLVEND1,OLAF,"W.M.D. SRL",WMDS01,"W.M.D. SRL",WMDS01,37.24.00,16.14,37.24.00,37.24.00,22,,Stock,1,,0,0,0,0,0,0,0,,0,0,,3000-12-31T00:00:00,2023-05-02T15:08:36.903,8,TAPPETI,11,"Dhurries, pezzotti e cotone",,,BASIC,,Array,,,
27527,21476464,0,275279,"tappeto 80x150 grigio poliestere marrakesh",POLVEND1,ABU,"W.M.D. SRL",WMDS01,"W.M.D. SRL",WMDS01,56.56.00,25.09.00,56.56.00,56.56.00,22,,Stock,1,,0,0,0,0,0,0,0,,0,0,,3000-12-31T00:00:00,2023-05-02T15:08:36.92,8,TAPPETI,14,"Tappeti polipropilene, Heat set, PVC",,,BASIC,,Array,,,
27528,21578908,200,8056157927457,"tappeto 80x150 tortora poliestere marrakesh",POLVEND1,ABU,"W.M.D. SRL",WMDS01,"W.M.D. SRL",WMDS01,56.56.00,25.09.00,56.56.00,56.56.00,22,,Stock,1,,0,0,0,0,0,0,0,,0,0,,3000-12-31T00:00:00,2023-05-02T15:08:36.933,8,TAPPETI,14,"Tappeti polipropilene, Heat set, PVC",,,BASIC,,Array,,,
27531,21762048,200,275316,"tappeto tondo d 133 cm grigio 100%polipropilene",POLVEND1,ABU,"W.M.D. SRL",WMDS01,"W.M.D. SRL",WMDS01,81.15.00,36.39.00,81.15.00,81.15.00,22,,Stock,1,,0,0,0,0,0,0,0,,0,0,,3000-12-31T00:00:00,2023-05-02T15:08:36.95,8,TAPPETI,14,"Tappeti polipropilene, Heat set, PVC",,,BASIC,,Array,,,
27532,21762055,0,275323,"tappeto tondo d 133 cm tortora 100%polipropilene",POLVEND1,ABU,"W.M.D. SRL",WMDS01,"W.M.D. SRL",WMDS01,81.15.00,36.39.00,81.15.00,81.15.00,22,,Stock,1,,0,0,0,0,0,0,0,,0,0,,3000-12-31T00:00:00,2023-05-02T15:08:36.95,8,TAPPETI,14,"Tappeti polipropilene, Heat set, PVC",,,BASIC,,Array,,,
27541,22194770,0,275415,"tappeto cm.80x150 beige 75%poliestere 18%cotone 7%viscosa",POLVEND1,LONDON,"ABC ITALIA SURL",ABCI01,"ABC ITALIA SURL",ABCI01,41.34.00,21.01,41.34.00,41.34.00,22,,Stock,1,,0,0,0,0,0,0,0,,0,0,,3000-12-31T00:00:00,2023-05-02T15:20:44.693,8,TAPPETI,14,"Tappeti polipropilene, Heat set, PVC",,,BASIC,,Array,,,
27544,22194787,0,275446,"tappeto cm.120x170 beige 75%poliestere 18%cotone 7%viscosa",POLVEND1,LONDON,"ABC ITALIA SURL",ABCI01,"ABC ITALIA SURL",ABCI01,82.33.00,35.04.00,82.33.00,82.33.00,22,,Stock,1,,0,0,0,0,0,0,0,,0,0,,3000-12-31T00:00:00,2023-05-02T15:20:44.757,8,TAPPETI,14,"Tappeti polipropilene, Heat set, PVC",,,BASIC,,Array,,,
27548,22194701,0,275484,"tappeto cm.80x150 antracite 75%poliestere 18%cotone 7%viscosa",POLVEND1,LONDON,"ABC ITALIA SURL",ABCI01,"ABC ITALIA SURL",ABCI01,41.34.00,21.01,41.34.00,41.34.00,22,,Stock,1,,0,0,0,0,0,0,0,,0,0,,3000-12-31T00:00:00,2023-05-02T15:20:44.787,8,TAPPETI,14,"Tappeti polipropilene, Heat set, PVC",,,BASIC,,Array,,,
27549,22194725,0,275491,"tappeto cm.200x290 antracite 75%poliestere 18%cotone 7%viscosa",POLVEND1,LONDON,"ABC ITALIA SURL",ABCI01,"ABC ITALIA SURL",ABCI01,229.09.00,100.03.00,229.09.00,229.09.00,22,,Stock,1,,0,0,0,0,0,0,0,,0,0,,3000-12-31T00:00:00,2023-05-02T15:20:44.803,8,TAPPETI,14,"Tappeti polipropilene, Heat set, PVC",,,BASIC,,Array,,,
27553,22194794,0,275538,"tappeto cm.160x229 beige 75%poliestere 18%cotone 7%viscosa",POLVEND1,LONDON,"ABC ITALIA SURL",ABCI01,"ABC ITALIA SURL",ABCI01,147.12.00,63.21.00,147.12.00,147.12.00,22,,Stock,1,,0,0,0,0,0,0,0,,0,0,,3000-12-31T00:00:00,2023-05-02T15:20:44.833,8,TAPPETI,14,"Tappeti polipropilene, Heat set, PVC",,,BASIC,,Array,,,
27555,22194800,0,275552,"tappeto cm.200x290 beige 75%poliestere 18%cotone 7%viscosa",POLVEND1,LONDON,"ABC ITALIA SURL",ABCI01,"ABC ITALIA SURL",ABCI01,229.09.00,100.03.00,229.09.00,229.09.00,22,,Stock,1,,0,0,0,0,0,0,0,,0,0,,3000-12-31T00:00:00,2023-05-02T15:20:44.85,8,TAPPETI,14,"Tappeti polipropilene, Heat set, PVC",,,BASIC,,Array,,,
27563,22195494,0,275637,"tappeto cm.230x160",POLVEND1,EGO,"ABC ITALIA SURL",ABCI01,"ABC ITALIA SURL",ABCI01,130.33.00,57.22.00,130.33.00,130.33.00,22,,Stock,1,,0,0,0,0,0,0,0,,0,0,,3000-12-31T00:00:00,2023-05-02T15:20:44.927,8,TAPPETI,14,"Tappeti polipropilene, Heat set, PVC",,,FUSION,,Array,,,
27564,22195517,0,275644,"tappeto cm.290x200 beige 48% viscosa 29% poliestere 23% cotone",POLVEND1,OLDER,"ABC ITALIA SURL",ABCI01,"ABC ITALIA SURL",ABCI01,138.52.00,58.11.00,138.52.00,138.52.00,22,,Stock,1,,0,0,0,0,0,0,0,,0,0,,3000-12-31T00:00:00,2023-05-02T15:20:44.943,8,TAPPETI,14,"Tappeti polipropilene, Heat set, PVC",,,FUSION,,Array,,,
27568,22151155,0,275682,"tappeto 160x230 multi 67% polipropilene 33% juta",POLVEND1,COPENAGHEN,"ABC ITALIA SURL",ABCI01,"ABC ITALIA SURL",ABCI01,138.52.00,57.12.00,138.52.00,138.52.00,22,,Stock,1,,0,0,0,0,0,0,0,,0,0,,3000-12-31T00:00:00,2023-05-02T15:20:44.99,8,TAPPETI,14,"Tappeti polipropilene, Heat set, PVC",,,FUSION,,Array,,,
27570,22151179,0,275705,"tappeto160x230 bianco-nero 70% polipropilene 30% juta",POLVEND1,AGADIR,"ABC ITALIA SURL",ABCI01,"ABC ITALIA SURL",ABCI01,114.33.00,42.57.00,114.33.00,114.33.00,22,,Stock,1,,0,0,0,0,0,0,0,,0,0,,3000-12-31T00:00:00,2023-05-02T15:20:45.007,8,TAPPETI,14,"Tappeti polipropilene, Heat set, PVC",,,FUSION,,Array,,,
27572,21091285,0,275729,"tappeto cm.200x290 100% pp",POLVEND1,ART,"ABC ITALIA SURL",ABCI01,"ABC ITALIA SURL",ABCI01,220.49.00,90.03.00,220.49.00,220.49.00,22,,Stock,1,,0,0,0,0,0,0,0,,0,0,,3000-12-31T00:00:00,2023-05-02T15:20:45.023,8,TAPPETI,14,"Tappeti polipropilene, Heat set, PVC",,,,,Array,,,
27573,20886721,0,4057724003158,"tappeto cm.160x230 100% pp",POLVEND1,GOGOSIAN,"ABC ITALIA SURL",ABCI01,"ABC ITALIA SURL",ABCI01,155.32.00,57.12.00,155.32.00,155.32.00,22,,Stock,1,,0,0,0,0,0,0,0,,0,0,,3000-12-31T00:00:00,2023-05-02T15:20:45.037,8,TAPPETI,14,"Tappeti polipropilene, Heat set, PVC",,,,,Array,,,
27574,21091278,0,275743,"tappeto cm.160x230 100% pp",POLVEND1,ART,"ABC ITALIA SURL",ABCI01,"ABC ITALIA SURL",ABCI01,138.52.00,57.12.00,138.52.00,138.52.00,22,,Stock,1,,0,0,0,0,0,0,0,,0,0,,3000-12-31T00:00:00,2023-05-02T15:20:45.037,8,TAPPETI,14,"Tappeti polipropilene, Heat set, PVC",,,,,Array,,,
27575,21091261,0,275750,"tappeto cm.133x190 100% pp",POLVEND1,ART,"ABC ITALIA SURL",ABCI01,"ABC ITALIA SURL",ABCI01,106.14.00,39.23.00,106.14.00,106.14.00,22,,Stock,1,,0,0,0,0,0,0,0,,0,0,,3000-12-31T00:00:00,2023-05-02T15:20:45.053,8,TAPPETI,14,"Tappeti polipropilene, Heat set, PVC",,,,,Array,,,
27577,21092404,0,4057724020087,"tappeto cm.160x230",POLVEND1,SIPOO,"ABC ITALIA SURL",ABCI01,"ABC ITALIA SURL",ABCI01,155.32.00,72.28.00,155.32.00,155.32.00,22,,Stock,1,,0,0,0,0,0,0,0,,0,0,,3000-12-31T00:00:00,2023-05-02T15:20:45.07,8,TAPPETI,14,"Tappeti polipropilene, Heat set, PVC",,,,,Array,,,
27578,21092398,0,4057724020070,"tappeto cm.140x200",POLVEND1,SIPOO,"ABC ITALIA SURL",ABCI01,"ABC ITALIA SURL",ABCI01,122.13.00,55.09.00,122.13.00,122.13.00,22,,Stock,1,,0,0,0,0,0,0,0,,0,0,,3000-12-31T00:00:00,2023-05-02T15:20:45.083,8,TAPPETI,14,"Tappeti polipropilene, Heat set, PVC",,,,,Array,,,
27584,22151209,0,275842,"tappeto 160x230 grigio 48% viscosa 29% poliestere 23% cotone",POLVEND1,OLDER,"ABC ITALIA SURL",ABCI01,"ABC ITALIA SURL",ABCI01,106.14.00,37.27.00,106.14.00,106.14.00,22,,Stock,1,,0,0,0,0,0,0,0,,0,0,,3000-12-31T00:00:00,2023-05-02T15:20:45.13,8,TAPPETI,14,"Tappeti polipropilene, Heat set, PVC",,,ICON,,Array,,,
27585,22151100,0,275859,"tappeto cm.160x230 perla-nero 67% polipropylene 33% juta",POLVEND1,PARIS,"ABC ITALIA SURL",ABCI01,"ABC ITALIA SURL",ABCI01,138.52.00,60.34.00,138.52.00,138.52.00,22,,Stock,1,,0,0,0,0,0,0,0,,0,0,,3000-12-31T00:00:00,2023-05-02T15:20:45.147,8,TAPPETI,14,"Tappeti polipropilene, Heat set, PVC",,,ICON,,Array,,,
27588,21090554,0,4057724011597,"tappeto cm.133x190 100%pp",POLVEND1,GOGOSIAN,"ABC ITALIA SURL",ABCI01,"ABC ITALIA SURL",ABCI01,106.14.00,39.23.00,106.14.00,106.14.00,22,,Stock,1,,0,0,0,0,0,0,0,,0,0,,3000-12-31T00:00:00,2023-05-02T15:20:45.177,8,TAPPETI,14,"Tappeti polipropilene, Heat set, PVC",,,BASIC,,Array,,,
27592,21143717,0,8051499454791,"tappeto pelle mucca pezzata bianca e marrone 170x240",POLVEND1,ABRASH,"ABC ITALIA SURL",ABCI01,"ABC ITALIA SURL",ABCI01,245.08.00,118.22.00,245.08.00,245.08.00,22,,Stock,1,,0,0,0,0,0,0,0,,0,0,,3000-12-31T00:00:00,2023-05-02T15:20:46.777,8,TAPPETI,13,"Tappeti orientali,kilim,lana",,,BASIC,,Array,,,
27593,20671129,0,4057724003165,"tappeto cm.200x290 100%pp",POLVEND1,GOGOSIAN,"ABC ITALIA SURL",ABCI01,"ABC ITALIA SURL",ABCI01,220.49.00,90.03.00,220.49.00,220.49.00,22,,Stock,1,,0,0,0,0,0,0,0,,0,0,,3000-12-31T00:00:00,2023-05-02T15:20:46.793,8,TAPPETI,14,"Tappeti polipropilene, Heat set, PVC",,,BASIC,,Array,,,
27594,22156198,0,275941,"tappeto cm.160x230 multi 100% lana",POLVEND1,KILIM,"ABC ITALIA SURL",ABCI01,"ABC ITALIA SURL",ABCI01,241.8,111.6,241.8,241.8,22,,Stock,1,,0,0,0,0,0,0,0,,0,0,,3000-12-31T00:00:00,2023-05-02T15:20:46.793,8,TAPPETI,13,"Tappeti orientali,kilim,lana",,,LAB,,Array,,,
27595,22156235,0,275958,"tappeto cm.200x200 multi 67% polipropilene 33% juta",POLVEND1,EGO,"ABC ITALIA SURL",ABCI01,"ABC ITALIA SURL",ABCI01,147.12.00,62.16.00,147.12.00,147.12.00,22,,Stock,1,,0,0,0,0,0,0,0,,0,0,,3000-12-31T00:00:00,2023-05-02T15:20:46.807,8,TAPPETI,14,"Tappeti polipropilene, Heat set, PVC",,,LAB,,Array,,,
27597,22151087,0,275972,"tappeto 160x229 antracite-bianco 75%poliestere 18%cotone 7%viscosa",POLVEND1,LONDON,"ABC ITALIA SURL",ABCI01,"ABC ITALIA SURL",ABCI01,147.12.00,63.21.00,147.12.00,147.12.00,22,,Stock,1,,0,0,0,0,0,0,0,,0,0,,3000-12-31T00:00:00,2023-05-02T15:20:46.823,8,TAPPETI,14,"Tappeti polipropilene, Heat set, PVC",,,RAW,,Array,,,
27613,92392724,0,8033433833831,"tappeto 140x200 pelle mucca pezzata bianca/nera",POLVEND1,ABRASH,"ABC ITALIA SURL",ABCI01,"ABC ITALIA SURL",ABCI01,245.08.00,118.22.00,245.08.00,245.08.00,22,,Stock,1,,0,0,0,0,0,0,0,,0,0,,3000-12-31T00:00:00,2023-05-02T15:20:46.95,8,TAPPETI,13,"Tappeti orientali,kilim,lana",,,BASIC,,Array,,,
22394,21819889,200,223942,"sedia(4pack) 91x44x55 pu bianco",POLVEND3,FRIDA,"JULIA GRUP FURNITURE SOLUTIONS S.L.",JULI03,"JULIA GRUP FURNITURE SOLUTIONS S.L.",JULI03,81.15.00,47.27.00,81.15.00,81.15.00,22,,Riferimento,1,,0,0,0,0,0,0,0,,0,0,,2023-05-08T00:00:00,2023-05-09T10:26:01.2,1,SOGGIORNI,42,Sedie,,,BASIC,,Array,,,
10661,22438799,88,106610,"web divano 2p pen dx 220x168x79h tes vougue 06 marrone",POLVEND3,ONE,"DALE' F.LLI SRL",DALE01,"DALE' F.LLI SRL",DALE01,836.07.00,403,836.07.00,836.07.00,22,,Riferimento,1,,0,0,0,0,0,0,0,,0,0,,3000-12-31T00:00:00,2023-05-09T16:27:08.977,2,"DIVANI E POLTRONE",13,"Divani modulari",,,,,Array,,,
27268,22488565,0,3665269133677,"federa 50x80cm antracite 100% cotone",POLVEND1,TREND,"SA STOF",STOF02,"SA STOF",STOF02,6.55,2.3,6.55,6.55,22,,Stock,1,,0,0,0,0,0,0,0,,0,0,,3000-12-31T00:00:00,2023-05-10T11:49:17.81,9,TESSILE,13,"Lenzuola e federe",,,RAW,,Array,,,
27269,22488749,0,3665269134049,"federa 50x80cm terracotta 100%cotone",POLVEND1,TREND,"SA STOF",STOF02,"SA STOF",STOF02,6.55,2.3,6.55,6.55,22,,Stock,1,,0,0,0,0,0,0,0,,0,0,,3000-12-31T00:00:00,2023-05-10T11:49:28.767,9,TESSILE,13,"Lenzuola e federe",,,FUSION,,Array,,,
10135,22220677,200,101356,"tavolo allungabile top vetro antracite gambe antracite 160/240x90x76h",POLVEND3,ELIS,"CICIRIELLO SRL",CICI01,"CICIRIELLO SRL",CICI01,1188.52.00,410,1188.52.00,1188.52.00,22,,Riferimento,1,,0,0,0,0,0,0,0,,0,0,,2023-05-19T00:00:00,2023-05-19T12:21:21.847,1,SOGGIORNI,42,Sedie,,,BASIC,,Array,,,
30198,22620101,0,3560237554549,"specchio d.80cm metallo nero",POLVEND1,MINIMAL,"JJA SA",JJAS01,"JJA SA",JJAS01,49.14.00,18.38,49.14.00,49.14.00,22,,Stock,1,,0,0,0,0,0,0,0,,0,0,,3000-12-31T00:00:00,2023-05-19T18:14:39.723,11,DECORAZIONE,5,SPECCHI,,,BASIC,,Array,,,
30199,22620118,0,3560237554556,"specchio d.80cm metallo colore oro",POLVEND1,GOLD,"JJA SA",JJAS01,"JJA SA",JJAS01,49.14.00,18.38,49.14.00,49.14.00,22,,Stock,1,,0,0,0,0,0,0,0,,0,0,,3000-12-31T00:00:00,2023-05-19T18:14:39.77,11,DECORAZIONE,5,SPECCHI,,,ICON,,Array,,,
30200,22620125,0,3560238334904,"specchio d.60cm metallo nero con corda",POLVEND1,ROPE,"JJA SA",JJAS01,"JJA SA",JJAS01,33.15.00,10.5,33.15.00,33.15.00,22,,Stock,1,,0,0,0,0,0,0,0,,0,0,,3000-12-31T00:00:00,2023-05-19T18:14:39.783,11,DECORAZIONE,5,SPECCHI,,,RAW,,Array,,,
30203,22620156,0,3560238710418,"oggetto decorativo leone  resina bianco-nero h32cm",POLVEND1,LION,"JJA SA",JJAS01,"JJA SA",JJAS01,24.55.00,9,24.55.00,24.55.00,22,,Stock,1,,0,0,0,0,0,0,0,,0,0,,3000-12-31T00:00:00,2023-05-19T18:14:39.8,11,DECORAZIONE,37,"Accessori e Decorazioni da Appoggio",,,RAW,,Array,,,
30204,22620163,0,3560234682412,"oggetto decor cane polyresina bianco multi 35x30cm",POLVEND1,STREETART,"JJA SA",JJAS01,"JJA SA",JJAS01,29.05.00,13.25,29.05.00,29.05.00,22,,Stock,1,,0,0,0,0,0,0,0,,0,0,,3000-12-31T00:00:00,2023-05-19T18:14:39.817,11,DECORAZIONE,37,"Accessori e Decorazioni da Appoggio",,,LAB,,Array,,,
30205,22620170,0,3560239263944,"contenitore rifiuti 30lt acciao nero opaco con pedale",POLVEND1,MODERN,"JJA SA",JJAS01,"JJA SA",JJAS01,70.03.00,32,70.03.00,70.03.00,22,,Stock,1,,0,0,0,0,0,0,0,,0,0,,3000-12-31T00:00:00,2023-05-19T18:14:39.833,5,"ALTRE STANZE",33,"Pattumiere,bacinelle",,,RAW,,Array,,,
30201,22620132,0,3560238338797,"posacenere ceramica colore oro d.15x9cm",POLVEND1,CIGAR,"JJA SA",JJAS01,"JJA SA",JJAS01,6.13,2.35,6.13,6.13,22,,Stock,1,,0,0,0,0,0,0,0,,0,0,,3000-12-31T00:00:00,2023-05-19T18:15:57.413,11,DECORAZIONE,37,"Accessori e Decorazioni da Appoggio",,,ICON,,Array,,,
30202,22620149,0,3560238666166,"oggetto decorativo pantera resina oro opaco h25cm",POLVEND1,PANTERA,"JJA SA",JJAS01,"JJA SA",JJAS01,12.25,4.25,12.25,12.25,22,,Stock,1,,0,0,0,0,0,0,0,,0,0,,3000-12-31T00:00:00,2023-05-19T18:16:19.503,11,DECORAZIONE,37,"Accessori e Decorazioni da Appoggio",,,RAW,,Array,,,
30248,22194916,88,302487,"tappeto cm.133x190 perla-nero 67% polipropylene 33% juta",POLVEND3,PARIS,"ABC ITALIA SURL",ABCI01,"ABC ITALIA SURL",ABCI01,97.54.00,41.43.00,97.54.00,97.54.00,22,,Riferimento,1,,0,0,0,0,0,0,0,,0,0,,3000-12-31T00:00:00,2023-05-22T12:15:24.327,8,TAPPETI,14,"Tappeti polipropilene, Heat set, PVC",,,ICON,,Array,,,
30249,22194923,88,302494,"tappeto cm.200x300 perla-nero 67% polipropylene 33% juta",POLVEND3,PARIS,"ABC ITALIA SURL",ABCI01,"ABC ITALIA SURL",ABCI01,220.49.00,98.38.00,220.49.00,220.49.00,22,,Riferimento,1,,0,0,0,0,0,0,0,,0,0,,3000-12-31T00:00:00,2023-05-22T12:15:24.343,8,TAPPETI,14,"Tappeti polipropilene, Heat set, PVC",,,ICON,,Array,,,
30273,21578939,88,8056157927402,"tappeto 160x230 antracite poliestere marrakesh",POLVEND3,ABU,"W.M.D. SRL",WMDS01,"W.M.D. SRL",WMDS01,163.11.00,76.12.00,163.11.00,163.11.00,22,,Riferimento,1,,0,0,0,0,0,0,0,,0,0,,3000-12-31T00:00:00,2023-05-22T12:54:09.05,8,TAPPETI,14,"Tappeti polipropilene, Heat set, PVC",,,BASIC,,Array,,,
30275,21578960,88,8056157927631,"tappeto 133x190 grigio poliestere marrakesh",POLVEND3,ABU,"W.M.D. SRL",WMDS01,"W.M.D. SRL",WMDS01,114.33.00,52.39.00,114.33.00,114.33.00,22,,Riferimento,1,,0,0,0,0,0,0,0,,0,0,,3000-12-31T00:00:00,2023-05-22T12:54:09.083,8,TAPPETI,14,"Tappeti polipropilene, Heat set, PVC",,,BASIC,,Array,,,
30280,21578915,88,8056157927471,"tappeto 133x190 tortora poliestere marrakesh",POLVEND3,ABU,"W.M.D. SRL",WMDS01,"W.M.D. SRL",WMDS01,114.33.00,52.39.00,114.33.00,114.33.00,22,,Riferimento,1,,0,0,0,0,0,0,0,,0,0,,3000-12-31T00:00:00,2023-05-22T12:54:09.143,8,TAPPETI,14,"Tappeti polipropilene, Heat set, PVC",,,BASIC,,Array,,,
30281,21578953,88,8056157927372,"tappeto 80x150 antracite poliestere marrakesh",POLVEND3,ABU,"W.M.D. SRL",WMDS01,"W.M.D. SRL",WMDS01,57.34.00,25.09.00,57.34.00,57.34.00,22,,Riferimento,1,,0,0,0,0,0,0,0,,0,0,,3000-12-31T00:00:00,2023-05-22T12:54:09.16,8,TAPPETI,14,"Tappeti polipropilene, Heat set, PVC",,,BASIC,,Array,,,
30284,21762031,88,302845,"tappeto tondo d 133 cm antracite 100%polipropilene",POLVEND3,ABU,"W.M.D. SRL",WMDS01,"W.M.D. SRL",WMDS01,89.34.00,36.39.00,89.34.00,89.34.00,22,,Riferimento,1,,0,0,0,0,0,0,0,,0,0,,3000-12-31T00:00:00,2023-05-22T12:54:09.19,8,TAPPETI,14,"Tappeti polipropilene, Heat set, PVC",,,BASIC,,Array,,,
30287,21578946,88,8056157927396,"tappeto 133x190 antracite poliestere marrakesh",POLVEND3,ABU,"W.M.D. SRL",WMDS01,"W.M.D. SRL",WMDS01,114.33.00,52.39.00,114.33.00,114.33.00,22,,Riferimento,1,,0,0,0,0,0,0,0,,0,0,,3000-12-31T00:00:00,2023-05-22T12:54:09.207,8,TAPPETI,14,"Tappeti polipropilene, Heat set, PVC",,,BASIC,,Array,,,
30291,21578922,88,8056157927419,"tappeto 200x300 antracite poliestere marrakesh",POLVEND3,ABU,"W.M.D. SRL",WMDS01,"W.M.D. SRL",WMDS01,270.07.00,123.45.00,270.07.00,270.07.00,22,,Riferimento,1,,0,0,0,0,0,0,0,,0,0,,3000-12-31T00:00:00,2023-05-22T12:54:09.253,8,TAPPETI,14,"Tappeti polipropilene, Heat set, PVC",,,BASIC,,Array,,,
12014,20914547,0,120142,"materasso 1 piazza 1/2 super ortopedico 120x190xh26",POLVEND2,AVIOR,"DALE' F.LLI SRL",DALE01,"DALE' F.LLI SRL",DALE01,344.26.00,156,344.26.00,344.26.00,22,,Stock,1,,0,0,0,0,0,0,0,,0,0,,3000-12-31T00:00:00,2023-05-22T14:34:38.98,3,CAMERE,12,Materassi,,,,,Array,,,
25963,21708299,0,259637,"ricarica 250 frag neroli marittimo trasparente vetro",POLVEND1,SPA,"CARBALINE S.R.L.",CARB04,"CARBALINE S.R.L.",CARB04,11.01,4.27,11.01,11.01,22,,Stock,1,,0,0,0,0,0,0,0,,0,0,,3000-12-31T00:00:00,2023-05-22T16:15:05.22,11,DECORAZIONE,42,"Profuma ambienti",,,BASIC,,Array,,,
30298,22620620,0,8424001930999,"quadro buddha cornice nera 70x100cm",POLVEND1,PEACE,"ITEM INTERNATIONAL S.A.",ITEM01,"ITEM INTERNATIONAL S.A.",ITEM01,57.34.00,19.38,57.34.00,57.34.00,22,,Stock,1,,0,0,0,0,0,0,0,,0,0,,3000-12-31T00:00:00,2023-05-22T17:25:37.137,11,DECORAZIONE,14,"Quadri incorniciati e Decorazioni a parete",,,FUSION,,Array,,,
30299,22620538,0,8424002064471,"base porta vasi e piante legno metallo nero 35x70cm",POLVEND1,GREENERY,"ITEM INTERNATIONAL S.A.",ITEM01,"ITEM INTERNATIONAL S.A.",ITEM01,29.05.00,11.03,29.05.00,29.05.00,22,,Stock,1,,0,0,0,0,0,0,0,,0,0,,3000-12-31T00:00:00,2023-05-22T17:25:37.15,11,DECORAZIONE,32,"Piante,fiori artif.e fioriere",,,BASIC,,Array,,,
30300,22620507,0,8424002025830,"vaso ceramica caff? con pianta artificiale 11x20cm",POLVEND1,GUINEA,"ITEM INTERNATIONAL S.A.",ITEM01,"ITEM INTERNATIONAL S.A.",ITEM01,8.19,3.14,8.19,8.19,22,,Stock,1,,0,0,0,0,0,0,0,,0,0,,3000-12-31T00:00:00,2023-05-22T17:25:37.15,11,DECORAZIONE,32,"Piante,fiori artif.e fioriere",,,FUSION,,Array,,,
30301,22620491,0,8424002049645,"vaso gres lucido bianco-ocra  14x45cm",POLVEND1,NODO,"ITEM INTERNATIONAL S.A.",ITEM01,"ITEM INTERNATIONAL S.A.",ITEM01,24.55.00,11.32,24.55.00,24.55.00,22,,Stock,1,,0,0,0,0,0,0,0,,0,0,,3000-12-31T00:00:00,2023-05-22T17:25:37.167,11,DECORAZIONE,34,"Vasi per interno",,,BASIC,,Array,,,
30302,22620484,0,8424002007638,"porta vaso metallo nero statua papua 26x33x45cm",POLVEND1,PAPUA,"ITEM INTERNATIONAL S.A.",ITEM01,"ITEM INTERNATIONAL S.A.",ITEM01,37.24.00,16.36,37.24.00,37.24.00,22,,Stock,1,,0,0,0,0,0,0,0,,0,0,,3000-12-31T00:00:00,2023-05-22T17:25:37.183,11,DECORAZIONE,34,"Vasi per interno",,,FUSION,,Array,,,
30303,22620514,0,8424002065348,"vaso metallo  lavorato finitura oro h80cm",POLVEND1,AGADIR,"ITEM INTERNATIONAL S.A.",ITEM01,"ITEM INTERNATIONAL S.A.",ITEM01,41.34.00,15.11,41.34.00,41.34.00,22,,Stock,1,,0,0,0,0,0,0,0,,0,0,,3000-12-31T00:00:00,2023-05-22T17:25:37.2,11,DECORAZIONE,34,"Vasi per interno",,,FUSION,,Array,,,
30304,22620521,0,8424002065355,"vaso metallo  lavorato finitura oro h80cm",POLVEND1,AGADIR,"ITEM INTERNATIONAL S.A.",ITEM01,"ITEM INTERNATIONAL S.A.",ITEM01,33.15.00,13.08,33.15.00,33.15.00,22,,Stock,1,,0,0,0,0,0,0,0,,0,0,,3000-12-31T00:00:00,2023-05-22T17:25:37.2,11,DECORAZIONE,34,"Vasi per interno",,,FUSION,,Array,,,
30305,22620590,0,8424002065324,"vaso metallo nero -oro volti 15x80cm",POLVEND1,WORLD,"ITEM INTERNATIONAL S.A.",ITEM01,"ITEM INTERNATIONAL S.A.",ITEM01,41.34.00,14.32,41.34.00,41.34.00,22,,Stock,1,,0,0,0,0,0,0,0,,0,0,,3000-12-31T00:00:00,2023-05-22T17:25:37.213,11,DECORAZIONE,34,"Vasi per interno",,,FUSION,,Array,,,
30306,22620637,0,8424001928545,"vaso volto gres 15x30cm multi",POLVEND1,FACES,"ITEM INTERNATIONAL S.A.",ITEM01,"ITEM INTERNATIONAL S.A.",ITEM01,16.35,8.03,16.35,16.35,22,,Stock,1,,0,0,0,0,0,0,0,,0,0,,3000-12-31T00:00:00,2023-05-22T17:25:37.213,11,DECORAZIONE,34,"Vasi per interno",,,FUSION,,Array,,,
30311,22620460,0,8424002054717,"oggetto decorativo resina  mani bianche 15x25cm",POLVEND1,TOGHETER,"ITEM INTERNATIONAL S.A.",ITEM01,"ITEM INTERNATIONAL S.A.",ITEM01,33.15.00,13.26,33.15.00,33.15.00,22,,Stock,1,,0,0,0,0,0,0,0,,0,0,,3000-12-31T00:00:00,2023-05-22T17:25:37.26,11,DECORAZIONE,37,"Accessori e Decorazioni da Appoggio",,,ICON,,Array,,,
30312,22620682,0,8424002053710,"oggetto decorativo scimmia resina  yoga h 25cm",POLVEND1,YOGA,"ITEM INTERNATIONAL S.A.",ITEM01,"ITEM INTERNATIONAL S.A.",ITEM01,20.45,8.32,20.45,20.45,22,,Stock,1,,0,0,0,0,0,0,0,,0,0,,3000-12-31T00:00:00,2023-05-22T17:25:37.277,11,DECORAZIONE,37,"Accessori e Decorazioni da Appoggio",,,LAB,,Array,,,
30313,22620699,0,8424002025427,"oggetto decorativo gorilla resina comics h14x25cm",POLVEND1,POP,"ITEM INTERNATIONAL S.A.",ITEM01,"ITEM INTERNATIONAL S.A.",ITEM01,29.05.00,11.03,29.05.00,29.05.00,22,,Stock,1,,0,0,0,0,0,0,0,,0,0,,3000-12-31T00:00:00,2023-05-22T17:25:37.293,11,DECORAZIONE,37,"Accessori e Decorazioni da Appoggio",,,LAB,,Array,,,
30315,22620545,0,8424001992201,"oggetto decor leoprado resina finitura oro 36cm",POLVEND1,LEOPARDO,"ITEM INTERNATIONAL S.A.",ITEM01,"ITEM INTERNATIONAL S.A.",ITEM01,24.55.00,8.21,24.55.00,24.55.00,22,,Stock,1,,0,0,0,0,0,0,0,,0,0,,3000-12-31T00:00:00,2023-05-22T17:25:37.307,11,DECORAZIONE,37,"Accessori e Decorazioni da Appoggio",,,RAW,,Array,,,
30316,22620675,0,8424001996681,"york porta asciugamani acc crom base eff marmo h80cm",POLVEND1,"NEW YORK","ITEM INTERNATIONAL S.A.",ITEM01,"ITEM INTERNATIONAL S.A.",ITEM01,81.15.00,37.29.00,81.15.00,81.15.00,22,,Stock,1,,0,0,0,0,0,0,0,,0,0,,3000-12-31T00:00:00,2023-05-22T17:25:37.323,5,"ALTRE STANZE",35,"Accessori Vari",,,ICON,,Array,,,
30317,22620651,0,8424001862238,"porta rotolo resina nero effetto marmo bco 16x33cm",POLVEND1,CARRARA,"ITEM INTERNATIONAL S.A.",ITEM01,"ITEM INTERNATIONAL S.A.",ITEM01,11.01,4.19,11.01,11.01,22,,Stock,1,,0,0,0,0,0,0,0,,0,0,,3000-12-31T00:00:00,2023-05-22T17:25:37.323,10,CASALINGHI,49,"Accessori vari",,,ICON,,Array,,,
30320,22620743,0,8424001992584,"lampada bulldog resina bianco e nero 25x30cm e14",POLVEND1,BULLDOG,"ITEM INTERNATIONAL S.A.",ITEM01,"ITEM INTERNATIONAL S.A.",ITEM01,49.14.00,22.06,49.14.00,49.14.00,22,,Stock,1,,0,0,0,0,0,0,0,,0,0,,3000-12-31T00:00:00,2023-05-22T17:25:37.37,7,ILLUMINAZIONE,14,"Lampade da tavolo",,,LAB,,Array,,,
30323,22620668,0,8424001895533,"tazza ceramica multi con coperchio in silicone 400ml",POLVEND1,BREAK,"ITEM INTERNATIONAL S.A.",ITEM01,"ITEM INTERNATIONAL S.A.",ITEM01,6.13,2.46,6.13,6.13,22,,Stock,1,,0,0,0,0,0,0,0,,0,0,,3000-12-31T00:00:00,2023-05-22T17:25:37.4,10,CASALINGHI,42,"Tazze(caffe',the,mug,colaz.)",,,BASIC,,Array,,,
30314,22620477,0,8424001992522,"set feramalibri volto resina oro opaco 16x25cm",POLVEND1,SCULPTURE,"ITEM INTERNATIONAL S.A.",ITEM01,"ITEM INTERNATIONAL S.A.",ITEM01,49.14.00,20.15,49.14.00,49.14.00,22,,Stock,1,,0,0,0,0,0,0,0,,0,0,,3000-12-31T00:00:00,2023-05-22T17:26:22.427,11,DECORAZIONE,37,"Accessori e Decorazioni da Appoggio",,,RAW,,Array,,,
30310,22620552,0,8424001951840,"statua buddha resina eff.cemento h35cm",POLVEND1,BUDDHA,"ITEM INTERNATIONAL S.A.",ITEM01,"ITEM INTERNATIONAL S.A.",ITEM01,29.05.00,12.38,29.05.00,29.05.00,22,,Stock,1,,0,0,0,0,0,0,0,,0,0,,3000-12-31T00:00:00,2023-05-22T17:26:54.073,11,DECORAZIONE,37,"Accessori e Decorazioni da Appoggio",,,FUSION,,Array,,,
30295,22620569,0,8424002046385,"quadro geisha multi 80x120cm",POLVEND1,GEISHA,"ITEM INTERNATIONAL S.A.",ITEM01,"ITEM INTERNATIONAL S.A.",ITEM01,106.14.00,39.08.00,106.14.00,106.14.00,22,,Stock,1,,0,0,0,0,0,0,0,,0,0,,3000-12-31T00:00:00,2023-05-22T17:27:24.63,11,DECORAZIONE,14,"Quadri incorniciati e Decorazioni a parete",,,FUSION,,Array,,,
30296,22620576,0,8424001931057,"quadro monaci 125x90 multi",POLVEND1,SPIRUTUAL,"ITEM INTERNATIONAL S.A.",ITEM01,"ITEM INTERNATIONAL S.A.",ITEM01,81.15.00,30.13.00,81.15.00,81.15.00,22,,Stock,1,,0,0,0,0,0,0,0,,0,0,,3000-12-31T00:00:00,2023-05-22T17:27:50.033,11,DECORAZIONE,14,"Quadri incorniciati e Decorazioni a parete",,,FUSION,,Array,,,
30318,22620583,0,8424002047450,"porta ombrelli porcellana decorata multi 20x45cm",POLVEND1,DESIGN,"ITEM INTERNATIONAL S.A.",ITEM01,"ITEM INTERNATIONAL S.A.",ITEM01,41.34.00,17.38,41.34.00,41.34.00,22,,Stock,1,,0,0,0,0,0,0,0,,0,0,,3000-12-31T00:00:00,2023-05-22T17:28:17.95,5,"ALTRE STANZE",15,"Appendiabiti e porta ombrelli",,,LAB,,Array,,,
30309,22620606,0,8424002034818,"vaso coperchio porcellana bianco decori oro 16x30cm",POLVEND1,OLIMPO,"ITEM INTERNATIONAL S.A.",ITEM01,"ITEM INTERNATIONAL S.A.",ITEM01,45.04.00,20.27,45.04.00,45.04.00,22,,Stock,1,,0,0,0,0,0,0,0,,0,0,,3000-12-31T00:00:00,2023-05-22T17:28:44.733,11,DECORAZIONE,34,"Vasi per interno",,,ICON,,Array,,,
30297,22620613,0,8424001931033,"quadro buddha bianco 90x130cm",POLVEND1,BUDDHA,"ITEM INTERNATIONAL S.A.",ITEM01,"ITEM INTERNATIONAL S.A.",ITEM01,81.15.00,31.26.00,81.15.00,81.15.00,22,,Stock,1,,0,0,0,0,0,0,0,,0,0,,3000-12-31T00:00:00,2023-05-22T17:29:14.963,11,DECORAZIONE,14,"Quadri incorniciati e Decorazioni a parete",,,FUSION,,Array,,,
30324,22620644,0,8424001895823,"tazza 360ml gres smaltato lucido  colore senape-vino",POLVEND1,CORDOBA,"ITEM INTERNATIONAL S.A.",ITEM01,"ITEM INTERNATIONAL S.A.",ITEM01,4.09,1.48,4.09,4.09,22,,Stock,1,,0,0,0,0,0,0,0,,0,0,,3000-12-31T00:00:00,2023-05-22T17:29:46.49,10,CASALINGHI,42,"Tazze(caffe',the,mug,colaz.)",,,FUSION,,Array,,,
30307,22620705,0,8424001863105,"vaso ceramica bianco-grigio opaco volto 15x35cm",POLVEND1,CONTEMPORARY,"ITEM INTERNATIONAL S.A.",ITEM01,"ITEM INTERNATIONAL S.A.",ITEM01,24.55.00,10.18,24.55.00,24.55.00,22,,Stock,1,,0,0,0,0,0,0,0,,0,0,,3000-12-31T00:00:00,2023-05-22T17:30:15.43,11,DECORAZIONE,34,"Vasi per interno",,,FUSION,,Array,,,
30319,22620712,0,8424002052591,"plaid cotone nido ape 170x130cm",POLVEND1,NIDO,"ITEM INTERNATIONAL S.A.",ITEM01,"ITEM INTERNATIONAL S.A.",ITEM01,16.35,5.52,16.35,16.35,22,,Stock,1,,0,0,0,0,0,0,0,,0,0,,3000-12-31T00:00:00,2023-05-22T17:30:53.613,9,TESSILE,14,"Coperte, Copriletti e Plaid",,,BASIC,,Array,,,
30294,22620729,0,8424001881468,"tela astratta multi 90x120cm",POLVEND1,ASTRATTO,"ITEM INTERNATIONAL S.A.",ITEM01,"ITEM INTERNATIONAL S.A.",ITEM01,61.43.00,22.44,61.43.00,61.43.00,22,,Stock,1,,0,0,0,0,0,0,0,,0,0,,3000-12-31T00:00:00,2023-05-22T17:31:33.897,11,DECORAZIONE,14,"Quadri incorniciati e Decorazioni a parete",,,BASIC,,Array,,,
30308,22620736,0,8424002008581,"porta vaso statua metallo grigio  30x20x40cm",POLVEND1,RAPANUI,"ITEM INTERNATIONAL S.A.",ITEM01,"ITEM INTERNATIONAL S.A.",ITEM01,33.15.00,12.7,33.15.00,33.15.00,22,,Stock,1,,0,0,0,0,0,0,0,,0,0,,3000-12-31T00:00:00,2023-05-22T17:32:01.07,11,DECORAZIONE,34,"Vasi per interno",,,FUSION,,Array,,,
30197,22620095,0,3560239393641,"portapiatti pieghevole  2 livelli bambu naturale",POLVEND1,NATURE,"JJA SA",JJAS01,"JJA SA",JJAS01,11.01,5.15,11.01,11.01,22,,Stock,1,,0,0,0,0,0,0,0,,0,0,,3000-12-31T00:00:00,2023-05-22T18:01:48.043,10,CASALINGHI,49,"Accessori vari",,,BASIC,,Array,,,
30327,22620835,0,5414780314953,"tappeto 160x230cm cotone bianco",POLVEND1,PLUME,"STUDIO SACEF SRL",SACE02,"STUDIO SACEF SRL",SACE02,327.05.00,140.32.00,327.05.00,327.05.00,22,,Stock,1,,0,0,0,0,0,0,0,,0,0,,3000-12-31T00:00:00,2023-05-23T10:40:46.837,8,TAPPETI,13,"Tappeti orientali,kilim,lana",,,ICON,,Array,,,
30328,22620842,0,5414780397840,"tappeto in pelle riciclata 180x240cm multi",POLVEND1,RECYCLED,"STUDIO SACEF SRL",SACE02,"STUDIO SACEF SRL",SACE02,187.7,79.16.00,187.7,187.7,22,,Stock,1,,0,0,0,0,0,0,0,,0,0,,3000-12-31T00:00:00,2023-05-23T10:41:12.293,8,TAPPETI,13,"Tappeti orientali,kilim,lana",,,RAW,,Array,,,
30329,22620859,0,8003512785108,"padella d.20cm antiaderente anche induzione paprika",POLVEND1,"ALESSANDRO BORGHESE","PENGO SPA",PENG02,"PENGO SPA",PENG02,16.35,7.6,16.35,16.35,22,,Stock,1,,0,0,0,0,0,0,0,,0,0,,3000-12-31T00:00:00,2023-05-23T11:31:06.667,10,CASALINGHI,12,Pentole,,,FUSION,,Array,,,
30330,22620866,0,8003512785122,"padella d.24cm antiaderente anche induzione paprika",POLVEND1,"ALESSANDRO BORGHESE","PENGO SPA",PENG02,"PENGO SPA",PENG02,20.45,9.5,20.45,20.45,22,,Stock,1,,0,0,0,0,0,0,0,,0,0,,3000-12-31T00:00:00,2023-05-23T11:31:06.697,10,CASALINGHI,12,Pentole,,,FUSION,,Array,,,
30331,22620873,0,8003512785146,"padella d.28cm antiaderente anche induzione paprika",POLVEND1,"ALESSANDRO BORGHESE","PENGO SPA",PENG02,"PENGO SPA",PENG02,24.55.00,11.4,24.55.00,24.55.00,22,,Stock,1,,0,0,0,0,0,0,0,,0,0,,3000-12-31T00:00:00,2023-05-23T11:31:06.697,10,CASALINGHI,12,Pentole,,,FUSION,,Array,,,
30332,22620880,0,8003512785177,"casseruola 2 manici d.20cm antiaderente induzione paprika",POLVEND1,"ALESSANDRO BORGHESE","PENGO SPA",PENG02,"PENGO SPA",PENG02,24.55.00,10.45,24.55.00,24.55.00,22,,Stock,1,,0,0,0,0,0,0,0,,0,0,,3000-12-31T00:00:00,2023-05-23T11:31:06.713,10,CASALINGHI,12,Pentole,,,FUSION,,Array,,,
30333,22620897,0,8003512785153,"casseruola 2 manici d.24cm antiaderente induzione paprika",POLVEND1,"ALESSANDRO BORGHESE","PENGO SPA",PENG02,"PENGO SPA",PENG02,29.05.00,13.3,29.05.00,29.05.00,22,,Stock,1,,0,0,0,0,0,0,0,,0,0,,3000-12-31T00:00:00,2023-05-23T11:31:06.713,10,CASALINGHI,12,Pentole,,,FUSION,,Array,,,
30334,22620903,0,8003512785153,"casseruola 1 manico antiaderente induzione d.18cm",POLVEND1,"ALESSANDRO BORGHESE","PENGO SPA",PENG02,"PENGO SPA",PENG02,19.21,8.55,19.21,19.21,22,,Stock,1,,0,0,0,0,0,0,0,,0,0,,3000-12-31T00:00:00,2023-05-23T11:31:06.73,10,CASALINGHI,12,Pentole,,,FUSION,,Array,,,
30335,22620910,0,8003512785191,"tegame 2 manici d.28cm antiaderente induzione paprika",POLVEND1,"ALESSANDRO BORGHESE","PENGO SPA",PENG02,"PENGO SPA",PENG02,29.05.00,13.3,29.05.00,29.05.00,22,,Stock,1,,0,0,0,0,0,0,0,,0,0,,3000-12-31T00:00:00,2023-05-23T11:31:06.743,10,CASALINGHI,12,Pentole,,,FUSION,,Array,,,
30336,22620927,0,8003512785269,"padella d.20cm antiaderente anche x induzione nera",POLVEND1,ALLBLACK,"PENGO SPA",PENG02,"PENGO SPA",PENG02,16.35,7.03,16.35,16.35,22,,Stock,1,,0,0,0,0,0,0,0,,0,0,,3000-12-31T00:00:00,2023-05-23T11:31:06.743,10,CASALINGHI,12,Pentole,,,RAW,,Array,,,
30337,22620934,0,8003512785283,"padella d.24cm antiaderente anche x induzione nera",POLVEND1,ALLBLACK,"PENGO SPA",PENG02,"PENGO SPA",PENG02,20.45,8.46,20.45,20.45,22,,Stock,1,,0,0,0,0,0,0,0,,0,0,,3000-12-31T00:00:00,2023-05-23T11:31:06.76,10,CASALINGHI,12,Pentole,,,RAW,,Array,,,
30338,22620941,0,8003512785306,"padella d.28cm antiaderente anche x induzione nera",POLVEND1,ALLBLACK,"PENGO SPA",PENG02,"PENGO SPA",PENG02,24.55.00,10.26,24.55.00,24.55.00,22,,Stock,1,,0,0,0,0,0,0,0,,0,0,,3000-12-31T00:00:00,2023-05-23T11:31:06.777,10,CASALINGHI,12,Pentole,,,RAW,,Array,,,
30339,22620958,0,8003512785368,"tegame 2 manici d.28cm antiaderente anche induzione nero",POLVEND1,ALLBLACK,"PENGO SPA",PENG02,"PENGO SPA",PENG02,29.05.00,12.35,29.05.00,29.05.00,22,,Stock,1,,0,0,0,0,0,0,0,,0,0,,3000-12-31T00:00:00,2023-05-23T11:31:06.777,10,CASALINGHI,12,Pentole,,,RAW,,Array,,,
30340,22620965,0,8003512785337,"casseruola 2 manici d.20cm antiaderente anche induzione nera",POLVEND1,ALLBLACK,"PENGO SPA",PENG02,"PENGO SPA",PENG02,24.55.00,10.28,24.55.00,24.55.00,22,,Stock,1,,0,0,0,0,0,0,0,,0,0,,3000-12-31T00:00:00,2023-05-23T11:31:06.79,10,CASALINGHI,12,Pentole,,,RAW,,Array,,,
30341,22620972,0,8003512785313,"casseruola un manico antiaderente anche x induzione d.16",POLVEND1,ALLBLACK,"PENGO SPA",PENG02,"PENGO SPA",PENG02,16.35,7.7,16.35,16.35,22,,Stock,1,,0,0,0,0,0,0,0,,0,0,,3000-12-31T00:00:00,2023-05-23T11:31:06.807,10,CASALINGHI,12,Pentole,,,RAW,,Array,,,
30345,22621016,0,8003512753824,"padella brunch antiaderente d.16 grigia/canapa",POLVEND1,BRUNCH,"PENGO SPA",PENG02,"PENGO SPA",PENG02,14.29,6.01,14.29,14.29,22,,Stock,1,,0,0,0,0,0,0,0,,0,0,,3000-12-31T00:00:00,2023-05-23T11:31:06.837,10,CASALINGHI,12,Pentole,,,FUSION,,Array,,,
30346,22621023,0,8003512753831,"casseruola brunch antiaderente d.16 grigia/canapa",POLVEND1,BRUNCH,"PENGO SPA",PENG02,"PENGO SPA",PENG02,16.35,7.05,16.35,16.35,22,,Stock,1,,0,0,0,0,0,0,0,,0,0,,3000-12-31T00:00:00,2023-05-23T11:31:06.853,10,CASALINGHI,12,Pentole,,,FUSION,,Array,,,
30348,22621047,0,3664323120875,"distributore sapone dolomite nero cromo",POLVEND1,LONDON,TENDANCE,TEND02,TENDANCE,TEND02,6.13,2.45,6.13,6.13,22,,Stock,1,,0,0,0,0,0,0,0,,0,0,,3000-12-31T00:00:00,2023-05-23T12:05:49.633,5,"ALTRE STANZE",35,"Accessori Vari",,,LAB,,Array,,,
30349,22621054,0,3664323120820,"bicchiere porta spazzolini dolomite nero",POLVEND1,LONDON,TENDANCE,TEND02,TENDANCE,TEND02,3.27,1.3,3.27,3.27,22,,Stock,1,,0,0,0,0,0,0,0,,0,0,,3000-12-31T00:00:00,2023-05-23T12:05:49.663,5,"ALTRE STANZE",35,"Accessori Vari",,,LAB,,Array,,,
30350,22621061,0,3664323110340,"scopino sfera  gres nero e cromo",POLVEND1,LONDON,TENDANCE,TEND02,TENDANCE,TEND02,8.19,3.25,8.19,8.19,22,,Stock,1,,0,0,0,0,0,0,0,,0,0,,3000-12-31T00:00:00,2023-05-23T12:05:49.68,5,"ALTRE STANZE",35,"Accessori Vari",,,LAB,,Array,,,
30351,22621078,0,3664323110326,"scopino sfera  gres bianco e cromo",POLVEND1,LONDON,TENDANCE,TEND02,TENDANCE,TEND02,8.19,3.25,8.19,8.19,22,,Stock,1,,0,0,0,0,0,0,0,,0,0,,3000-12-31T00:00:00,2023-05-23T12:05:49.697,5,"ALTRE STANZE",35,"Accessori Vari",,,LAB,,Array,,,
30352,22621085,0,3664323110395,"scopino sfera  gres grigio e cromo",POLVEND1,LONDON,TENDANCE,TEND02,TENDANCE,TEND02,8.19,3.25,8.19,8.19,22,,Stock,1,,0,0,0,0,0,0,0,,0,0,,3000-12-31T00:00:00,2023-05-23T12:05:49.71,5,"ALTRE STANZE",35,"Accessori Vari",,,LAB,,Array,,,
30353,22621092,0,3664323165463,"scatola porta cotone polyresina canapa coperchio bamboo",POLVEND1,SAGE,TENDANCE,TEND02,TENDANCE,TEND02,6.55,2.8,6.55,6.55,22,,Stock,1,,0,0,0,0,0,0,0,,0,0,,3000-12-31T00:00:00,2023-05-23T12:05:49.71,5,"ALTRE STANZE",35,"Accessori Vari",,,BASIC,,Array,,,
30354,22621108,0,3664323159677,"scatola porta cotone polyresina verde coperchio bamboo",POLVEND1,SAGE,TENDANCE,TEND02,TENDANCE,TEND02,6.55,2.8,6.55,6.55,22,,Stock,1,,0,0,0,0,0,0,0,,0,0,,3000-12-31T00:00:00,2023-05-23T12:05:49.727,5,"ALTRE STANZE",35,"Accessori Vari",,,BASIC,,Array,,,
30355,22621115,0,3664323159684,"scatola porta cotone polyresina bianco coperchio bamboo",POLVEND1,SAGE,TENDANCE,TEND02,TENDANCE,TEND02,6.55,2.8,6.55,6.55,22,,Stock,1,,0,0,0,0,0,0,0,,0,0,,3000-12-31T00:00:00,2023-05-23T12:05:49.727,5,"ALTRE STANZE",35,"Accessori Vari",,,BASIC,,Array,,,
30356,22621122,0,3664323159691,"scatola porta cotone polyresina nero coperchio bamboo",POLVEND1,SAGE,TENDANCE,TEND02,TENDANCE,TEND02,6.55,2.8,6.55,6.55,22,,Stock,1,,0,0,0,0,0,0,0,,0,0,,3000-12-31T00:00:00,2023-05-23T12:05:49.743,5,"ALTRE STANZE",35,"Accessori Vari",,,BASIC,,Array,,,
30359,22621153,0,3560238333860,"set coprip matrim 240x220cm +2 copric bco-nero-pavone",POLVEND1,BALI,"JJA SA",JJAS01,"JJA SA",JJAS01,41.34.00,13.13,45.04.00,45.04.00,22,,Stock,1,,0,0,0,0,0,0,0,,0,0,,3000-12-31T00:00:00,2023-05-23T12:49:29.453,9,TESSILE,12,Copripiumini,,,FUSION,,Array,,,
30361,22621177,0,3560238696804,"set coprip matrim 240x220cm +2 copric palme oro",POLVEND1,DUBAI,"JJA SA",JJAS01,"JJA SA",JJAS01,41.34.00,13.13,45.04.00,45.04.00,22,,Stock,1,,0,0,0,0,0,0,0,,0,0,,3000-12-31T00:00:00,2023-05-23T12:49:29.47,9,TESSILE,12,Copripiumini,,,FUSION,,Array,,,
30358,22621146,0,3560231652708,"set copripiu 220x240cm 2 copric doppia garza cot antr",POLVEND1,PLUME,"JJA SA",JJAS01,"JJA SA",JJAS01,57.34.00,21,57.34.00,57.34.00,22,,Stock,1,,0,0,0,0,0,0,0,,0,0,,3000-12-31T00:00:00,2023-05-23T12:50:26.34,9,TESSILE,12,Copripiumini,,,RAW,,Array,,,
30357,22621139,0,3560231652722,"set copripium 220x240cm 2 copric doppia garza cot verde",POLVEND1,PLUME,"JJA SA",JJAS01,"JJA SA",JJAS01,57.34.00,21,57.34.00,57.34.00,22,,Stock,1,,0,0,0,0,0,0,0,,0,0,,3000-12-31T00:00:00,2023-05-23T12:51:47.74,9,TESSILE,12,Copripiumini,,,FUSION,,Array,,,
9984,22439918,0,99844,"sedia seduta ecopelle antracite base metallo nero 45x53x88h",POLVEND2,ARCADIA,"CICIRIELLO SRL",CICI01,"CICIRIELLO SRL",CICI01,81.15.00,40,81.15.00,81.15.00,22,,Stock,1,,0,0,0,0,0,0,0,,0,0,,3000-12-31T00:00:00,2023-05-23T14:51:31.17,1,SOGGIORNI,42,Sedie,,,BASIC,,Array,,,
30527,22195500,88,305273,"tappeto cm.290x200",POLVEND3,EGO,"ABC ITALIA SURL",ABCI01,"ABC ITALIA SURL",ABCI01,212.3,89.56.00,212.3,212.3,22,,Riferimento,1,,0,0,0,0,0,0,0,,0,0,,3000-12-31T00:00:00,2023-05-26T16:37:19.747,8,TAPPETI,14,"Tappeti polipropilene, Heat set, PVC",,,FUSION,,Array,,,
30360,22621160,0,3560233810175,"set coprip matr 240x220cm +2 copric forest multi",POLVEND1,"FORET D'ART","JJA SA",JJAS01,"JJA SA",JJAS01,41.34.00,13.13,45.04.00,45.04.00,22,,Stock,1,,0,0,0,0,0,0,0,,0,0,,3000-12-31T00:00:00,2023-05-26T17:38:24.62,9,TESSILE,12,Copripiumini,,,FUSION,,Array,,,
30528,22623447,0,305280,"piumino estivo matr microfibra anallergica 100grmq",POLVEND1,SUMMER,"SOFITEX SRL",SOFI02,"SOFITEX SRL",SOFI02,45.04.00,18.4,45.04.00,45.04.00,22,,Stock,1,,0,0,0,0,0,0,0,,0,0,,3000-12-31T00:00:00,2023-05-29T14:37:47.377,9,TESSILE,11,"Piumini e Trapunte",,,BASIC,,Array,,,
30529,22623454,0,305297,"piumino invernale matr microfibra anallergica 300grmq",POLVEND1,WINTER,"SOFITEX SRL",SOFI02,"SOFITEX SRL",SOFI02,57.34.00,26.3,57.34.00,57.34.00,22,,Stock,1,,0,0,0,0,0,0,0,,0,0,,3000-12-31T00:00:00,2023-05-29T14:37:47.457,9,TESSILE,11,"Piumini e Trapunte",,,BASIC,,Array,,,
30531,22623478,0,305310,"piumino estivo 1p1/2 microfibra anallergica 100grmq",POLVEND1,SUMMER,"SOFITEX SRL",SOFI02,"SOFITEX SRL",SOFI02,41.34.00,15,41.34.00,41.34.00,22,,Stock,1,,0,0,0,0,0,0,0,,0,0,,3000-12-31T00:00:00,2023-05-29T14:37:47.487,9,TESSILE,11,"Piumini e Trapunte",,,BASIC,,Array,,,
30532,22623485,0,305327,"piumino inv 1p1/2 microf analle 300grmq effetto piuma",POLVEND1,WINTER,"SOFITEX SRL",SOFI02,"SOFITEX SRL",SOFI02,49.14.00,22,49.14.00,49.14.00,22,,Stock,1,,0,0,0,0,0,0,0,,0,0,,3000-12-31T00:00:00,2023-05-29T14:37:47.487,9,TESSILE,11,"Piumini e Trapunte",,,BASIC,,Array,,,
30530,22623461,0,305303,"piumino 4 stagioni matr microfibra anallergica",POLVEND1,4SEASONS,"SOFITEX SRL",SOFI02,"SOFITEX SRL",SOFI02,97.54.00,46.3,97.54.00,97.54.00,22,,Stock,1,,0,0,0,0,0,0,0,,0,0,,3000-12-31T00:00:00,2023-05-29T14:38:34.98,9,TESSILE,11,"Piumini e Trapunte",,,BASIC,,Array,,,
27561,22195487,200,275613,"tappeto cm.300x200 100% lana",POLVEND1,KILIM,"ABC ITALIA SURL",ABCI01,"ABC ITALIA SURL",ABCI01,327.05.00,182.36.00,327.05.00,327.05.00,22,,Stock,1,,0,0,0,0,0,0,0,,0,0,,2023-05-30T00:00:00,2023-05-30T09:30:36.733,8,TAPPETI,13,"Tappeti orientali,kilim,lana",,,FUSION,,Array,,,
25943,22491817,200,3664848227660,"quadro donna bianco nero disco 100x140cm",POLVEND1,DISCO,"BLONDE ATTITUDE",BLON02,"BLONDE ATTITUDE",BLON02,106.14.00,65,106.14.00,106.14.00,22,,Stock,1,,0,0,0,0,0,0,0,,0,0,,2023-05-30T00:00:00,2023-05-30T09:43:21.873,11,DECORAZIONE,14,"Quadri incorniciati e Decorazioni a parete",,,LAB,,Array,,,
30680,22492074,0,8714302696800,"lanterna verde muschio vetro d.12x15,5hcm inclusa lampadina led",POLVEND1,VOTIVE,"PT GROUP B.V.",PTGR01,"PT GROUP B.V.",PTGR01,11.01,5.36,11.01,11.01,22,,Stock,1,,0,0,0,0,0,0,0,,0,0,,3000-12-31T00:00:00,2023-05-30T11:02:12.527,11,DECORAZIONE,45,Candelieri,,,,,Array,,,
30683,22492166,0,8714302696985,"orologio cucu verde oliva legno 41x21,50",POLVEND1,KOOKOO,"PT GROUP B.V.",PTGR01,"PT GROUP B.V.",PTGR01,53.24.00,24.29.00,53.24.00,53.24.00,22,,Stock,1,,0,0,0,0,0,0,0,,0,0,,3000-12-31T00:00:00,2023-05-30T11:02:12.543,11,DECORAZIONE,21,"Orologi da parete",,,,,Array,,,
30684,22492173,0,8714302697982,"orologio con cucu nero opaco 26x23 legno",POLVEND1,NIDO,"PT GROUP B.V.",PTGR01,"PT GROUP B.V.",PTGR01,49.14.00,26.36.00,49.14.00,49.14.00,22,,Stock,1,,0,0,0,0,0,0,0,,0,0,,3000-12-31T00:00:00,2023-05-30T11:02:12.557,11,DECORAZIONE,21,"Orologi da parete",,,,,Array,,,
30685,22492180,0,8714302146916,"orologio legno naturale /nerod.31,5cm con cucu",POLVEND1,FOREST,"PT GROUP B.V.",PTGR01,"PT GROUP B.V.",PTGR01,49.14.00,25.39.00,49.14.00,49.14.00,22,,Stock,1,,0,0,0,0,0,0,0,,0,0,,3000-12-31T00:00:00,2023-05-30T11:02:12.557,11,DECORAZIONE,21,"Orologi da parete",,,,,Array,,,
30686,22492197,0,8714302138249,"orologio effetto marmo nero a pendolo d.25 h 75,30cm",POLVEND1,STONE,"PT GROUP B.V.",PTGR01,"PT GROUP B.V.",PTGR01,49.14.00,23.17,49.14.00,49.14.00,22,,Stock,1,,0,0,0,0,0,0,0,,0,0,,3000-12-31T00:00:00,2023-05-30T11:02:12.557,11,DECORAZIONE,21,"Orologi da parete",,,,,Array,,,
30687,22492203,0,8714302641893,"orologio nero-oro d.45cm",POLVEND1,NY,"PT GROUP B.V.",PTGR01,"PT GROUP B.V.",PTGR01,49.14.00,24.16.00,49.14.00,49.14.00,22,,Stock,1,,0,0,0,0,0,0,0,,0,0,,3000-12-31T00:00:00,2023-05-30T11:02:12.573,11,DECORAZIONE,21,"Orologi da parete",,,,,Array,,,
30688,22492210,0,8714302601194,"porta frutta metallo color oro 25x22cm",POLVEND1,GOLD,"PT GROUP B.V.",PTGR01,"PT GROUP B.V.",PTGR01,16.35,9.18,16.35,16.35,22,,Stock,1,,0,0,0,0,0,0,0,,0,0,,3000-12-31T00:00:00,2023-05-30T11:02:12.573,10,CASALINGHI,21,"Barattoli e contenitori",,,,,Array,,,
30739,22623874,0,8059340228805,"tappeto 300x200cm 100%poly stones",POLVEND3,STONES,"W.M.D. SRL",WMDS01,"W.M.D. SRL",WMDS01,241.8,110.38.00,241.8,241.8,22,,Riferimento,1,,0,0,0,0,0,0,0,,0,0,,3000-12-31T00:00:00,2023-05-30T15:13:43.033,,,,,,,RAW,,Array,,,
30740,22623881,0,8059340228744,"tappeto 300x200cm 100%poly geometrico multi",POLVEND3,BOSTON,"W.M.D. SRL",WMDS01,"W.M.D. SRL",WMDS01,241.8,110.38.00,241.8,241.8,22,,Riferimento,1,,0,0,0,0,0,0,0,,0,0,,3000-12-31T00:00:00,2023-05-30T15:13:43.113,,,,,,,RAW,,Array,,,
27589,21143700,200,8033433834159,"tappeto pelle zebra 170x240 cm",POLVEND1,KENIA,"ABC ITALIA SURL",ABCI01,"ABC ITALIA SURL",ABCI01,204.1,122.33.00,204.1,204.1,22,,Stock,1,,0,0,0,0,0,0,0,,0,0,,2023-06-01T00:00:00,2023-05-30T17:50:54.73,8,TAPPETI,13,"Tappeti orientali,kilim,lana",,,BASIC,,Array,,,
27587,21087370,200,8051513664533,"tappeto cm.133x190 polipropilene",POLVEND1,MIRAR,"ABC ITALIA SURL",ABCI01,"ABC ITALIA SURL",ABCI01,106.14.00,44.04.00,106.14.00,106.14.00,22,,Stock,1,,0,0,0,0,0,0,0,,0,0,,2023-06-01T00:00:00,2023-05-30T17:51:15.703,8,TAPPETI,14,"Tappeti polipropilene, Heat set, PVC",,,BASIC,,Array,,,
22292,20651725,88,222921,"sedia (2pack) 60x60xh87 con braccioli pu grafite",POLVEND3,AMBER,"JULIA GRUP FURNITURE SOLUTIONS S.L.",JULI03,"JULIA GRUP FURNITURE SOLUTIONS S.L.",JULI03,160.24.00,86.56.00,160.24.00,160.24.00,22,,Riferimento,1,,0,0,0,0,0,0,0,,0,0,,3000-12-31T00:00:00,2023-06-01T12:42:11.06,1,SOGGIORNI,42,Sedie,,,BASIC,,Array,,,
30344,22621009,0,8003512847011,"casseruola 1 manico antiaderente anche x induzione d.16cm",POLVEND1,NATURE,"PENGO SPA",PENG02,"PENGO SPA",PENG02,11.01,4.09,11.01,11.01,22,,Stock,1,,0,0,0,0,0,0,0,,0,0,,3000-12-31T00:00:00,2023-06-05T14:59:20.187,10,CASALINGHI,12,Pentole,,,BASIC,,Array,,,
30343,22620996,0,8003512847028,"teglia sfornatutto antiaderente multicolor 25x19cm",POLVEND1,NATURE,"PENGO SPA",PENG02,"PENGO SPA",PENG02,8.19,4.03,8.19,8.19,22,,Stock,1,,0,0,0,0,0,0,0,,0,0,,2023-06-05T00:00:00,2023-06-05T15:00:04.823,10,CASALINGHI,12,Pentole,,,BASIC,,Array,,,
30342,22620989,0,8003512847004,"wok antiaderente multi d.18cm anche x induzione",POLVEND1,NATURE,"PENGO SPA",PENG02,"PENGO SPA",PENG02,11.01,4.09,11.01,11.01,22,,Stock,1,,0,0,0,0,0,0,0,,0,0,,3000-12-31T00:00:00,2023-06-05T15:00:36.227,10,CASALINGHI,12,Pentole,,,BASIC,,Array,,,
26970,22191229,0,8693357547544,"set 6 bicchieri  cl 31",POLVEND1,SIX,"PENGO SPA",PENG02,"PENGO SPA",PENG02,6.13,2.12,6.13,6.13,22,,Stock,1,,0,0,0,0,0,0,0,,0,0,,3000-12-31T00:00:00,2023-06-05T15:37:26.12,10,CASALINGHI,44,Bicchieri,,,BASIC,,Array,,,
26869,21871047,0,8003512777226,"bottiglia vetro  lt1,0",POLVEND1,HIVE,"PENGO SPA",PENG02,"PENGO SPA",PENG02,6.13,2.35,6.13,6.13,22,,Stock,1,,0,0,0,0,0,0,0,,0,0,,3000-12-31T00:00:00,2023-06-05T15:37:49.743,10,CASALINGHI,44,Bicchieri,,,BASIC,,Array,,,
30271,21578885,88,8056157927648,"tappeto 160x230 bianco poliestere marrakesh",POLVEND3,ABU,"W.M.D. SRL",WMDS01,"W.M.D. SRL",WMDS01,163.11.00,76.12.00,163.11.00,163.11.00,22,,Riferimento,1,,0,0,0,0,0,0,0,,0,0,,3000-12-31T00:00:00,2023-06-05T16:01:53.653,8,TAPPETI,14,"Tappeti polipropilene, Heat set, PVC",,,BASIC,,Array,,,
27526,21476488,0,275262,"tappeto 80x150 bianco poliestere marrakesh",POLVEND1,ABU,"W.M.D. SRL",WMDS01,"W.M.D. SRL",WMDS01,56.56.00,25.09.00,56.56.00,56.56.00,22,,Stock,1,,0,0,0,0,0,0,0,,0,0,,3000-12-31T00:00:00,2023-06-05T16:02:21.203,8,TAPPETI,14,"Tappeti polipropilene, Heat set, PVC",,,BASIC,,Array,,,
30276,21578878,88,8056157927655,"tappeto 200x300 bianco poliestere marrakesh",POLVEND3,ABU,"W.M.D. SRL",WMDS01,"W.M.D. SRL",WMDS01,270.07.00,123.45.00,270.07.00,270.07.00,22,,Riferimento,1,,0,0,0,0,0,0,0,,0,0,,3000-12-31T00:00:00,2023-06-05T16:02:46.613,8,TAPPETI,14,"Tappeti polipropilene, Heat set, PVC",,,BASIC,,Array,,,
30286,21578892,88,302869,"tappeto 133x190 bianco poliestere marrakesh",POLVEND3,ABU,"W.M.D. SRL",WMDS01,"W.M.D. SRL",WMDS01,114.33.00,52.39.00,114.33.00,114.33.00,22,,Riferimento,1,,0,0,0,0,0,0,0,,0,0,,3000-12-31T00:00:00,2023-06-05T16:03:07.673,8,TAPPETI,14,"Tappeti polipropilene, Heat set, PVC",,,BASIC,,Array,,,
30290,21762062,88,302906,"tappeto tondo d 133 cm bianco 100%polipropilene",POLVEND3,ABU,"W.M.D. SRL",WMDS01,"W.M.D. SRL",WMDS01,89.34.00,36.39.00,89.34.00,89.34.00,22,,Riferimento,1,,0,0,0,0,0,0,0,,0,0,,3000-12-31T00:00:00,2023-06-05T16:03:43.877,8,TAPPETI,14,"Tappeti polipropilene, Heat set, PVC",,,BASIC,,Array,,,
30777,22624758,0,8052693171057,"tappeto antiscivolo 40%cot60%polt 150x230cm senape",POLVEND1,SPEZIE,"W.M.D. SRL",WMDS01,"W.M.D. SRL",WMDS01,138.52.00,53.19.00,138.52.00,138.52.00,22,,Stock,1,,0,0,0,0,0,0,0,,0,0,,3000-12-31T00:00:00,2023-06-07T15:35:32.237,8,TAPPETI,11,"Dhurries, pezzotti e cotone",,,FUSION,,Array,,,
30776,22624741,0,8052693171323,"tappeto antisc 40%cot60%polt 150x230cm terra di siena",POLVEND1,SPEZIE,"W.M.D. SRL",WMDS01,"W.M.D. SRL",WMDS01,138.52.00,53.19.00,138.52.00,138.52.00,22,,Stock,1,,0,0,0,0,0,0,0,,0,0,,3000-12-31T00:00:00,2023-06-07T15:35:56.85,8,TAPPETI,11,"Dhurries, pezzotti e cotone",,,FUSION,,Array,,,
30778,22624765,0,8052693171460,"passatoia antiscivolo 40%cot60%polt 57x240cm canapa",POLVEND1,SPEZIE,"W.M.D. SRL",WMDS01,"W.M.D. SRL",WMDS01,49.14.00,21.33,49.14.00,49.14.00,22,,Stock,1,,0,0,0,0,0,0,0,,0,0,,3000-12-31T00:00:00,2023-06-07T15:36:18.9,8,TAPPETI,11,"Dhurries, pezzotti e cotone",,,FUSION,,Array,,,
30775,22624734,0,8052693171002,"passatoia antiscivolo 40%cot60%polt 57x180cm senape",POLVEND1,SPEZIE,"W.M.D. SRL",WMDS01,"W.M.D. SRL",WMDS01,37.24.00,15.7,37.24.00,37.24.00,22,,Stock,1,,0,0,0,0,0,0,0,,0,0,,3000-12-31T00:00:00,2023-06-07T15:36:42.137,8,TAPPETI,11,"Dhurries, pezzotti e cotone",,,FUSION,,Array,,,
30779,22624796,0,3560238676721,"set 4pz bicchieri whisky vetro 29cl",POLVEND1,WHISKY,"JJA SA",JJAS01,"JJA SA",JJAS01,11.01,3.45,11.01,11.01,22,,Stock,1,,0,0,0,0,0,0,0,,0,0,,3000-12-31T00:00:00,2023-06-07T16:08:43.13,10,CASALINGHI,44,Bicchieri,,,RAW,,Array,,,
30780,22624802,0,3560239265757,"distributore bevande vetro 4lt",POLVEND1,SPA,"JJA SA",JJAS01,"JJA SA",JJAS01,12.25,4.25,12.25,12.25,22,,Stock,1,,0,0,0,0,0,0,0,,0,0,,3000-12-31T00:00:00,2023-06-07T16:09:17.773,10,CASALINGHI,44,Bicchieri,,,BASIC,,Array,,,
30781,22624819,0,3560237538280,"bicchiere vetro  36cl",POLVEND1,MOJITO,"JJA SA",JJAS01,"JJA SA",JJAS01,2.03,1.09,2.03,2.03,22,,Stock,1,,0,0,0,0,0,0,0,,0,0,,3000-12-31T00:00:00,2023-06-07T16:09:48.973,10,CASALINGHI,44,Bicchieri,,,BASIC,,Array,,,
30782,22624826,0,3560234511118,"secchiello champagne doppia finitura d.25cm acc inox",POLVEND1,COLD,"JJA SA",JJAS01,"JJA SA",JJAS01,11.01,4.15,11.01,11.01,22,,Stock,1,,0,0,0,0,0,0,0,,0,0,,3000-12-31T00:00:00,2023-06-07T16:10:28.24,10,CASALINGHI,49,"Accessori vari",,,BASIC,,Array,,,
30783,22624833,0,3560237578569,"raffreddatore per bottiglie vino neoprene 16x22cm nero",POLVEND1,SMART,"JJA SA",JJAS01,"JJA SA",JJAS01,6.55,2.1,6.55,6.55,22,,Stock,1,,0,0,0,0,0,0,0,,0,0,,3000-12-31T00:00:00,2023-06-07T16:12:27.883,10,CASALINGHI,49,"Accessori vari",,,BASIC,,Array,,,
30784,22624840,0,3560233785145,"set teiera filtro acc+tazza gres verde+piat.bambu40cl",POLVEND1,MYTIME,"JJA SA",JJAS01,"JJA SA",JJAS01,14.29,5.25,14.29,14.29,22,,Stock,1,,0,0,0,0,0,0,0,,0,0,,3000-12-31T00:00:00,2023-06-07T16:13:01.89,10,CASALINGHI,17,"Taglieri e coltelli",,,BASIC,,Array,,,
30785,22624857,0,3560239153078,"tazza  porcellana  multicolor  con scritte  32 cl",POLVEND1,BONJOUR,"JJA SA",JJAS01,"JJA SA",JJAS01,3.27,1.3,3.27,3.27,22,,Stock,1,,0,0,0,0,0,0,0,,0,0,,3000-12-31T00:00:00,2023-06-07T16:13:35.193,10,CASALINGHI,42,"Tazze(caffe',the,mug,colaz.)",,,ICON,,Array,,,
30786,22624864,0,3560231533359,"set 4tazze porcellana multic supporto bambu 38cl",POLVEND1,COPENAGHEN,"JJA SA",JJAS01,"JJA SA",JJAS01,20.45,8.28,20.45,20.45,22,,Stock,1,,0,0,0,0,0,0,0,,0,0,,3000-12-31T00:00:00,2023-06-07T16:14:05.18,10,CASALINGHI,42,"Tazze(caffe',the,mug,colaz.)",,,BASIC,,Array,,,
30787,22624871,0,3560238717516,"teiera borosilicato filtro acc coperchio bambu 40cl",POLVEND1,ESSENZA,"JJA SA",JJAS01,"JJA SA",JJAS01,11.01,4.34,11.01,11.01,22,,Stock,1,,0,0,0,0,0,0,0,,0,0,,3000-12-31T00:00:00,2023-06-07T16:14:47.877,10,CASALINGHI,17,"Taglieri e coltelli",,,BASIC,,Array,,,
30788,22624888,0,3560231529802,"bottiglia vetro 1lt con coperchio bambu",POLVEND1,ESSENZA,"JJA SA",JJAS01,"JJA SA",JJAS01,8.19,3.03,8.19,8.19,22,,Stock,1,,0,0,0,0,0,0,0,,0,0,,3000-12-31T00:00:00,2023-06-07T16:15:22.273,10,CASALINGHI,44,Bicchieri,,,BASIC,,Array,,,
30789,22624895,0,3560237543888,"caraffa vetro con coperchio in bambu 1,2lt",POLVEND1,ESSENZA,"JJA SA",JJAS01,"JJA SA",JJAS01,16.35,7.23,16.35,16.35,22,,Stock,1,,0,0,0,0,0,0,0,,0,0,,3000-12-31T00:00:00,2023-06-07T16:15:55.247,10,CASALINGHI,44,Bicchieri,,,BASIC,,Array,,,
30790,22624901,0,3560233784513,"tovaglietta fibra naturale con frange  45x30cm",POLVEND1,JUTE,"JJA SA",JJAS01,"JJA SA",JJAS01,2.45,1.19,2.45,2.45,22,,Stock,1,,0,0,0,0,0,0,0,,0,0,,3000-12-31T00:00:00,2023-06-07T16:16:24.337,9,TESSILE,51,"Tovaglie,tovaglitte,tovaglioli",,,BASIC,,Array,,,
30791,22624918,0,3560237579122,"tovaglietta fibra naturale frange  45x30cm terra di siena",POLVEND1,JUTE,"JJA SA",JJAS01,"JJA SA",JJAS01,2.45,1.19,2.45,2.45,22,,Stock,1,,0,0,0,0,0,0,0,,0,0,,3000-12-31T00:00:00,2023-06-07T16:17:06.67,9,TESSILE,51,"Tovaglie,tovaglitte,tovaglioli",,,BASIC,,Array,,,
30792,22624925,0,3560233784483,"tovaglietta fibra naturale con frange  45x30cm nera",POLVEND1,JUTE,"JJA SA",JJAS01,"JJA SA",JJAS01,2.45,1.19,2.45,2.45,22,,Stock,1,,0,0,0,0,0,0,0,,0,0,,3000-12-31T00:00:00,2023-06-07T16:18:02.047,9,TESSILE,51,"Tovaglie,tovaglitte,tovaglioli",,,BASIC,,Array,,,
30793,22624932,0,3560238695005,"trapunta velluto fondo letto poly 80x180cm curry",POLVEND1,PALACE,"JJA SA",JJAS01,"JJA SA",JJAS01,20.45,8.41,20.45,20.45,22,,Stock,1,,0,0,0,0,0,0,0,,0,0,,3000-12-31T00:00:00,2023-06-07T16:19:00.23,9,TESSILE,14,"Coperte, Copriletti e Plaid",,,ICON,,Array,,,
30794,22624949,0,3560238475294,"set bastone tenda estensibile 210-380cm metallo multi",POLVEND1,STYLE,"JJA SA",JJAS01,"JJA SA",JJAS01,29.05.00,12.08,29.05.00,29.05.00,22,,Stock,1,,0,0,0,0,0,0,0,,0,0,,3000-12-31T00:00:00,2023-06-07T16:21:02.733,9,TESSILE,42,"Sistemi sospensione tende",,,BASIC,,Array,,,
30795,22625120,0,307956,"oggetto decorativo pigna bianca lucida h20cm",POLVEND1,SICILIA,"PALMARIN MOSE'",PALM10,"PALMARIN MOSE'",PALM10,29.05.00,12.5,29.05.00,29.05.00,22,,Stock,1,,0,0,0,0,0,0,0,,0,0,,3000-12-31T00:00:00,2023-06-07T16:54:56.303,11,DECORAZIONE,37,"Accessori e Decorazioni da Appoggio",,,ICON,,Array,,,
30796,22625137,0,307963,"oggetto decorativo pigna dipinta a mano nera h20cm",POLVEND1,SICILIA,"PALMARIN MOSE'",PALM10,"PALMARIN MOSE'",PALM10,29.05.00,12.5,29.05.00,29.05.00,22,,Stock,1,,0,0,0,0,0,0,0,,0,0,,3000-12-31T00:00:00,2023-06-07T16:55:25.437,11,DECORAZIONE,37,"Accessori e Decorazioni da Appoggio",,,LAB,,Array,,,
30797,22625144,0,307970,"scultura porta vaso dipinta a mano multicolor h38cm",POLVEND1,SICILIA,"PALMARIN MOSE'",PALM10,"PALMARIN MOSE'",PALM10,163.11.00,65,163.11.00,163.11.00,22,,Stock,1,,0,0,0,0,0,0,0,,0,0,,3000-12-31T00:00:00,2023-06-07T16:55:54.503,11,DECORAZIONE,37,"Accessori e Decorazioni da Appoggio",,,ICON,,Array,,,
30798,22625151,0,307987,"oggetto decorativo ippopotamo dipinto a mano colore oro l80cm",POLVEND1,HYPPO,"PALMARIN MOSE'",PALM10,"PALMARIN MOSE'",PALM10,241.8,105,241.8,241.8,22,,Stock,1,,0,0,0,0,0,0,0,,0,0,,3000-12-31T00:00:00,2023-06-07T16:56:21.6,11,DECORAZIONE,37,"Accessori e Decorazioni da Appoggio",,,LAB,,Array,,,
30799,22625168,0,307994,"scultura porta vaso dipinta a mano multi h40cm",POLVEND1,SICILIA,"PALMARIN MOSE'",PALM10,"PALMARIN MOSE'",PALM10,163.11.00,65,163.11.00,163.11.00,22,,Stock,1,,0,0,0,0,0,0,0,,0,0,,3000-12-31T00:00:00,2023-06-07T16:56:48.157,11,DECORAZIONE,37,"Accessori e Decorazioni da Appoggio",,,ICON,,Array,,,
30800,22625175,0,308007,"scultura porta vaso dipinta a mano nera oro h38cm",POLVEND1,"I MORI","PALMARIN MOSE'",PALM10,"PALMARIN MOSE'",PALM10,163.11.00,65,163.11.00,163.11.00,22,,Stock,1,,0,0,0,0,0,0,0,,0,0,,3000-12-31T00:00:00,2023-06-07T16:57:13.133,11,DECORAZIONE,37,"Accessori e Decorazioni da Appoggio",,,ICON,,Array,,,
30801,22625182,0,308014,"scultura porta vaso dipinta a mano nera oro h40cm",POLVEND1,"I MORI","PALMARIN MOSE'",PALM10,"PALMARIN MOSE'",PALM10,163.11.00,65,163.11.00,163.11.00,22,,Stock,1,,0,0,0,0,0,0,0,,0,0,,3000-12-31T00:00:00,2023-06-07T16:57:43.06,11,DECORAZIONE,37,"Accessori e Decorazioni da Appoggio",,,ICON,,Array,,,
30817,22625267,0,1804707000085,"plaid mostarda 100%poly rhum 120x180cm",POLVEND1,BOSTON,"CALMA HOUSE SL",CALM01,"CALMA HOUSE SL",CALM01,24.55.00,11.12,24.55.00,24.55.00,22,,Stock,1,,0,0,0,0,0,0,0,,0,0,,3000-12-31T00:00:00,2023-06-08T11:59:12.073,9,TESSILE,14,"Coperte, Copriletti e Plaid",,,RAW,,Array,,,
30818,22625274,0,2013912030070,"plaid mostarda 100%poly verde 120x180cm",POLVEND1,BOSTON,"CALMA HOUSE SL",CALM01,"CALMA HOUSE SL",CALM01,24.55.00,11.12,24.55.00,24.55.00,22,,Stock,1,,0,0,0,0,0,0,0,,0,0,,3000-12-31T00:00:00,2023-06-08T11:59:12.103,9,TESSILE,14,"Coperte, Copriletti e Plaid",,,RAW,,Array,,,
30819,22625335,0,2011533190173,"spugna bianca cotone  bordo nido d'ape 90x150cm",POLVEND1,PLUME,"CALMA HOUSE SL",CALM01,"CALMA HOUSE SL",CALM01,29.05.00,16.35,29.05.00,29.05.00,22,,Stock,1,,0,0,0,0,0,0,0,,0,0,,3000-12-31T00:00:00,2023-06-08T11:59:12.12,9,TESSILE,21,Spugna,,,BASIC,,Array,,,
30820,22625311,0,2012133670089,"spugna bianca cotone bordo nido d'ape 30x50",POLVEND1,PLUME,"CALMA HOUSE SL",CALM01,"CALMA HOUSE SL",CALM01,6.55,3.05,6.55,6.55,22,,Stock,1,,0,0,0,0,0,0,0,,0,0,,3000-12-31T00:00:00,2023-06-08T11:59:12.133,9,TESSILE,21,Spugna,,,BASIC,,Array,,,
30821,22625328,0,2010002380244,"spugna bianca cotone bordo nido d'ape 50x90cm",POLVEND1,PLUME,"CALMA HOUSE SL",CALM01,"CALMA HOUSE SL",CALM01,14.29,6.35,14.29,14.29,22,,Stock,1,,0,0,0,0,0,0,0,,0,0,,3000-12-31T00:00:00,2023-06-08T11:59:12.133,9,TESSILE,21,Spugna,,,BASIC,,Array,,,
30822,22625243,0,1804707000283,"cuscino sfoderabile 60x60cm 55%ct.30%lino 15%viscosa naturale",POLVEND1,LINEN,"CALMA HOUSE SL",CALM01,"CALMA HOUSE SL",CALM01,29.05.00,13.38,29.05.00,29.05.00,22,,Stock,1,,0,0,0,0,0,0,0,,0,0,,3000-12-31T00:00:00,2023-06-08T11:59:12.15,9,TESSILE,44,"Cuscini d'arredamento",,,FUSION,,Array,,,
30823,22625250,0,2011502380079,"cuscino sfoderabile 30x60cm 55%ct.30%lino 15%viscosa naturale",POLVEND1,LINEN,"CALMA HOUSE SL",CALM01,"CALMA HOUSE SL",CALM01,24.55.00,8.18,24.55.00,24.55.00,22,,Stock,1,,0,0,0,0,0,0,0,,0,0,,3000-12-31T00:00:00,2023-06-08T11:59:12.167,9,TESSILE,44,"Cuscini d'arredamento",,,FUSION,,Array,,,
30824,22625212,0,2013912010072,"cuscino 30x60cm sfoderabile 100% pelle scam senape",POLVEND1,BOSTON,"CALMA HOUSE SL",CALM01,"CALMA HOUSE SL",CALM01,37.24.00,15.21,37.24.00,37.24.00,22,,Stock,1,,0,0,0,0,0,0,0,,0,0,,3000-12-31T00:00:00,2023-06-08T11:59:12.183,9,TESSILE,44,"Cuscini d'arredamento",,,RAW,,Array,,,
30825,22625229,0,2013022010153,"cuscino 30x60cm sfoderabile 100% pelle scam verde",POLVEND1,BOSTON,"CALMA HOUSE SL",CALM01,"CALMA HOUSE SL",CALM01,37.24.00,15.21,37.24.00,37.24.00,22,,Stock,1,,0,0,0,0,0,0,0,,0,0,,3000-12-31T00:00:00,2023-06-08T11:59:12.183,9,TESSILE,44,"Cuscini d'arredamento",,,RAW,,Array,,,
30826,22625199,0,2013022010245,"cuscino sfoderabile 100% cotone naturale 30x60cm",POLVEND1,PLUME,"CALMA HOUSE SL",CALM01,"CALMA HOUSE SL",CALM01,20.45,8.05,20.45,20.45,22,,Stock,1,,0,0,0,0,0,0,0,,0,0,,3000-12-31T00:00:00,2023-06-08T11:59:12.197,9,TESSILE,44,"Cuscini d'arredamento",,,BASIC,,Array,,,
30827,22625205,0,2013022010290,"cuscino sfoderabile 100% cotone bianco 30x60cm",POLVEND1,PLUME,"CALMA HOUSE SL",CALM01,"CALMA HOUSE SL",CALM01,20.45,8.05,20.45,20.45,22,,Stock,1,,0,0,0,0,0,0,0,,0,0,,3000-12-31T00:00:00,2023-06-08T11:59:12.197,9,TESSILE,44,"Cuscini d'arredamento",,,BASIC,,Array,,,
30828,22625236,0,2012132740080,"cuscino 30x60cm sfoderabile 100% pelle scam rhum",POLVEND1,BOSTON,"CALMA HOUSE SL",CALM01,"CALMA HOUSE SL",CALM01,37.24.00,15.21,37.24.00,37.24.00,22,,Stock,1,,0,0,0,0,0,0,0,,0,0,,3000-12-31T00:00:00,2023-06-08T11:59:12.213,9,TESSILE,44,"Cuscini d'arredamento",,,RAW,,Array,,,
30829,22625304,0,2012133680088,"cuscino cotone naturale/nero 30x60cm",POLVEND1,COTTAGE,"CALMA HOUSE SL",CALM01,"CALMA HOUSE SL",CALM01,29.05.00,13.14,29.05.00,29.05.00,22,,Stock,1,,0,0,0,0,0,0,0,,0,0,,3000-12-31T00:00:00,2023-06-08T11:59:12.213,9,TESSILE,44,"Cuscini d'arredamento",,,BASIC,,Array,,,
30830,22625342,0,1804707002287,"cuscino sfoderabile 100% cotone naturale 60x60cm",POLVEND1,PLUME,"CALMA HOUSE SL",CALM01,"CALMA HOUSE SL",CALM01,29.05.00,11.04,29.05.00,29.05.00,22,,Stock,1,,0,0,0,0,0,0,0,,0,0,,3000-12-31T00:00:00,2023-06-08T11:59:12.23,9,TESSILE,44,"Cuscini d'arredamento",,,BASIC,,Array,,,
30831,22625359,0,1804707002041,"cuscino sfoderabile 100% cotone bianco 60x60cm",POLVEND1,PLUME,"CALMA HOUSE SL",CALM01,"CALMA HOUSE SL",CALM01,29.05.00,11.04,29.05.00,29.05.00,22,,Stock,1,,0,0,0,0,0,0,0,,0,0,,3000-12-31T00:00:00,2023-06-08T11:59:12.243,9,TESSILE,44,"Cuscini d'arredamento",,,BASIC,,Array,,,
30832,22625298,0,2011862010074,"tovaglietta cotone naturale /nera 35x50cm con frange",POLVEND1,COTTAGE,"CALMA HOUSE SL",CALM01,"CALMA HOUSE SL",CALM01,6.55,3.33,6.55,6.55,22,,Stock,1,,0,0,0,0,0,0,0,,0,0,,3000-12-31T00:00:00,2023-06-08T11:59:12.243,9,TESSILE,51,"Tovaglie,tovaglitte,tovaglioli",,,BASIC,,Array,,,
30833,22625281,0,2011532140179,"set 2 portaposate cotone nat nero/ con frange",POLVEND1,COTTAGE,"CALMA HOUSE SL",CALM01,"CALMA HOUSE SL",CALM01,11.01,4.09,11.01,11.01,22,,Stock,1,,0,0,0,0,0,0,0,,0,0,,3000-12-31T00:00:00,2023-06-08T11:59:12.26,9,TESSILE,51,"Tovaglie,tovaglitte,tovaglioli",,,BASIC,,Array,,,
30834,22625533,0,3664848240508,"tela  donna multicolor 100x140cm",POLVEND1,FREEDOM,"BLONDE ATTITUDE",BLON02,"BLONDE ATTITUDE",BLON02,122.13.00,47.16.00,122.13.00,122.13.00,22,,Stock,1,,0,0,0,0,0,0,0,,0,0,,3000-12-31T00:00:00,2023-06-09T09:37:45.493,11,DECORAZIONE,14,"Quadri incorniciati e Decorazioni a parete",,,FUSION,,Array,,,
30835,22625540,0,3664848245022,"tela donna africana 100x140cm",POLVEND1,WISE,"BLONDE ATTITUDE",BLON02,"BLONDE ATTITUDE",BLON02,122.13.00,47.16.00,122.13.00,122.13.00,22,,Stock,1,,0,0,0,0,0,0,0,,0,0,,3000-12-31T00:00:00,2023-06-09T09:37:45.557,11,DECORAZIONE,14,"Quadri incorniciati e Decorazioni a parete",,,FUSION,,Array,,,
30836,22625557,0,3664848245909,"tela dama 100x140 cm",POLVEND1,COLETTE,"BLONDE ATTITUDE",BLON02,"BLONDE ATTITUDE",BLON02,122.13.00,47.16.00,122.13.00,122.13.00,22,,Stock,1,,0,0,0,0,0,0,0,,0,0,,3000-12-31T00:00:00,2023-06-09T09:37:45.573,11,DECORAZIONE,14,"Quadri incorniciati e Decorazioni a parete",,,ICON,,Array,,,
30837,22625564,0,3664848246128,"tela donna moda 100x140cm",POLVEND1,STYLIST,"BLONDE ATTITUDE",BLON02,"BLONDE ATTITUDE",BLON02,122.13.00,47.16.00,122.13.00,122.13.00,22,,Stock,1,,0,0,0,0,0,0,0,,0,0,,3000-12-31T00:00:00,2023-06-09T09:37:45.587,11,DECORAZIONE,14,"Quadri incorniciati e Decorazioni a parete",,,ICON,,Array,,,
30838,22625571,0,3664848247866,"tela ritratto donna 100x140cm",POLVEND1,ETOILE,"BLONDE ATTITUDE",BLON02,"BLONDE ATTITUDE",BLON02,122.13.00,47.16.00,122.13.00,122.13.00,22,,Stock,1,,0,0,0,0,0,0,0,,0,0,,3000-12-31T00:00:00,2023-06-09T09:37:45.587,11,DECORAZIONE,14,"Quadri incorniciati e Decorazioni a parete",,,ICON,,Array,,,
30839,22625588,0,3664655304820,"quadro orso 100x140cm cornice rovere",POLVEND1,THEBEAR,"BLONDE ATTITUDE",BLON02,"BLONDE ATTITUDE",BLON02,163.11.00,65,163.11.00,163.11.00,22,,Stock,1,,0,0,0,0,0,0,0,,0,0,,3000-12-31T00:00:00,2023-06-09T09:37:45.603,11,DECORAZIONE,14,"Quadri incorniciati e Decorazioni a parete",,,RAW,,Array,,,
30840,22625595,0,3664848185298,"quadro donna sabbia 100x140cm cornice nera",POLVEND1,SABLE,"BLONDE ATTITUDE",BLON02,"BLONDE ATTITUDE",BLON02,163.11.00,65,163.11.00,163.11.00,22,,Stock,1,,0,0,0,0,0,0,0,,0,0,,3000-12-31T00:00:00,2023-06-09T09:37:45.62,11,DECORAZIONE,14,"Quadri incorniciati e Decorazioni a parete",,,FUSION,,Array,,,
30841,22625601,0,3664848185298,"quadro pappagallo riflessi oro 100x140cm",POLVEND1,GOLDISH,"BLONDE ATTITUDE",BLON02,"BLONDE ATTITUDE",BLON02,163.11.00,65,163.11.00,163.11.00,22,,Stock,1,,0,0,0,0,0,0,0,,0,0,,3000-12-31T00:00:00,2023-06-09T09:37:45.637,11,DECORAZIONE,14,"Quadri incorniciati e Decorazioni a parete",,,ICON,,Array,,,
25753,22497772,200,257534,"samsung-01 abbinata frigorifero 298l e lavastoviglie",POLVEND3,"OFFERTA SAMSUNG-01","MAS ELETTRODOMESTICI DA INCASSO SRL",MASE02,"MAS ELETTRODOMESTICI DA INCASSO SRL",MASE02,893.44.00,1010,893.44.00,893.44.00,22,,Riferimento,1,,0,0,0,0,0,0,0,,0,0,,2023-06-09T00:00:00,2023-06-09T15:27:21.663,4,CUCINE,14,Lavelli,,,BASIC,,Array,,,
30846,22625724,0,308465,"cuscino 53x53cm arancio idrorepellente anti-macchia",POLVEND1,LONDON,"ALORECASA DI MANTOVANI ORIETTA",ALOR01,"ALORECASA DI MANTOVANI ORIETTA",ALOR01,20.45,9,20.45,20.45,22,,Stock,1,,0,0,0,0,0,0,0,,0,0,,3000-12-31T00:00:00,2023-06-12T13:13:28.817,9,TESSILE,44,"Cuscini d'arredamento",,,BASIC,,Array,,,
30847,22625748,0,308472,"cuscino 53x53cm canapa idrorepellente anti-macchia",POLVEND1,LONDON,"ALORECASA DI MANTOVANI ORIETTA",ALOR01,"ALORECASA DI MANTOVANI ORIETTA",ALOR01,20.45,9,20.45,20.45,22,,Stock,1,,0,0,0,0,0,0,0,,0,0,,3000-12-31T00:00:00,2023-06-12T13:13:28.897,9,TESSILE,44,"Cuscini d'arredamento",,,BASIC,,Array,,,
30848,22625755,0,308489,"cuscino 40x60m arancio idrorepellente anti-macchia",POLVEND1,LONDON,"ALORECASA DI MANTOVANI ORIETTA",ALOR01,"ALORECASA DI MANTOVANI ORIETTA",ALOR01,20.45,8.7,20.45,20.45,22,,Stock,1,,0,0,0,0,0,0,0,,0,0,,3000-12-31T00:00:00,2023-06-12T13:13:28.91,9,TESSILE,44,"Cuscini d'arredamento",,,BASIC,,Array,,,
30849,22625762,0,308496,"cuscino 40x60cm canapa  idrorepellente anti-macchia",POLVEND1,LONDON,"ALORECASA DI MANTOVANI ORIETTA",ALOR01,"ALORECASA DI MANTOVANI ORIETTA",ALOR01,20.45,8.7,20.45,20.45,22,,Stock,1,,0,0,0,0,0,0,0,,0,0,,3000-12-31T00:00:00,2023-06-12T13:13:28.91,9,TESSILE,44,"Cuscini d'arredamento",,,BASIC,,Array,,,
30850,22625786,0,308502,"cuscino cilindro 20x60cm arancio idrorep anti-macchia",POLVEND1,LONDON,"ALORECASA DI MANTOVANI ORIETTA",ALOR01,"ALORECASA DI MANTOVANI ORIETTA",ALOR01,20.45,8,20.45,20.45,22,,Stock,1,,0,0,0,0,0,0,0,,0,0,,3000-12-31T00:00:00,2023-06-12T13:13:28.927,9,TESSILE,44,"Cuscini d'arredamento",,,BASIC,,Array,,,
30851,22625793,0,308519,"cuscino cilindro 20x60cm canapa idrorep anti-macchia",POLVEND1,LONDON,"ALORECASA DI MANTOVANI ORIETTA",ALOR01,"ALORECASA DI MANTOVANI ORIETTA",ALOR01,20.45,8,20.45,20.45,22,,Stock,1,,0,0,0,0,0,0,0,,0,0,,3000-12-31T00:00:00,2023-06-12T13:13:28.943,9,TESSILE,44,"Cuscini d'arredamento",,,BASIC,,Array,,,
30852,22625809,0,308526,"cuscino 40x60cm  multi ",POLVEND1,KIMONO,"ALORECASA DI MANTOVANI ORIETTA",ALOR01,"ALORECASA DI MANTOVANI ORIETTA",ALOR01,24.55.00,10,24.55.00,24.55.00,22,,Stock,1,,0,0,0,0,0,0,0,,0,0,,3000-12-31T00:00:00,2023-06-12T13:13:28.943,9,TESSILE,44,"Cuscini d'arredamento",,,FUSION,,Array,,,
30853,22625670,0,308533,"cuscino 30x50cm velluto avorio",POLVEND1,PARIS,"ALORECASA DI MANTOVANI ORIETTA",ALOR01,"ALORECASA DI MANTOVANI ORIETTA",ALOR01,16.35,6,16.35,16.35,22,,Stock,1,,0,0,0,0,0,0,0,,0,0,,3000-12-31T00:00:00,2023-06-12T13:13:28.957,9,TESSILE,44,"Cuscini d'arredamento",,,ICON,,Array,,,
30854,22625687,0,308540,"cuscino 40x60cm velluto canapa",POLVEND1,PARIS,"ALORECASA DI MANTOVANI ORIETTA",ALOR01,"ALORECASA DI MANTOVANI ORIETTA",ALOR01,20.45,8.7,20.45,20.45,22,,Stock,1,,0,0,0,0,0,0,0,,0,0,,3000-12-31T00:00:00,2023-06-12T13:13:28.973,9,TESSILE,44,"Cuscini d'arredamento",,,ICON,,Array,,,
30855,22625694,0,308557,"cuscino 53x53cm velluto tabacco",POLVEND1,PARIS,"ALORECASA DI MANTOVANI ORIETTA",ALOR01,"ALORECASA DI MANTOVANI ORIETTA",ALOR01,24.55.00,9,24.55.00,24.55.00,22,,Stock,1,,0,0,0,0,0,0,0,,0,0,,3000-12-31T00:00:00,2023-06-12T13:13:28.973,9,TESSILE,44,"Cuscini d'arredamento",,,ICON,,Array,,,
30856,22625700,0,308564,"cuscino 40x60cm velluto senape",POLVEND1,PARIS,"ALORECASA DI MANTOVANI ORIETTA",ALOR01,"ALORECASA DI MANTOVANI ORIETTA",ALOR01,20.45,8.7,20.45,20.45,22,,Stock,1,,0,0,0,0,0,0,0,,0,0,,3000-12-31T00:00:00,2023-06-12T13:13:28.99,9,TESSILE,44,"Cuscini d'arredamento",,,ICON,,Array,,,
30857,22625717,0,308571,"cuscino 40x60cm velluto ottanio",POLVEND1,PARIS,"ALORECASA DI MANTOVANI ORIETTA",ALOR01,"ALORECASA DI MANTOVANI ORIETTA",ALOR01,20.45,8.7,20.45,20.45,22,,Stock,1,,0,0,0,0,0,0,0,,0,0,,3000-12-31T00:00:00,2023-06-12T13:13:29.003,9,TESSILE,44,"Cuscini d'arredamento",,,ICON,,Array,,,
30858,22625731,0,308588,"cuscino 70x70cm nero idrorepellente anti-macchia",POLVEND1,LONDON,"ALORECASA DI MANTOVANI ORIETTA",ALOR01,"ALORECASA DI MANTOVANI ORIETTA",ALOR01,33.15.00,15,33.15.00,33.15.00,22,,Stock,1,,0,0,0,0,0,0,0,,0,0,,3000-12-31T00:00:00,2023-06-12T13:13:29.003,9,TESSILE,44,"Cuscini d'arredamento",,,RAW,,Array,,,
30859,22625779,0,308595,"cuscino cilindro 20x60cm nero idrorep anti-macchia",POLVEND1,LONDON,"ALORECASA DI MANTOVANI ORIETTA",ALOR01,"ALORECASA DI MANTOVANI ORIETTA",ALOR01,20.45,8,20.45,20.45,22,,Stock,1,,0,0,0,0,0,0,0,,0,0,,3000-12-31T00:00:00,2023-06-12T13:13:29.02,9,TESSILE,44,"Cuscini d'arredamento",,,RAW,,Array,,,
30863,22626141,200,308632,"piatto piano coloniale porcellana d.27cm",POLVEND1,SAUVAGE,"POZZI MILANO SPA",EASY03,"POZZI MILANO SPA",EASY03,0,5.01,11.01,11.01,22,,Stock,1,,0,0,0,0,0,0,0,,0,0,,2023-06-16T00:00:00,2023-06-16T10:01:11.45,10,CASALINGHI,41,Piatti,,,FUSION,,Array,,,
30864,22626158,200,308649,"piatto fondo coloniale porcellana d.22cm",POLVEND1,SAUVAGE,"POZZI MILANO SPA",EASY03,"POZZI MILANO SPA",EASY03,0,4.22,11.01,11.01,22,,Stock,1,,0,0,0,0,0,0,0,,0,0,,2023-06-16T00:00:00,2023-06-16T10:01:11.513,10,CASALINGHI,41,Piatti,,,FUSION,,Array,,,
30865,22626165,200,308656,"set 4 piatti piani coloniale multi porcellana d.20cm",POLVEND1,SAUVAGE,"POZZI MILANO SPA",EASY03,"POZZI MILANO SPA",EASY03,0,15,33.15.00,33.15.00,22,,Stock,1,,0,0,0,0,0,0,0,,0,0,,2023-06-16T00:00:00,2023-06-16T10:01:11.513,10,CASALINGHI,41,Piatti,,,FUSION,,Array,,,
30866,22626172,200,308663,"barattolo tisane metallo senape coloniale 11x11x11",POLVEND1,SAUVAGE,"POZZI MILANO SPA",EASY03,"POZZI MILANO SPA",EASY03,0,5.01,12.25,12.25,22,,Stock,1,,0,0,0,0,0,0,0,,0,0,,2023-06-16T00:00:00,2023-06-16T10:01:11.53,10,CASALINGHI,21,"Barattoli e contenitori",,,FUSION,,Array,,,
30867,22626189,200,308670,"contenitore te' metallo verde coloniale 21x16cm",POLVEND1,SAUVAGE,"POZZI MILANO SPA",EASY03,"POZZI MILANO SPA",EASY03,0,7.32,16.35,16.35,22,,Stock,1,,0,0,0,0,0,0,0,,0,0,,2023-06-16T00:00:00,2023-06-16T10:01:11.543,10,CASALINGHI,21,"Barattoli e contenitori",,,FUSION,,Array,,,
30868,22626196,200,308687,"set 20pz tovaglioli di carta coloniale 33x33cm",POLVEND1,SAUVAGE,"POZZI MILANO SPA",EASY03,"POZZI MILANO SPA",EASY03,0,2.12,4.09,4.09,22,,Stock,1,,0,0,0,0,0,0,0,,0,0,,2023-06-16T00:00:00,2023-06-16T10:01:11.56,10,CASALINGHI,48,"Tutto party",,,FUSION,,Array,,,
30869,22626202,200,308694,"set 2 tazze porcellana coloniale",POLVEND1,SAUVAGE,"POZZI MILANO SPA",EASY03,"POZZI MILANO SPA",EASY03,0,9.23,20.45,20.45,22,,Stock,1,,0,0,0,0,0,0,0,,0,0,,2023-06-16T00:00:00,2023-06-16T10:01:11.56,10,CASALINGHI,42,"Tazze(caffe',the,mug,colaz.)",,,FUSION,,Array,,,
30870,22626240,200,308700,"mug xl porcellana decoro oriente 600ml",POLVEND1,KYOTO,"POZZI MILANO SPA",EASY03,"POZZI MILANO SPA",EASY03,0,7.32,16.35,16.35,22,,Stock,1,,0,0,0,0,0,0,0,,0,0,,2023-06-16T00:00:00,2023-06-16T10:01:11.577,10,CASALINGHI,42,"Tazze(caffe',the,mug,colaz.)",,,FUSION,,Array,,,
30871,22626257,200,308717,"set 20pz tovaglioli di carta oriente 33x33cm",POLVEND1,KYOTO,"POZZI MILANO SPA",EASY03,"POZZI MILANO SPA",EASY03,0,2.12,4.09,4.09,22,,Stock,1,,0,0,0,0,0,0,0,,0,0,,2023-06-16T00:00:00,2023-06-16T10:01:11.593,10,CASALINGHI,48,"Tutto party",,,FUSION,,Array,,,
30872,22626264,200,308724,"vassoio con manici 50x35cm oriente",POLVEND1,KYOTO,"POZZI MILANO SPA",EASY03,"POZZI MILANO SPA",EASY03,0,9.23,24.55.00,24.55.00,22,,Stock,1,,0,0,0,0,0,0,0,,0,0,,2023-06-16T00:00:00,2023-06-16T10:01:11.607,10,CASALINGHI,49,"Accessori vari",,,FUSION,,Array,,,
30873,22626080,200,308731,"piatto piano d.27cm  porcellana arte",POLVEND1,PALACE,"POZZI MILANO SPA",EASY03,"POZZI MILANO SPA",EASY03,0,4.16,11.01,11.01,22,,Stock,1,,0,0,0,0,0,0,0,,0,0,,2023-06-16T00:00:00,2023-06-16T10:01:11.607,10,CASALINGHI,41,Piatti,,,ICON,,Array,,,
30874,22626097,200,308748,"piatto fondo d.22 cm porcellana arte",POLVEND1,PALACE,"POZZI MILANO SPA",EASY03,"POZZI MILANO SPA",EASY03,0,4.22,11.01,11.01,22,,Stock,1,,0,0,0,0,0,0,0,,0,0,,2023-06-16T00:00:00,2023-06-16T10:01:11.623,10,CASALINGHI,41,Piatti,,,ICON,,Array,,,
30875,22626103,200,308755,"piatto porcellana d.19 cm arte",POLVEND1,PALACE,"POZZI MILANO SPA",EASY03,"POZZI MILANO SPA",EASY03,0,4.24,8.19,8.19,22,,Stock,1,,0,0,0,0,0,0,0,,0,0,,2023-06-16T00:00:00,2023-06-16T10:01:11.64,10,CASALINGHI,41,Piatti,,,ICON,,Array,,,
30876,22626110,200,308762,"vassoio con manici 50x35cm arte",POLVEND1,PALACE,"POZZI MILANO SPA",EASY03,"POZZI MILANO SPA",EASY03,0,10.38,24.55.00,24.55.00,22,,Stock,1,,0,0,0,0,0,0,0,,0,0,,2023-06-16T00:00:00,2023-06-16T10:01:11.653,10,CASALINGHI,49,"Accessori vari",,,ICON,,Array,,,
30877,22626127,200,308779,"set 6 tazze 100mlcon piatto porcellana arte",POLVEND1,PALACE,"POZZI MILANO SPA",EASY03,"POZZI MILANO SPA",EASY03,0,17.1,41.34.00,41.34.00,22,,Stock,1,,0,0,0,0,0,0,0,,0,0,,2023-06-16T00:00:00,2023-06-16T10:01:11.653,10,CASALINGHI,42,"Tazze(caffe',the,mug,colaz.)",,,ICON,,Array,,,
30878,22626134,200,308786,"set diffusore ambiente essenza orientale",POLVEND1,KYOTO,"POZZI MILANO SPA",EASY03,"POZZI MILANO SPA",EASY03,0,9.23,24.55.00,24.55.00,22,,Stock,1,,0,0,0,0,0,0,0,,0,0,,2023-06-16T00:00:00,2023-06-16T10:01:11.67,11,DECORAZIONE,42,"Profuma ambienti",,,ICON,,Array,,,
30879,22626219,200,308793,"set diffusore ambiente porcellana ess fiori d'arancio",POLVEND1,SICILY,"POZZI MILANO SPA",EASY03,"POZZI MILANO SPA",EASY03,0,9.23,24.55.00,24.55.00,22,,Stock,1,,0,0,0,0,0,0,0,,0,0,,2023-06-16T00:00:00,2023-06-16T10:01:11.687,11,DECORAZIONE,42,"Profuma ambienti",,,ICON,,Array,,,
30881,22626233,200,308816,"barattolo metallo sicilia 14x14x15cm",POLVEND1,SICILY,"POZZI MILANO SPA",EASY03,"POZZI MILANO SPA",EASY03,0,5.7,14.29,14.29,22,,Stock,1,,0,0,0,0,0,0,0,,0,0,,2023-06-16T00:00:00,2023-06-16T10:01:11.717,10,CASALINGHI,21,"Barattoli e contenitori",,,ICON,,Array,,,
30882,22626271,200,308823,"mug in porcellana verde oriente 360ml",POLVEND1,HANOI,"POZZI MILANO SPA",EASY03,"POZZI MILANO SPA",EASY03,0,4.22,11.01,11.01,22,,Stock,1,,0,0,0,0,0,0,0,,0,0,,2023-06-16T00:00:00,2023-06-16T10:01:11.717,10,CASALINGHI,42,"Tazze(caffe',the,mug,colaz.)",,,ICON,,Array,,,
30883,22626288,200,308830,"set 20pz tovaglioli di carta  verde oriente 33x33cm",POLVEND1,HANOI,"POZZI MILANO SPA",EASY03,"POZZI MILANO SPA",EASY03,0,2.12,4.09,4.09,22,,Stock,1,,0,0,0,0,0,0,0,,0,0,,2023-06-16T00:00:00,2023-06-16T10:01:11.733,10,CASALINGHI,48,"Tutto party",,,ICON,,Array,,,
30884,22626295,200,308847,"set12pz 6tazze+6piatti porcellana multidecoro ",POLVEND1,JAIPUR,"POZZI MILANO SPA",EASY03,"POZZI MILANO SPA",EASY03,0,18.32,41.34.00,41.34.00,22,,Stock,1,,0,0,0,0,0,0,0,,0,0,,2023-06-16T00:00:00,2023-06-16T10:01:11.747,10,CASALINGHI,42,"Tazze(caffe',the,mug,colaz.)",,,ICON,,Array,,,
30885,22626301,200,308854,"tisaniera porcellana  con filtro acciaio blu orientale",POLVEND1,JAPAN,"POZZI MILANO SPA",EASY03,"POZZI MILANO SPA",EASY03,0,7.32,16.35,16.35,22,,Stock,1,,0,0,0,0,0,0,0,,0,0,,2023-06-16T00:00:00,2023-06-16T10:01:11.763,10,CASALINGHI,42,"Tazze(caffe',the,mug,colaz.)",,,ICON,,Array,,,
30886,22626318,200,308861,"set 20pz tovaglioli di carta blu oriente 33x33cm",POLVEND1,JAPAN,"POZZI MILANO SPA",EASY03,"POZZI MILANO SPA",EASY03,0,2.12,4.09,4.09,22,,Stock,1,,0,0,0,0,0,0,0,,0,0,,2023-06-16T00:00:00,2023-06-16T10:01:11.763,10,CASALINGHI,48,"Tutto party",,,ICON,,Array,,,
30887,22625977,200,308878,"piatto piano d.27 bco pois neri cer dipinto a mano",POLVEND1,MIX&MATCH,"POZZI MILANO SPA",EASY03,"POZZI MILANO SPA",EASY03,0,4.24,11.01,11.01,22,,Stock,1,,0,0,0,0,0,0,0,,0,0,,2023-06-16T00:00:00,2023-06-16T10:01:11.78,10,CASALINGHI,41,Piatti,,,LAB,,Array,,,
30888,22625984,200,308885,"piatto dess d. 21 pois neri ceram dipinto a mano",POLVEND1,MIX&MATCH,"POZZI MILANO SPA",EASY03,"POZZI MILANO SPA",EASY03,0,3.45,8.19,8.19,22,,Stock,1,,0,0,0,0,0,0,0,,0,0,,2023-06-16T00:00:00,2023-06-16T10:01:11.797,10,CASALINGHI,41,Piatti,,,LAB,,Array,,,
30889,22625991,200,308892,"ciotola ceramica d.12 righe nere dipinta a mano",POLVEND1,MIX&MATCH,"POZZI MILANO SPA",EASY03,"POZZI MILANO SPA",EASY03,0,3.07,6.55,6.55,22,,Stock,1,,0,0,0,0,0,0,0,,0,0,,2023-06-16T00:00:00,2023-06-16T10:01:11.797,10,CASALINGHI,43,"Insalatiere e ciotole",,,LAB,,Array,,,
30890,22626004,200,308908,"piatto fdo ceram righe nere d.22 dipinto a mano",POLVEND1,MIX&MATCH,"POZZI MILANO SPA",EASY03,"POZZI MILANO SPA",EASY03,0,4.04,8.19,8.19,22,,Stock,1,,0,0,0,0,0,0,0,,0,0,,2023-06-16T00:00:00,2023-06-16T10:01:11.81,10,CASALINGHI,41,Piatti,,,LAB,,Array,,,
30891,22626011,200,308915,"piatto piano d.27 palma verde ceram dipinto a mano",POLVEND1,MIX&MATCH,"POZZI MILANO SPA",EASY03,"POZZI MILANO SPA",EASY03,0,4.24,11.01,11.01,22,,Stock,1,,0,0,0,0,0,0,0,,0,0,,2023-06-16T00:00:00,2023-06-16T10:01:11.827,10,CASALINGHI,41,Piatti,,,LAB,,Array,,,
30892,22626028,200,308922,"piatto dess d. 21 palma verde ceram dipinto a mano",POLVEND1,MIX&MATCH,"POZZI MILANO SPA",EASY03,"POZZI MILANO SPA",EASY03,0,3.45,8.19,8.19,22,,Stock,1,,0,0,0,0,0,0,0,,0,0,,2023-06-16T00:00:00,2023-06-16T10:01:11.827,10,CASALINGHI,41,Piatti,,,LAB,,Array,,,
30893,22626035,200,308939,"ciotola ceramica d.12 righe verdi dipinta a mano",POLVEND1,MIX&MATCH,"POZZI MILANO SPA",EASY03,"POZZI MILANO SPA",EASY03,0,3.07,6.55,6.55,22,,Stock,1,,0,0,0,0,0,0,0,,0,0,,2023-06-16T00:00:00,2023-06-16T10:01:11.843,10,CASALINGHI,43,"Insalatiere e ciotole",,,LAB,,Array,,,
30894,22626042,200,308946,"piatto piano d.27cm righe rosse ceram dip a mano",POLVEND1,MIX&MATCH,"POZZI MILANO SPA",EASY03,"POZZI MILANO SPA",EASY03,0,4.24,11.01,11.01,22,,Stock,1,,0,0,0,0,0,0,0,,0,0,,2023-06-16T00:00:00,2023-06-16T10:01:11.857,10,CASALINGHI,41,Piatti,,,LAB,,Array,,,
30895,22626059,200,308953,"piatto dess d. 21 cm righe rosse ceram dip a mano",POLVEND1,MIX&MATCH,"POZZI MILANO SPA",EASY03,"POZZI MILANO SPA",EASY03,0,3.45,8.19,8.19,22,,Stock,1,,0,0,0,0,0,0,0,,0,0,,2023-06-16T00:00:00,2023-06-16T10:01:11.857,10,CASALINGHI,41,Piatti,,,LAB,,Array,,,
30896,22626066,200,308960,"ciotola ceramica d.12 righe rosse  dipinta a mano",POLVEND1,MIX&MATCH,"POZZI MILANO SPA",EASY03,"POZZI MILANO SPA",EASY03,0,3.07,6.55,6.55,22,,Stock,1,,0,0,0,0,0,0,0,,0,0,,2023-06-16T00:00:00,2023-06-16T10:01:11.873,10,CASALINGHI,43,"Insalatiere e ciotole",,,LAB,,Array,,,
30897,22626073,200,308977,"piatto fdo ceram righe rosse d.22 dipinto a mano",POLVEND1,MIX&MATCH,"POZZI MILANO SPA",EASY03,"POZZI MILANO SPA",EASY03,0,4.04,8.19,8.19,22,,Stock,1,,0,0,0,0,0,0,0,,0,0,,2023-06-16T00:00:00,2023-06-16T10:01:11.89,10,CASALINGHI,41,Piatti,,,LAB,,Array,,,
30898,22626325,200,308984,"set 2 tazze porcellana  300ml",POLVEND1,POKER,"POZZI MILANO SPA",EASY03,"POZZI MILANO SPA",EASY03,0,9.14,24.55.00,24.55.00,22,,Stock,1,,0,0,0,0,0,0,0,,0,0,,2023-06-16T00:00:00,2023-06-16T10:01:11.89,10,CASALINGHI,42,"Tazze(caffe',the,mug,colaz.)",,,LAB,,Array,,,
30899,22626332,200,308991,"mug xl porcellana 600ml",POLVEND1,POKER,"POZZI MILANO SPA",EASY03,"POZZI MILANO SPA",EASY03,0,7.32,16.35,16.35,22,,Stock,1,,0,0,0,0,0,0,0,,0,0,,2023-06-16T00:00:00,2023-06-16T10:01:11.903,10,CASALINGHI,42,"Tazze(caffe',the,mug,colaz.)",,,LAB,,Array,,,
30900,22626349,200,309004,"set 20pz tovaglioli di carta  33x33cm",POLVEND1,POKER,"POZZI MILANO SPA",EASY03,"POZZI MILANO SPA",EASY03,0,2.12,4.09,4.09,22,,Stock,1,,0,0,0,0,0,0,0,,0,0,,2023-06-16T00:00:00,2023-06-16T10:01:11.903,10,CASALINGHI,48,"Tutto party",,,LAB,,Array,,,
30901,22626356,0,8003512791376,"piatto dessert porcellana bca decoro nero d.22cm",POLVEND1,"NEW ENGLAND","PENGO SPA",PENG02,"PENGO SPA",PENG02,0,4.3,11.01,11.01,22,,Stock,1,,0,0,0,0,0,0,0,,0,0,,3000-12-31T00:00:00,2023-06-16T11:46:56.677,10,CASALINGHI,41,Piatti,,,ICON,,Array,,,
30902,22626363,0,8003512791352,"piatto piano porcellana bca decoro nero d.27cm",POLVEND1,"NEW ENGLAND","PENGO SPA",PENG02,"PENGO SPA",PENG02,0,5,12.25,12.25,22,,Stock,1,,0,0,0,0,0,0,0,,0,0,,3000-12-31T00:00:00,2023-06-16T11:46:56.707,10,CASALINGHI,41,Piatti,,,ICON,,Array,,,
30903,22626370,0,8003512791369,"piatto fondo porcellana bca decoro nero d.24cm",POLVEND1,"NEW ENGLAND","PENGO SPA",PENG02,"PENGO SPA",PENG02,0,4.3,11.01,11.01,22,,Stock,1,,0,0,0,0,0,0,0,,0,0,,3000-12-31T00:00:00,2023-06-16T11:46:56.723,10,CASALINGHI,41,Piatti,,,ICON,,Array,,,
30904,22626387,0,8003512791390,"insaltiera porcellana decoro nero d.24cm",POLVEND1,"NEW ENGLAND","PENGO SPA",PENG02,"PENGO SPA",PENG02,0,11,29.05.00,29.05.00,22,,Stock,1,,0,0,0,0,0,0,0,,0,0,,3000-12-31T00:00:00,2023-06-16T11:46:56.723,10,CASALINGHI,41,Piatti,,,ICON,,Array,,,
30905,22626394,0,8003512791406,"tazza te' piattino porcellana bca decoro nero",POLVEND1,"NEW ENGLAND","PENGO SPA",PENG02,"PENGO SPA",PENG02,0,5.3,12.25,12.25,22,,Stock,1,,0,0,0,0,0,0,0,,0,0,,3000-12-31T00:00:00,2023-06-16T11:46:56.74,10,CASALINGHI,42,"Tazze(caffe',the,mug,colaz.)",,,ICON,,Array,,,
30880,22626226,200,308809,"tovaglietta americana polipropilene 45x30cm",POLVEND1,SICILY,"POZZI MILANO SPA",EASY03,"POZZI MILANO SPA",EASY03,0,2.12,4.09,4.09,22,,Stock,1,,0,0,0,0,0,0,0,,0,0,,2023-06-16T00:00:00,2023-06-16T11:49:01.48,9,TESSILE,51,"Tovaglie,tovaglitte,tovaglioli",,,ICON,,Array,,,
27296,22155900,0,8020908080234,"tappeto viscosa cm.200x300 cioccolato-senape",POLVEND1,STONE,"SOBEL SAS",SOBE01,"SOBEL SAS",SOBE01,130.33.00,60.34.00,130.33.00,130.33.00,22,,Stock,1,,0,0,0,0,0,0,0,,0,0,,3000-12-31T00:00:00,2023-06-16T16:08:56.65,8,TAPPETI,16,"Tappeti viscosa, microfibra e ciniglia",,,ICON,,Array,,,
30907,22294906,0,309073,"comodino 1 cassetto 50x40h31 cerro massicio antique",POLVEND2,LOMBOK,"OLIVER B. SRL",OLIV09,"OLIVER B. SRL",OLIV09,0,159.08.00,320.07.00,320.07.00,22,,Stock,1,,0,0,0,0,0,0,0,,0,0,,3000-12-31T00:00:00,2023-06-16T17:03:26.347,3,CAMERE,13,Comodini,,,BASIC,,Array,,,
30908,22294913,0,309080,"como' 6 cassetti 140x50h74,6 cerro massiccio antique",POLVEND2,LOMBOK,"OLIVER B. SRL",OLIV09,"OLIVER B. SRL",OLIV09,0,642.47.00,1221.31.00,1221.31.00,22,,Stock,1,,0,0,0,0,0,0,0,,0,0,,3000-12-31T00:00:00,2023-06-16T17:03:26.363,3,CAMERE,14,Cassettiere,,,BASIC,,Array,,,
30909,22294890,0,309097,"letto sommier queen 191x231h33 cerro massiccio antique",POLVEND2,LOMBOK,"OLIVER B. SRL",OLIV09,"OLIVER B. SRL",OLIV09,0,529.34.00,984.01.00,984.01.00,22,,Stock,1,,0,0,0,0,0,0,0,,0,0,,3000-12-31T00:00:00,2023-06-16T17:04:21.007,3,CAMERE,11,Letti,,,BASIC,,Array,,,
